1	Idealerweise	_	Idealerweise	_	ADV	_	_	0	14	_	MO	_	_
2	haben	_	haben	_	VAFIN	_	pl|3|pres|ind	0	0	_	--	_	_
3	Sie	_	sie	_	PPER	_	nom|pl|*|3	0	2	_	SB	_	_
4	eine	_	ein	_	ART	_	acc|sg|fem	0	5	_	NK	_	_
5	Ausbildung	_	Ausbildung	_	NN	_	acc|sg|fem	0	14	_	OA	_	_
6	als	_	als	_	APPR	_	_	0	5	_	MNR	_	_
7	Metallbauer_in	_	Metallbauer_in	_	NN	_	nom|sg|fem	0	6	_	NK	_	_
8	bzw.	_	bzw.	_	KON	_	_	0	7	_	CD	_	_
9	Konstruktionsmechaniker_in	_	Konstruktionsmechaniker_in	_	NN	_	nom|sg|fem	0	8	_	CJ	_	_
10	oder	_	oder	_	KON	_	_	0	5	_	CD	_	_
11	einem	_	ein	_	ART	_	dat|sg|masc	0	13	_	NK	_	_
12	artverwandten	_	artverwandt	_	ADJA	_	dat|sg|masc|pos	0	13	_	NK	_	_
13	Beruf	_	Beruf	_	NN	_	dat|sg|masc	0	10	_	CJ	_	_
14	abgeschlossen	_	abschließen	_	VVPP	_	_	0	2	_	OC	_	_
15	und	_	und	_	KON	_	_	0	2	_	CD	_	_
16	verfügen	_	verfügen	_	VVFIN	_	pl|3|pres|ind	0	15	_	CJ	_	_
17	bereits	_	bereits	_	ADV	_	_	0	16	_	MO	_	_
18	über	_	über	_	APPR	_	_	0	16	_	OP	_	_
19	eine	_	ein	_	ART	_	acc|sg|fem	0	21	_	NK	_	_
20	gewisse	_	gewiß	_	ADJA	_	acc|sg|fem|pos	0	21	_	NK	_	_
21	Berufserfahrung	_	Berufserfahrung	_	NN	_	acc|sg|fem	0	18	_	NK	_	_
22	.	_	--	_	$.	_	_	0	21	_	--	_	_
													
1	Staplerschein	_	Staplerschein	_	NN	_	nom|sg|masc	0	8	_	SB	_	_
2	0	_	--	_	$,	_	_	0	1	_	--	_	_
3	Kranerfahrung	_	Kranerfahrung	_	NN	_	nom|sg|masc	0	1	_	CJ	_	_
4	sowie	_	sowie	_	KON	_	_	0	3	_	CD	_	_
5	Erfahrung	_	Erfahrung	_	NN	_	dat|sg|fem	0	4	_	CJ	_	_
6	mit	_	mit	_	APPR	_	_	0	5	_	MNR	_	_
7	Stahl	_	Stahl	_	NN	_	dat|sg|neut	0	6	_	NK	_	_
8	sind	_	sein	_	VAFIN	_	pl|3|pres|ind	0	0	_	--	_	_
9	wünschenswert	_	wünschenswert	_	ADJD	_	pos	0	8	_	PD	_	_
10	.	_	--	_	$.	_	_	0	9	_	--	_	_
													
1	Eine	_	ein	_	ART	_	nom|sg|fem	0	3	_	NK	_	_
2	abgeschlossene	_	abgeschlossen	_	ADJA	_	nom|sg|fem|pos	0	3	_	NK	_	_
3	Berufsausbildung	_	Berufsausbildung	_	NN	_	nom|sg|fem	0	4	_	SB	_	_
4	ist	_	sein	_	VAFIN	_	sg|3|pres|ind	0	0	_	--	_	_
5	nicht	_	nicht	_	PTKNEG	_	_	0	4	_	NG	_	_
6	erforderlich	_	erforderlich	_	ADJD	_	pos	0	4	_	PD	_	_
7	.	_	--	_	$.	_	_	0	6	_	--	_	_
													
1	Neben	_	neben	_	APPR	_	_	0	6	_	MO	_	_
2	Engagement	_	Engagement	_	NN	_	pos	0	1	_	NK	_	_
3	bei	_	bei	_	APPR	_	_	0	2	_	MNR	_	_
4	der	_	der	_	ART	_	dat|sg|fem	0	5	_	NK	_	_
5	Arbeit	_	Arbeit	_	NN	_	dat|sg|fem	0	3	_	NK	_	_
6	hoffen	_	hoffen	_	VVFIN	_	pl|1|pres|ind	0	0	_	--	_	_
7	wir	_	wir	_	PPER	_	nom|pl|*|1	0	6	_	SB	_	_
8	auf	_	auf	_	APPR	_	_	0	6	_	OP	_	_
9	gute	_	gut	_	ADJA	_	acc|pl|neut	0	10	_	NK	_	_
10	Deutschkenntnisse	_	Deutschkenntnis	_	NN	_	acc|pl|neut	0	8	_	NK	_	_
11	.	_	--	_	$.	_	_	0	10	_	--	_	_
													
1	Falls	_	falls	_	KOUS	_	_	0	12	_	CP	_	_
2	Sie	_	sie	_	PPER	_	nom|sg|fem|3	0	12	_	SB	_	_
3	eine	_	ein	_	ART	_	acc|sg|fem	0	5	_	NK	_	_
4	abgeschlossene	_	abgeschlossen	_	ADJA	_	acc|sg|fem|pos	0	5	_	NK	_	_
5	Berufsausbildung	_	Berufsausbildung	_	NN	_	acc|sg|fem	0	12	_	OA	_	_
6	als	_	als	_	APPR	_	_	0	5	_	MNR	_	_
7	Fleischereifachverkäufer(in	_	Fleischereifachverkäufer(in	_	NN	_	nom|sg|neut	0	6	_	NK	_	_
8	)	_	--	_	$(	_	_	0	7	_	--	_	_
9	oder	_	oder	_	KON	_	_	0	5	_	CD	_	_
10	einschlägige	_	einschlägig	_	ADJA	_	acc|pl|*	0	11	_	NK	_	_
11	Berufserfahrung	_	Berufserfahrung	_	NN	_	acc|pl|*	0	9	_	CJ	_	_
12	mitbringen	_	mitbringen	_	VVINF	_	_	0	24	_	MO	_	_
13	und	_	und	_	KON	_	_	0	12	_	CD	_	_
14	Kenntnisse	_	Kenntnis	_	NN	_	acc|pl|neut	0	22	_	OA	_	_
15	im	_	in	_	APPRART	_	dat|sg|masc	0	22	_	MO	_	_
16	Bereich	_	Bereich	_	NN	_	dat|sg|masc	0	15	_	NK	_	_
17	Feinkost-	_	Feinkost	_	TRUNC	_	_	0	19	_	CJ	_	_
18	0	_	--	_	$,	_	_	0	17	_	--	_	_
19	Imbiss-	_	Imbis	_	TRUNC	_	_	0	16	_	NK	_	_
20	0	_	--	_	$,	_	_	0	19	_	--	_	_
21	Käsetheke	_	Käsetheke	_	NN	_	_	0	22	_	OA	_	_
22	haben	_	haben	_	VAFIN	_	_	0	13	_	CJ	_	_
23	0	_	--	_	$,	_	_	0	22	_	--	_	_
24	freuen	_	freuen	_	VVFIN	_	pl|1|pres|ind	0	0	_	--	_	_
25	wir	_	wir	_	PPER	_	nom|pl|*|1	0	24	_	SB	_	_
26	uns	_	uns	_	PRF	_	acc|pl|1	0	24	_	OA	_	_
27	auf	_	auf	_	APPR	_	_	0	24	_	MO	_	_
28	Ihre	_	ihr	_	PPOSAT	_	acc|sg|fem	0	29	_	NK	_	_
29	Bewerbung	_	Bewerbung	_	NN	_	acc|sg|fem	0	27	_	NK	_	_
30	.	_	--	_	$.	_	_	0	29	_	--	_	_
													
1	Ideal	_	Ideal	_	ADJD	_	nom|sg|neut	0	2	_	PD	_	_
2	wäre	_	sein	_	VAFIN	_	sg|3|past|subj	0	0	_	--	_	_
3	eine	_	ein	_	ART	_	nom|sg|fem	0	5	_	NK	_	_
4	abgeschlossene	_	abgeschlossen	_	ADJA	_	nom|sg|fem|pos	0	5	_	NK	_	_
5	Berufsausbildung	_	Berufsausbildung	_	NN	_	nom|sg|fem	0	2	_	SB	_	_
6	als	_	als	_	APPR	_	_	0	5	_	MNR	_	_
7	Tischler	_	Tischler	_	NN	_	nom|sg|fem	0	6	_	NK	_	_
8	oder	_	oder	_	KON	_	_	0	7	_	CD	_	_
9	Schreiner	_	Schreiner	_	NN	_	nom|sg|masc	0	8	_	CJ	_	_
10	.	_	--	_	$.	_	_	0	9	_	--	_	_
													
1	Berufserfahrung	_	Berufserfahrung	_	NN	_	nom|sg|fem	0	8	_	SB	_	_
2	im	_	in	_	APPRART	_	dat|sg|neut	0	1	_	MNR	_	_
3	Montieren	_	montier	_	NN	_	dat|sg|neut	0	2	_	NK	_	_
4	von	_	von	_	APPR	_	_	0	3	_	PG	_	_
5	Fenstern	_	Fenster	_	NN	_	dat|pl|neut	0	4	_	NK	_	_
6	und	_	und	_	KON	_	_	0	5	_	CD	_	_
7	Türen	_	Tür	_	NN	_	dat|pl|masc	0	6	_	CJ	_	_
8	ist	_	sein	_	VAFIN	_	sg|3|pres|ind	0	0	_	--	_	_
9	erforderlich	_	erforderlich	_	ADJD	_	pos	0	8	_	PD	_	_
10	.	_	--	_	$.	_	_	0	9	_	--	_	_
													
1	Kundenorientierung	_	Kundenorientierung	_	NN	_	nom|sg|fem	0	15	_	SB	_	_
2	0	_	--	_	$,	_	_	0	1	_	--	_	_
3	Teamfähigkeit	_	Teamfähigkeit	_	NN	_	nom|sg|fem	0	1	_	CJ	_	_
4	sowie	_	sowie	_	KON	_	_	0	3	_	CD	_	_
5	Flexibilität	_	Flexibilität	_	NN	_	nom|sg|fem	0	4	_	CJ	_	_
6	und	_	und	_	KON	_	_	0	5	_	CD	_	_
7	ein	_	ein	_	ART	_	nom|sg|neut	0	9	_	NK	_	_
8	hohes	_	hoch	_	ADJA	_	nom|sg|neut	0	9	_	NK	_	_
9	Maß	_	Maß	_	NN	_	sg|3|past|ind	0	6	_	CJ	_	_
10	an	_	an	_	APPR	_	_	0	9	_	MNR	_	_
11	Freundlichkeit	_	Freundlichkeit	_	NN	_	dat|sg|fem	0	10	_	NK	_	_
12	gegenüber	_	gegenüber	_	APPR	_	_	0	11	_	MNR	_	_
13	unseren	_	unser	_	PPOSAT	_	dat|pl|masc	0	14	_	NK	_	_
14	Kunden	_	Kunde	_	NN	_	dat|pl|masc	0	12	_	NK	_	_
15	runden	_	rund	_	VVFIN	_	pl|3|pres|ind	0	0	_	--	_	_
16	Ihr	_	ihr	_	PPOSAT	_	acc|sg|neut	0	18	_	NK	_	_
17	ansprechendes	_	ansprechend	_	ADJA	_	acc|sg|neut|pos	0	18	_	NK	_	_
18	Profil	_	Profil	_	NN	_	acc|sg|neut	0	15	_	OA	_	_
19	ab	_	ab	_	PTKVZ	_	_	0	15	_	SVP	_	_
20	.	_	--	_	$.	_	_	0	19	_	--	_	_
													
1	Berufserfahrung	_	Berufserfahrung	_	NN	_	nom|sg|fem	0	7	_	SB	_	_
2	und	_	und	_	KON	_	_	0	1	_	CD	_	_
3	berufstypische	_	berufstypisch	_	ADJA	_	nom|pl|neut|pos	0	4	_	NK	_	_
4	Kenntnisse	_	Kenntnis	_	NN	_	nom|pl|neut	0	2	_	CJ	_	_
5	und	_	und	_	KON	_	_	0	4	_	CD	_	_
6	Fähigkeiten	_	Fähigkeit	_	NN	_	nom|pl|fem	0	5	_	CJ	_	_
7	sind	_	sein	_	VAFIN	_	pl|3|pres|ind	0	0	_	--	_	_
8	erwünscht	_	erwünscht	_	VVPP	_	pos	0	7	_	PD	_	_
9	.	_	--	_	$.	_	_	0	8	_	--	_	_
													
1	Sie	_	sie	_	PPER	_	nom|pl|*|3	0	2	_	SB	_	_
2	sollten	_	sollen	_	VMFIN	_	pl|3|past|ind	0	0	_	--	_	_
3	Erfahrung	_	Erfahrung	_	NN	_	acc|sg|fem	0	14	_	OA	_	_
4	in	_	in	_	APPR	_	_	0	3	_	MNR	_	_
5	den	_	der	_	ART	_	dat|pl|masc	0	6	_	NK	_	_
6	Bereichen	_	Bereich	_	NN	_	dat|pl|masc	0	4	_	NK	_	_
7	-	_	--	_	$(	_	_	0	6	_	--	_	_
8	Wärmedämmung	_	Wärmedämmung	_	NN	_	dat|sg|fem	0	6	_	APP	_	_
9	-	_	--	_	$(	_	_	0	8	_	--	_	_
10	Außenarbeiten	_	Außenarbeit	_	NN	_	nom|pl|fem	0	8	_	CJ	_	_
11	-	_	--	_	$(	_	_	0	10	_	--	_	_
12	und	_	und	_	KON	_	_	0	10	_	CD	_	_
13	Verputzen	_	verputzen	_	NN	_	_	0	12	_	CJ	_	_
14	haben	_	haben	_	VAINF	_	pl|3|pres|ind	0	2	_	OC	_	_
15	.	_	--	_	$.	_	_	0	14	_	--	_	_
													
1	Ideal	_	Ideal	_	ADJD	_	_	0	2	_	PD	_	_
2	ist	_	sein	_	VAFIN	_	sg|3|pres|ind	0	0	_	--	_	_
3	0	_	--	_	$,	_	_	0	2	_	--	_	_
4	wenn	_	wenn	_	KOUS	_	_	0	9	_	CP	_	_
5	Sie	_	sie	_	PPER	_	nom|sg|fem|3	0	9	_	SB	_	_
6	viel	_	viel	_	PIAT	_	*|*|*	0	8	_	NK	_	_
7	positive	_	positiv	_	ADJA	_	acc|pl|masc|pos	0	8	_	NK	_	_
8	Energie	_	Energie	_	NN	_	acc|pl|masc	0	9	_	OA	_	_
9	haben	_	haben	_	VAFIN	_	pl|3|pres|ind	0	2	_	MO	_	_
10	0	_	--	_	$,	_	_	0	9	_	--	_	_
11	gerne	_	gern	_	ADV	_	_	0	13	_	MO	_	_
12	Verantwortung	_	Verantwortung	_	NN	_	acc|sg|fem	0	13	_	OA	_	_
13	übernehmen	_	übernehmen	_	VVINF	_	_	0	1	_	OC	_	_
14	und	_	und	_	KON	_	_	0	13	_	CD	_	_
15	gerne	_	gerne	_	ADV	_	_	0	17	_	MO	_	_
16	Mitarbeiter	_	Mitarbeiter	_	NN	_	acc|pl|masc	0	17	_	OA	_	_
17	führen	_	führen	_	VVINF	_	_	0	14	_	CJ	_	_
18	.	_	--	_	$.	_	_	0	17	_	--	_	_
													
1	Kenntnisse	_	Kenntnis	_	NN	_	acc|pl|fem	0	4	_	OA	_	_
2	über	_	über	_	APPR	_	_	0	1	_	MNR	_	_
3	PV-Anlagen	_	PV-Anlage	_	NN	_	acc|pl|fem	0	2	_	NK	_	_
4	gewünscht	_	wünschen	_	VVPP	_	_	0	0	_	--	_	_
5	0	_	--	_	$,	_	_	0	4	_	--	_	_
6	aber	_	aber	_	KON	_	_	0	4	_	CD	_	_
7	nicht	_	nicht	_	PTKNEG	_	_	0	8	_	NG	_	_
8	Voraussetzung	_	Voraussetzung	_	NN	_	dat|sg|fem	0	6	_	CJ	_	_
9	.	_	--	_	$.	_	_	0	8	_	--	_	_
													
1	Erfahrung	_	Erfahrung	_	NN	_	nom|sg|fem	0	9	_	SB	_	_
2	im	_	in	_	APPRART	_	dat|sg|masc	0	1	_	MNR	_	_
3	Bereich	_	Bereich	_	NN	_	dat|sg|masc	0	2	_	NK	_	_
4	Wechselbrücken	_	Wechselbrück	_	NN	_	_	0	3	_	NK	_	_
5	0	_	--	_	$,	_	_	0	4	_	--	_	_
6	Hängerzüge	_	Hängerzug	_	NN	_	sg|2|imp	0	1	_	CJ	_	_
7	und	_	und	_	KON	_	_	0	6	_	CD	_	_
8	Sattelschlepper	_	Sattelschlepper	_	NN	_	nom|sg|masc|3	0	7	_	CJ	_	_
9	ist	_	sein	_	VAFIN	_	sg|3|pres|ind	0	0	_	--	_	_
10	erwünscht	_	erwünscht	_	VVPP	_	pos	0	9	_	PD	_	_
11	.	_	--	_	$.	_	_	0	10	_	--	_	_
													
1	Ein	_	ein	_	ART	_	nom|sg|neut	0	2	_	NK	_	_
2	ADR-Schein	_	ADR-Schein	_	NN	_	nom|sg|neut	0	3	_	SB	_	_
3	wäre	_	sein	_	VAFIN	_	sg|3|past|subj	0	0	_	--	_	_
4	von	_	von	_	APPR	_	_	0	3	_	MO	_	_
5	Vorteil	_	Vorteil	_	NN	_	_	0	4	_	NK	_	_
6	.	_	--	_	$.	_	_	0	5	_	--	_	_
													
1	Sie	_	sie	_	PPER	_	nom|pl|*|3	0	2	_	SB	_	_
2	sollten	_	sollen	_	VMFIN	_	pl|3|past|ind	0	0	_	--	_	_
3	Berufserfahrung	_	Berufserfahrung	_	NN	_	acc|sg|fem	0	4	_	OA	_	_
4	mitbringen	_	mitbringen	_	VVINF	_	_	0	2	_	OC	_	_
5	.	_	--	_	$.	_	_	0	4	_	--	_	_
													
1	Eine	_	ein	_	ART	_	nom|sg|fem	0	3	_	NK	_	_
2	abgeschlossen	_	abschließen	_	ADJA	_	_	0	3	_	NK	_	_
3	Ausbildung	_	Ausbildung	_	NN	_	nom|sg|fem	0	7	_	SB	_	_
4	in	_	in	_	APPR	_	_	0	3	_	MNR	_	_
5	diesem	_	dieser	_	PDAT	_	dat|sg|masc	0	6	_	NK	_	_
6	Bereich	_	Bereich	_	NN	_	dat|sg|masc	0	4	_	NK	_	_
7	ist	_	sein	_	VAFIN	_	sg|3|pres|ind	0	0	_	--	_	_
8	wünschenswert	_	wünschenswert	_	ADJD	_	pos	0	7	_	PD	_	_
9	0	_	--	_	$,	_	_	0	8	_	--	_	_
10	jedoch	_	jedoch	_	ADV	_	_	0	12	_	MO	_	_
11	nicht	_	nicht	_	PTKNEG	_	_	0	12	_	NG	_	_
12	Bedingung	_	Bedingung	_	NN	_	nom|sg|fem	0	7	_	CJ	_	_
13	.	_	--	_	$.	_	_	0	12	_	--	_	_
													
1	Aufgeschlossenes	_	aufgeschlossen	_	ADJA	_	nom|sg|neut|pos	0	4	_	NK	_	_
2	und	_	und	_	KON	_	_	0	1	_	CD	_	_
3	besucherfreundliches	_	besucherfreundlich	_	ADJA	_	acc|sg|neut|pos	0	2	_	CJ	_	_
4	Auftreten	_	auftreten	_	NN	_	acc|sg|neut	0	5	_	OA	_	_
5	setzen	_	setzen	_	VVFIN	_	pl|1|pres|ind	0	0	_	--	_	_
6	wir	_	wir	_	PPER	_	nom|pl|*|1	0	5	_	SB	_	_
7	voraus	_	voraus	_	PTKVZ	_	_	0	5	_	SVP	_	_
8	.	_	--	_	$.	_	_	0	7	_	--	_	_
													
1	Sie	_	sie	_	PPER	_	nom|pl|*|3	0	2	_	SB	_	_
2	sollten	_	sollen	_	VMFIN	_	pl|3|past|ind	0	0	_	--	_	_
3	bereits	_	bereits	_	ADV	_	_	0	2	_	MO	_	_
4	über	_	über	_	APPR	_	_	0	10	_	OP	_	_
5	erste	_	erster	_	ADJA	_	_	0	6	_	NK	_	_
6	Berufserfahrung	_	Berufserfahrung	_	NN	_	pos	0	4	_	NK	_	_
7	im	_	in	_	APPRART	_	dat|sg|neut	0	6	_	MNR	_	_
8	gastronomischen	_	gastronomisch	_	ADJA	_	dat|sg|neut|pos	0	9	_	NK	_	_
9	Bereich	_	Bereich	_	NN	_	dat|sg|neut	0	7	_	NK	_	_
10	verfügen	_	verfügen	_	VVFIN	_	_	0	2	_	OC	_	_
11	.	_	--	_	$.	_	_	0	10	_	--	_	_
													
1	Der	_	der	_	ART	_	nom|sg|masc	0	2	_	NK	_	_
2	Gesundheitspass	_	Gesundheitspass	_	NN	_	nom|sg|masc	0	3	_	SB	_	_
3	ist	_	sein	_	VAFIN	_	sg|3|pres|ind	0	0	_	--	_	_
4	zwingend	_	zwingend	_	ADJD	_	pos	0	5	_	MO	_	_
5	erforderlich	_	erforderlich	_	ADJD	_	pos	0	3	_	PD	_	_
6	.	_	--	_	$.	_	_	0	5	_	--	_	_
													
1	Eine	_	ein	_	ART	_	nom|sg|fem	0	2	_	NK	_	_
2	Ausbildung	_	Ausbildung	_	NN	_	nom|sg|fem	0	3	_	SB	_	_
3	ist	_	sein	_	VAFIN	_	sg|3|pres|ind	0	0	_	--	_	_
4	nicht	_	nicht	_	PTKNEG	_	_	0	3	_	NG	_	_
5	erforderlich	_	erforderlich	_	ADJD	_	pos	0	3	_	PD	_	_
6	0	_	--	_	$,	_	_	0	5	_	--	_	_
7	alle	_	aller	_	PIAT	_	nom|pl|*	0	8	_	NK	_	_
8	Tätigkeiten	_	Tätigkeit	_	NN	_	dat|pl|fem	0	9	_	SB	_	_
9	unterliegen	_	unterliegen	_	VVFIN	_	pl|3|pres|ind	0	3	_	CJ	_	_
10	Standards	_	Standard	_	NN	_	nom|pl|masc	0	9	_	OA	_	_
11	und	_	und	_	KON	_	_	0	9	_	CD	_	_
12	können	_	können	_	VMFIN	_	pl|3|pres|ind	0	11	_	CJ	_	_
13	leicht	_	leicht	_	ADJD	_	pos	0	14	_	MO	_	_
14	erlernt	_	erlernen	_	VVPP	_	_	0	15	_	OC	_	_
15	werden	_	werden	_	VAINF	_	_	0	12	_	OC	_	_
16	.	_	--	_	$.	_	_	0	15	_	--	_	_
													
1	Wir	_	wir	_	PPER	_	nom|pl|*|1	0	2	_	SB	_	_
2	setzen	_	setzen	_	VVFIN	_	pl|1|pres|ind	0	0	_	--	_	_
3	den	_	der	_	ART	_	acc|sg|masc	0	4	_	NK	_	_
4	Besitz	_	Besitz	_	NN	_	acc|sg|masc	0	2	_	OA	_	_
5	des	_	der	_	ART	_	gen|sg|masc	0	6	_	NK	_	_
6	Führerscheins	_	Führerschein	_	NN	_	gen|sg|masc	0	4	_	AG	_	_
7	der	_	der	_	ART	_	nom|sg|masc	0	8	_	NK	_	_
8	Klasse	_	Klasse	_	NN	_	nom|sg|masc	0	6	_	SB	_	_
9	CE	_	CE	_	NE	_	acc|sg|neut|3	0	8	_	NK	_	_
10	zwingend	_	zwingend	_	ADJD	_	pos	0	2	_	MO	_	_
11	voraus	_	voraus	_	PTKVZ	_	_	0	2	_	SVP	_	_
12	.	_	--	_	$.	_	_	0	11	_	--	_	_
													
1	Zuverlässigkeit	_	Zuverlässigkeit	_	NN	_	nom|sg|fem	0	2	_	SB	_	_
2	ist	_	sein	_	VAFIN	_	sg|3|pres|ind	0	0	_	--	_	_
3	zwingend	_	zwingend	_	ADJD	_	pos	0	4	_	MO	_	_
4	erforderlich	_	erforderlich	_	ADJD	_	pos	0	2	_	PD	_	_
5	.	_	--	_	$.	_	_	0	4	_	--	_	_
													
1	Sie	_	sie	_	PPER	_	nom|pl|*|3	0	2	_	SB	_	_
2	verfügen	_	verfügen	_	VVFIN	_	pl|3|pres|ind	0	0	_	--	_	_
3	über	_	über	_	APPR	_	_	0	2	_	OP	_	_
4	eine	_	ein	_	ART	_	acc|sg|fem	0	6	_	NK	_	_
5	ausgeprägte	_	ausgeprägt	_	ADJA	_	acc|sg|fem|pos	0	6	_	NK	_	_
6	Kundenorientierung	_	Kundenorientierung	_	NN	_	acc|sg|fem	0	3	_	NK	_	_
7	0	_	--	_	$,	_	_	0	6	_	--	_	_
8	sind	_	sein	_	VAFIN	_	pl|3|pres|ind	0	2	_	CJ	_	_
9	flexibel	_	flexibel	_	ADJD	_	pos	0	8	_	PD	_	_
10	und	_	und	_	KON	_	_	0	8	_	CD	_	_
11	bringen	_	bringen	_	VVFIN	_	_	0	10	_	CJ	_	_
12	idealerweise	_	idealerweise	_	ADV	_	sg|3|pres|subj	0	11	_	MO	_	_
13	bereits	_	bereits	_	ADV	_	_	0	11	_	MO	_	_
14	erste	_	erster	_	ADJA	_	acc|pl|fem|pos	0	15	_	NK	_	_
15	Erfahrungen	_	Erfahrung	_	NN	_	acc|pl|fem	0	11	_	OA	_	_
16	im	_	in	_	APPRART	_	dat|sg|masc	0	15	_	MNR	_	_
17	Einzelhandel	_	Einzelhandel	_	NN	_	dat|sg|masc	0	16	_	NK	_	_
18	mit	_	mit	_	PTKVZ	_	_	0	11	_	SVP	_	_
19	.	_	--	_	$.	_	_	0	18	_	--	_	_
													
1	Zudem	_	zudem	_	PROAV	_	_	0	2	_	MO	_	_
2	sind	_	sein	_	VAFIN	_	pl|3|pres|ind	0	0	_	--	_	_
3	Sie	_	sie	_	PPER	_	nom|pl|*|3	0	2	_	SB	_	_
4	absolut	_	absolut	_	ADJD	_	pos	0	5	_	MO	_	_
5	zuverlässig	_	zuverlässig	_	ADJD	_	pos	0	2	_	PD	_	_
6	0	_	--	_	$,	_	_	0	5	_	--	_	_
7	belastbar	_	belastbar	_	ADJD	_	pos	0	5	_	CJ	_	_
8	0	_	--	_	$,	_	_	0	7	_	--	_	_
9	arbeiten	_	arbeiten	_	VVFIN	_	pl|3|pres|ind	0	7	_	CJ	_	_
10	selbstständig	_	selbstständig	_	ADJD	_	pos	0	7	_	CJ	_	_
11	und	_	und	_	KON	_	_	0	2	_	CD	_	_
12	behalten	_	behalten	_	VVFIN	_	pl|3|pres|ind	0	11	_	CJ	_	_
13	auch	_	auch	_	ADV	_	_	0	14	_	MO	_	_
14	in	_	in	_	APPR	_	_	0	12	_	MO	_	_
15	Stresssituationen	_	Stresssituation	_	NN	_	dat|pl|fem	0	14	_	NK	_	_
16	den	_	der	_	ART	_	dat|pl|fem	0	17	_	NK	_	_
17	Überblick	_	Überblick	_	NN	_	dat|pl|fem|pos	0	12	_	DA	_	_
18	.	_	--	_	$.	_	_	0	17	_	--	_	_
													
1	Eine	_	ein	_	ART	_	nom|sg|fem	0	3	_	NK	_	_
2	abgeschlossene	_	abgeschlossen	_	ADJA	_	nom|sg|fem|pos	0	3	_	NK	_	_
3	Berufsausbildung	_	Berufsausbildung	_	NN	_	nom|sg|fem	0	7	_	SB	_	_
4	zur_m	_	zur_m	_	APPR	_	_	0	3	_	MNR	_	_
5	Medizinischen	_	medizinisch	_	ADJA	_	dat|pl|*	0	6	_	NK	_	_
6	Fachangestellten	_	Fachangestellt	_	NN	_	dat|pl|*	0	4	_	NK	_	_
7	wird	_	werden	_	VAFIN	_	sg|3|pres|ind	0	0	_	--	_	_
8	vorausgesetzt	_	voraussetzen	_	VVPP	_	_	0	7	_	OC	_	_
9	.	_	--	_	$.	_	_	0	8	_	--	_	_
													
1	Röntgenschein	_	Röntgenschein	_	NE	_	nom|sg|masc	0	2	_	SB	_	_
2	ist	_	sein	_	VAFIN	_	sg|3|pres|ind	0	0	_	--	_	_
3	zwingend	_	zwingend	_	ADJD	_	pos	0	4	_	MO	_	_
4	erforderlich	_	erforderlich	_	ADJD	_	pos	0	2	_	PD	_	_
5	.	_	--	_	$.	_	_	0	4	_	--	_	_
													
1	Erfahrung	_	Erfahrung	_	NN	_	nom|sg|fem	0	10	_	SB	_	_
2	in	_	in	_	APPR	_	_	0	1	_	MNR	_	_
3	einer	_	ein	_	ART	_	dat|sg|fem	0	9	_	NK	_	_
4	orthopädischen	_	orthopädisch	_	ADJA	_	dat|sg|fem|pos	0	9	_	NK	_	_
5	0	_	--	_	$,	_	_	0	4	_	--	_	_
6	chirurgischen	_	chirurgisch	_	ADJA	_	dat|sg|fem|pos	0	4	_	CJ	_	_
7	oder	_	oder	_	KON	_	_	0	6	_	CD	_	_
8	allgemeinärztlichen	_	allgemeinärztlich	_	ADJA	_	dat|sg|fem|pos	0	7	_	CJ	_	_
9	Praxis	_	Praxis	_	NN	_	dat|sg|fem	0	2	_	NK	_	_
10	sollte	_	sollen	_	VMFIN	_	sg|3|past|ind	0	0	_	--	_	_
11	vorhanden	_	vorhanden	_	ADJD	_	pos	0	12	_	PD	_	_
12	sein	_	sein	_	VAINF	_	_	0	10	_	OC	_	_
13	.	_	--	_	$.	_	_	0	12	_	--	_	_
													
1	Gute	_	gut	_	ADJA	_	nom|pl|neut	0	2	_	NK	_	_
2	EDV-Kenntnisse	_	EDV-Kenntnis	_	NN	_	nom|pl|neut	0	3	_	SB	_	_
3	werden	_	werden	_	VAFIN	_	pl|3|pres|ind	0	0	_	--	_	_
4	erwartet	_	erwarten	_	VVPP	_	_	0	3	_	OC	_	_
5	.	_	--	_	$.	_	_	0	4	_	--	_	_
													
1	Zuverlässigkeit	_	Zuverlässigkeit	_	NN	_	acc|sg|fem	0	11	_	SB	_	_
2	0	_	--	_	$,	_	_	0	1	_	--	_	_
3	selbständiges	_	selbständig	_	ADJA	_	nom|sg|neut|pos	0	6	_	NK	_	_
4	und	_	und	_	KON	_	_	0	3	_	CD	_	_
5	gewissenhaftes	_	gewissenhaft	_	ADJA	_	nom|sg|neut|pos	0	4	_	CJ	_	_
6	Arbeiten	_	Arbeit	_	NN	_	nom|sg|neut	0	1	_	CJ	_	_
7	sowie	_	sowie	_	KON	_	_	0	6	_	CD	_	_
8	Teamfähigkeit	_	Teamfähigkeit	_	NN	_	dat|sg|fem	0	7	_	CJ	_	_
9	und	_	und	_	KON	_	_	0	8	_	CD	_	_
10	Montagebereitschaft	_	Montagebereitschaft	_	NN	_	dat|sg|fem	0	9	_	CJ	_	_
11	setzt	_	setzen	_	VVFIN	_	sg|3|pres|ind	0	0	_	--	_	_
12	der	_	der	_	ART	_	nom|sg|masc	0	13	_	NK	_	_
13	Arbeitgeber	_	Arbeitgeber	_	NN	_	nom|sg|masc	0	11	_	SB	_	_
14	voraus	_	voraus	_	PTKVZ	_	_	0	11	_	SVP	_	_
15	.	_	--	_	$.	_	_	0	14	_	--	_	_
													
1	Der	_	der	_	ART	_	nom|sg|masc	0	2	_	NK	_	_
2	Besitz	_	Besitz	_	NN	_	nom|sg|masc	0	7	_	SB	_	_
3	eines	_	ein	_	ART	_	gen|sg|masc	0	4	_	NK	_	_
4	Führerscheins	_	Führerschein	_	NN	_	gen|sg|masc	0	2	_	AG	_	_
5	und	_	und	_	KON	_	_	0	4	_	CD	_	_
6	Fahrzeugs	_	Fahrzeug	_	NN	_	gen|sg|masc	0	5	_	CJ	_	_
7	ist	_	sein	_	VAFIN	_	sg|3|pres|ind	0	0	_	--	_	_
8	zur	_	zu	_	APPRART	_	dat|sg|fem	0	7	_	MO	_	_
9	Erreichbarkeit	_	Erreichbarkeit	_	NN	_	dat|sg|fem	0	8	_	NK	_	_
10	des	_	der	_	ART	_	gen|sg|neut	0	11	_	NK	_	_
11	Arbeitsplatzes	_	Arbeitsplatz	_	NN	_	gen|sg|neut	0	9	_	AG	_	_
12	erforderlich	_	erforderlich	_	ADJD	_	pos	0	7	_	PD	_	_
13	.	_	--	_	$.	_	_	0	12	_	--	_	_
													
1	Sie	_	sie	_	PPER	_	nom|pl|*|3	0	2	_	SB	_	_
2	besitzen	_	besitzen	_	VVFIN	_	pl|3|pres|ind	0	0	_	--	_	_
3	organisatorisches	_	organisatorisch	_	ADJA	_	acc|sg|neut	0	4	_	NK	_	_
4	Talent	_	Talent	_	NN	_	acc|sg|neut	0	2	_	OA	_	_
5	und	_	und	_	KON	_	_	0	2	_	CD	_	_
6	haben	_	haben	_	VAFIN	_	pl|3|pres|ind	0	5	_	CJ	_	_
7	Freude	_	Freude	_	NN	_	acc|sg|fem	0	6	_	OA	_	_
8	am	_	an	_	APPRART	_	_	0	7	_	MNR	_	_
9	Umgang	_	Umgang	_	NN	_	acc|sg|masc	0	8	_	NK	_	_
10	mit	_	mit	_	APPR	_	_	0	9	_	OP	_	_
11	Menschen	_	Mensch	_	NN	_	dat|pl|masc	0	10	_	NK	_	_
12	?	_	--	_	$.	_	_	0	11	_	--	_	_
													
1	Darüber	_	darüber	_	PROAV	_	_	0	3	_	MO	_	_
2	hinaus	_	hinaus	_	APZR	_	_	0	1	_	AC	_	_
3	sind	_	sein	_	VAFIN	_	pl|3|pres|ind	0	0	_	--	_	_
4	Sie	_	sie	_	PPER	_	nom|pl|*|3	0	3	_	SB	_	_
5	in	_	in	_	APPR	_	_	0	18	_	MO	_	_
6	der	_	der	_	ART	_	dat|sg|fem	0	7	_	NK	_	_
7	Lage	_	Lage	_	NN	_	dat|sg|fem	0	5	_	NK	_	_
8	auch	_	auch	_	ADV	_	_	0	9	_	MO	_	_
9	in	_	in	_	APPR	_	_	0	18	_	MO	_	_
10	schwierigen	_	schwierig	_	ADJA	_	dat|pl|fem|pos	0	11	_	NK	_	_
11	Situationen	_	Situation	_	NN	_	dat|pl|fem	0	9	_	NK	_	_
12	den	_	der	_	ART	_	acc|sg|masc	0	13	_	NK	_	_
13	Überblick	_	Überblick	_	NN	_	acc|sg|masc	0	18	_	OA	_	_
14	und	_	und	_	KON	_	_	0	13	_	CD	_	_
15	die	_	der	_	ART	_	acc|sg|fem	0	16	_	NK	_	_
16	Ruhe	_	Ruhe	_	NN	_	acc|sg|fem	0	14	_	CJ	_	_
17	zu	_	zu	_	PTKZU	_	_	0	18	_	PM	_	_
18	bewahren	_	bewahren	_	VVINF	_	_	0	3	_	OC	_	_
19	?	_	--	_	$.	_	_	0	18	_	--	_	_
													
1	Wenn	_	wenn	_	KOUS	_	_	0	15	_	CP	_	_
2	Sie	_	sie	_	PPER	_	nom|pl|*|3	0	15	_	SB	_	_
3	zusätzlich	_	zusätzlich	_	ADJD	_	pos	0	15	_	MO	_	_
4	noch	_	noch	_	ADV	_	_	0	5	_	MO	_	_
5	über	_	über	_	APPR	_	_	0	15	_	OP	_	_
6	Durchsetzungskraft	_	Durchsetzungskraft	_	NN	_	acc|sg|fem	0	5	_	NK	_	_
7	0	_	--	_	$,	_	_	0	6	_	--	_	_
8	körperliche	_	körperlich	_	ADJA	_	acc|sg|fem|pos	0	9	_	NK	_	_
9	Belastbarkeit	_	Belastbarkeit	_	NN	_	acc|sg|fem	0	6	_	CJ	_	_
10	0	_	--	_	$,	_	_	0	9	_	--	_	_
11	einen	_	ein	_	ART	_	acc|sg|masc	0	12	_	NK	_	_
12	Staplerschein	_	Staplerschein	_	NN	_	acc|sg|masc	0	9	_	CJ	_	_
13	und	_	und	_	KON	_	_	0	12	_	CD	_	_
14	Führerschein	_	Führerschein	_	NN	_	acc|sg|masc	0	13	_	CJ	_	_
15	verfügen	_	verfügen	_	VVFIN	_	pl|3|pres|ind	0	17	_	MO	_	_
16	0	_	--	_	$,	_	_	0	15	_	--	_	_
17	sind	_	sein	_	VAFIN	_	pl|3|pres|ind	0	0	_	--	_	_
18	Sie	_	sie	_	PPER	_	nom|pl|*|3	0	17	_	SB	_	_
19	bei	_	bei	_	APPR	_	_	0	17	_	MO	_	_
20	uns	_	uns	_	PPER	_	dat|pl|*|1	0	19	_	NK	_	_
21	genau	_	genau	_	ADJD	_	pos	0	22	_	MO	_	_
22	richtig	_	richtig	_	ADJD	_	pos	0	17	_	PD	_	_
23	.	_	--	_	$.	_	_	0	22	_	--	_	_
													
1	Vorausgesetzt	_	voraussetzen	_	VVPP	_	_	0	2	_	OC	_	_
2	wird	_	werden	_	VAFIN	_	sg|3|pres|ind	0	0	_	--	_	_
3	eine	_	ein	_	ART	_	nom|sg|fem	0	6	_	NK	_	_
4	abgeschlossene	_	abgeschlossen	_	ADJA	_	nom|sg|fem	0	6	_	NK	_	_
5	kaufmännische	_	kaufmännisch	_	ADJA	_	nom|sg|fem|pos	0	6	_	NK	_	_
6	Ausbildung	_	Ausbildung	_	NN	_	nom|sg|fem	0	2	_	SB	_	_
7	0	_	--	_	$,	_	_	0	6	_	--	_	_
8	sehr	_	sehr	_	ADV	_	_	0	10	_	MO	_	_
9	gute	_	gut	_	ADJA	_	pl|2|imp	0	10	_	NK	_	_
10	Kenntnisse	_	Kenntnis	_	NN	_	acc|pl|fem	0	6	_	CJ	_	_
11	der	_	der	_	ART	_	gen|pl|*	0	13	_	NK	_	_
12	Office-Anwendungen	_	Office-Anwendung	_	NN	_	gen|pl|*|pos	0	13	_	NK	_	_
13	Word	_	Word	_	NN	_	gen|pl|*	0	10	_	AG	_	_
14	0	_	--	_	$,	_	_	0	13	_	--	_	_
15	Excel	_	Excel	_	NN	_	dat|sg|masc	0	13	_	CJ	_	_
16	und	_	und	_	KON	_	_	0	15	_	CD	_	_
17	PowerPoint	_	PowerPoint	_	NN	_	dat|sg|masc	0	16	_	CJ	_	_
18	sowie	_	sowie	_	KON	_	_	0	10	_	CD	_	_
19	gute	_	gut	_	ADJA	_	acc|pl|neut|pos	0	20	_	NK	_	_
20	Englischkenntnisse	_	Englischkenntnis	_	NN	_	acc|pl|neut	0	18	_	CJ	_	_
21	.	_	--	_	$.	_	_	0	20	_	--	_	_
													
1	Mobilität	_	Mobilität	_	NN	_	nom|sg|fem	0	6	_	SB	_	_
2	zum	_	zu	_	APPRART	_	dat|sg|neut	0	1	_	MNR	_	_
3	Erreichen	_	erreichen	_	NN	_	dat|sg|neut	0	2	_	NK	_	_
4	des	_	der	_	ART	_	gen|sg|neut	0	5	_	NK	_	_
5	Arbeitsplatzes	_	Arbeitsplatz	_	NN	_	gen|sg|neut	0	3	_	AG	_	_
6	ist	_	sein	_	VAFIN	_	sg|3|pres|ind	0	0	_	--	_	_
7	erforderlich	_	erforderlich	_	ADJD	_	pos	0	6	_	PD	_	_
8	.	_	--	_	$.	_	_	0	7	_	--	_	_
													
1	Zur	_	zu	_	APPRART	_	dat|sg|fem	0	5	_	MO	_	_
2	Erreichung	_	Erreichung	_	NN	_	dat|sg|fem	0	1	_	NK	_	_
3	des	_	der	_	ART	_	gen|sg|neut	0	4	_	NK	_	_
4	Arbeitsortes	_	Arbeitsort	_	NN	_	gen|sg|neut	0	2	_	AG	_	_
5	ist	_	sein	_	VAFIN	_	sg|3|pres|ind	0	0	_	--	_	_
6	ein	_	ein	_	ART	_	nom|sg|neut	0	7	_	NK	_	_
7	Führerschein	_	Führerschein	_	NN	_	nom|sg|neut	0	5	_	SB	_	_
8	und	_	und	_	KON	_	_	0	7	_	CD	_	_
9	PKW	_	PKW	_	NN	_	nom|sg|neut	0	8	_	CJ	_	_
10	zwingend	_	zwingend	_	ADJD	_	pos	0	11	_	MO	_	_
11	erforderlich	_	erforderlich	_	ADJD	_	pos	0	5	_	PD	_	_
12	.	_	--	_	$.	_	_	0	11	_	--	_	_
													
1	Entsprechende	_	entsprechend	_	ADJA	_	acc|sg|fem|pos	0	2	_	NK	_	_
2	Ausbildung	_	Ausbildung	_	NN	_	acc|sg|fem	0	3	_	SB	_	_
3	wird	_	werden	_	VAFIN	_	sg|3|pres|ind	0	0	_	--	_	_
4	vorausgesetzt	_	voraussetzen	_	VVPP	_	_	0	3	_	OC	_	_
5	.	_	--	_	$.	_	_	0	4	_	--	_	_
													
1	Erfahrung	_	Erfahrung	_	NN	_	nom|sg|fem	0	5	_	SB	_	_
2	im	_	in	_	APPRART	_	dat|sg|masc	0	1	_	MNR	_	_
3	Bereich	_	Bereich	_	NN	_	dat|sg|masc	0	2	_	NK	_	_
4	Kleintiere	_	Kleintier	_	NN	_	acc|sg|*	0	3	_	NK	_	_
5	wird	_	werden	_	VAFIN	_	sg|3|pres|ind	0	0	_	--	_	_
6	erwartet	_	erwarten	_	VVPP	_	_	0	5	_	OC	_	_
7	.	_	--	_	$.	_	_	0	6	_	--	_	_
													
1	Zu	_	zu	_	APPR	_	_	0	5	_	OP	_	_
2	Ihren	_	ihr	_	PPOSAT	_	dat|pl|neut	0	4	_	NK	_	_
3	persönlichen	_	persönlich	_	ADJA	_	dat|pl|neut|pos	0	4	_	NK	_	_
4	Stärken	_	Stärke	_	NN	_	dat|pl|neut	0	1	_	NK	_	_
5	gehören	_	gehören	_	VVFIN	_	pl|3|pres|ind	0	0	_	--	_	_
6	Zuverlässigkeit	_	Zuverlässigkeit	_	NN	_	acc|sg|fem	0	5	_	SB	_	_
7	und	_	und	_	KON	_	_	0	6	_	CD	_	_
8	Teamfähigkeit	_	Teamfähigkeit	_	NN	_	acc|sg|fem	0	7	_	CJ	_	_
9	.	_	--	_	$.	_	_	0	8	_	--	_	_
													
1	Idealerweise	_	Idealerweise	_	ADV	_	_	0	2	_	MO	_	_
2	verfügen	_	verfügen	_	VVFIN	_	pl|3|pres|ind	0	0	_	--	_	_
3	Sie	_	sie	_	PPER	_	nom|pl|*|3	0	2	_	SB	_	_
4	bereits	_	bereits	_	ADV	_	_	0	2	_	MO	_	_
5	über	_	über	_	APPR	_	_	0	2	_	OP	_	_
6	Erfahrungen	_	Erfahrung	_	NN	_	acc|pl|fem	0	5	_	NK	_	_
7	im	_	in	_	APPRART	_	dat|sg|neut	0	6	_	MNR	_	_
8	Pflegebereich	_	Pflegebereich	_	NN	_	dat|sg|neut	0	7	_	NK	_	_
9	und	_	und	_	KON	_	_	0	2	_	CD	_	_
10	besitzen	_	besitzen	_	VVFIN	_	pl|3|pres|ind	0	9	_	CJ	_	_
11	eine	_	ein	_	ART	_	acc|sg|fem	0	13	_	NK	_	_
12	adäquate	_	adäquat	_	ADJA	_	acc|sg|fem|pos	0	13	_	NK	_	_
13	Berufsausbildung	_	Berufsausbildung	_	NN	_	acc|sg|fem	0	10	_	OA	_	_
14	bzw.	_	bzw.	_	KON	_	_	0	10	_	CD	_	_
15	fühlen	_	fühlen	_	VVFIN	_	pl|3|pres|ind	0	14	_	CJ	_	_
16	sich	_	sich	_	PRF	_	acc|pl|3	0	15	_	OA	_	_
17	den	_	der	_	ART	_	acc|sg|masc	0	18	_	NK	_	_
18	Aufgaben	_	Aufgabe	_	NN	_	nom|pl|fem	0	19	_	DA	_	_
19	gewachsen	_	wachsen	_	VVPP	_	pos	0	15	_	MO	_	_
20	.	_	--	_	$.	_	_	0	19	_	--	_	_
													
1	Als	_	als	_	APPR	_	_	0	4	_	MO	_	_
2	idealer	_	ideal	_	ADJA	_	gen|pl|masc|pos	0	3	_	NK	_	_
3	Bewerber	_	Bewerber	_	NN	_	gen|pl|masc	0	1	_	NK	_	_
4	verfügen	_	verfügen	_	VVFIN	_	pl|3|pres|ind	0	0	_	--	_	_
5	Sie	_	sie	_	PPER	_	nom|pl|*|3	0	4	_	SB	_	_
6	über	_	über	_	APPR	_	_	0	4	_	OP	_	_
7	ein	_	ein	_	ART	_	acc|sg|neut	0	9	_	NK	_	_
8	abgeschlossenes	_	abgeschlossen	_	ADJA	_	acc|sg|neut|pos	0	9	_	NK	_	_
9	Studium	_	Studium	_	NN	_	acc|sg|neut	0	6	_	NK	_	_
10	der	_	der	_	ART	_	nom|sg|masc	0	11	_	NK	_	_
11	Elektrotechnik	_	Elektrotechnik	_	NN	_	nom|sg|masc	0	9	_	AG	_	_
12	oder	_	oder	_	KON	_	_	0	11	_	CD	_	_
13	eine	_	ein	_	ART	_	acc|sg|fem	0	15	_	NK	_	_
14	vergleichbare	_	vergleichbar	_	ADJA	_	acc|sg|fem|pos	0	15	_	NK	_	_
15	Ausbildung	_	Ausbildung	_	NN	_	acc|sg|fem	0	12	_	CJ	_	_
16	zum	_	zu	_	APPRART	_	dat|sg|masc	0	15	_	OP	_	_
17	Techniker	_	Techniker	_	NN	_	dat|sg|masc	0	16	_	NK	_	_
18	und	_	und	_	KON	_	_	0	4	_	CD	_	_
19	bringen	_	bringen	_	VVFIN	_	_	0	18	_	CJ	_	_
20	gute	_	gut	_	ADJA	_	acc|pl|neut|pos	0	21	_	NK	_	_
21	Kenntnisse	_	Kenntnis	_	NN	_	acc|pl|neut	0	19	_	OA	_	_
22	in	_	in	_	APPR	_	_	0	19	_	MO	_	_
23	der	_	der	_	ART	_	dat|sg|fem	0	26	_	NK	_	_
24	Energie-	_	Energie	_	TRUNC	_	_	0	25	_	CJ	_	_
25	und	_	und	_	KON	_	_	0	26	_	CD	_	_
26	Antriebstechnik	_	Antriebstechnik	_	NN	_	dat|sg|fem	0	22	_	NK	_	_
27	mit	_	mit	_	PTKVZ	_	_	0	19	_	SVP	_	_
28	.	_	--	_	$.	_	_	0	27	_	--	_	_
													
1	Darüber	_	darüber	_	PROAV	_	_	0	3	_	MO	_	_
2	hinaus	_	hinaus	_	APZR	_	_	0	1	_	AC	_	_
3	haben	_	haben	_	VAFIN	_	pl|3|pres|ind	0	0	_	--	_	_
4	Sie	_	sie	_	PPER	_	nom|pl|*|3	0	3	_	SB	_	_
5	Erfahrung	_	Erfahrung	_	NN	_	acc|sg|fem	0	3	_	OA	_	_
6	bei	_	bei	_	APPR	_	_	0	5	_	MNR	_	_
7	der	_	der	_	ART	_	dat|sg|fem	0	8	_	NK	_	_
8	Projektierung	_	Projektierung	_	NN	_	dat|sg|fem	0	6	_	NK	_	_
9	von	_	von	_	APPR	_	_	0	8	_	PG	_	_
10	elektrischen	_	elektrisch	_	ADJA	_	dat|pl|fem|pos	0	11	_	NK	_	_
11	Anlagen	_	Anlage	_	NN	_	dat|pl|fem	0	9	_	NK	_	_
12	und	_	und	_	KON	_	_	0	3	_	CD	_	_
13	bei	_	bei	_	APPR	_	_	0	20	_	MO	_	_
14	der	_	der	_	ART	_	dat|sg|fem	0	15	_	NK	_	_
15	Erstellung	_	Erstellung	_	NN	_	dat|sg|fem	0	13	_	NK	_	_
16	von	_	von	_	APPR	_	_	0	15	_	PG	_	_
17	Stromlaufplänen	_	Stromlaufplan	_	NN	_	dat|pl|masc	0	16	_	NK	_	_
18	(	_	--	_	$(	_	_	0	17	_	--	_	_
19	idealerweise	_	idealerweise	_	ADV	_	_	0	20	_	MO	_	_
20	sind	_	sein	_	VAFIN	_	pl|3|pres|ind	0	12	_	CJ	_	_
21	Sie	_	sie	_	PPER	_	nom|pl|*|3	0	20	_	SB	_	_
22	mit	_	mit	_	APPR	_	_	0	26	_	MO	_	_
23	einem	_	ein	_	ART	_	dat|sg|masc	0	24	_	NK	_	_
24	E-CAD	_	E-CAD	_	NN	_	dat|sg|neut	0	22	_	NK	_	_
25	System	_	System	_	NN	_	dat|sg|neut	0	24	_	NK	_	_
26	vertraut	_	vertraut	_	ADJD	_	pos	0	20	_	PD	_	_
27	)	_	--	_	$(	_	_	0	26	_	--	_	_
28	.	_	--	_	$.	_	_	0	27	_	--	_	_
													
1	Sie	_	sie	_	PPER	_	nom|pl|*|3	0	2	_	SB	_	_
2	beherrschen	_	beherrschen	_	VVFIN	_	pl|3|pres|ind	0	0	_	--	_	_
3	weiterhin	_	weiterhin	_	ADV	_	_	0	2	_	MO	_	_
4	den	_	der	_	ART	_	acc|sg|masc	0	5	_	NK	_	_
5	Umgang	_	Umgang	_	NN	_	acc|sg|masc	0	2	_	OA	_	_
6	mit	_	mit	_	APPR	_	_	0	5	_	OP	_	_
7	verfahrenstechnischen	_	verfahrenstechnisch	_	ADJA	_	dat|pl|fem|pos	0	8	_	NK	_	_
8	Vorgaben	_	Vorgabe	_	NN	_	dat|pl|fem	0	6	_	NK	_	_
9	wie	_	wie	_	KOKOM	_	_	0	10	_	CM	_	_
10	Systembeschreibungen	_	Systembeschreibung	_	NN	_	dat|pl|fem	0	8	_	CC	_	_
11	und	_	und	_	KON	_	_	0	10	_	CD	_	_
12	Spezifikationen	_	Spezifikation	_	NN	_	dat|pl|fem	0	11	_	CJ	_	_
13	.	_	--	_	$.	_	_	0	12	_	--	_	_
													
1	Mit	_	mit	_	APPR	_	_	0	13	_	MO	_	_
2	guten	_	gut	_	ADJA	_	dat|pl|neut|pos	0	3	_	NK	_	_
3	Englischkenntnissen	_	Englischkenntnis	_	NN	_	dat|pl|neut	0	1	_	NK	_	_
4	in	_	in	_	APPR	_	_	0	3	_	MNR	_	_
5	Wort	_	Wort	_	NN	_	dat|sg|neut	0	4	_	NK	_	_
6	und	_	und	_	KON	_	_	0	5	_	CD	_	_
7	Schrift	_	Schrift	_	NN	_	dat|sg|neut	0	6	_	CJ	_	_
8	und	_	und	_	KON	_	_	0	3	_	CD	_	_
9	der	_	der	_	ART	_	dat|sg|fem	0	10	_	NK	_	_
10	Bereitschaft	_	Bereitschaft	_	NN	_	dat|sg|fem	0	8	_	CJ	_	_
11	zu	_	zu	_	APPR	_	_	0	10	_	MNR	_	_
12	Reisetätigkeiten	_	Reisetätigkeit	_	NN	_	dat|pl|fem	0	11	_	NK	_	_
13	runden	_	runden	_	VVFIN	_	pl|3|pres|ind	0	0	_	--	_	_
14	Sie	_	sie	_	PPER	_	nom|pl|*|3	0	13	_	SB	_	_
15	Ihr	_	ihr	_	PPOSAT	_	nom|pl|*|2	0	16	_	NK	_	_
16	Profil	_	Profil	_	NN	_	acc|sg|neut	0	13	_	OA	_	_
17	ab	_	ab	_	PTKVZ	_	_	0	13	_	SVP	_	_
18	.	_	--	_	$.	_	_	0	17	_	--	_	_
													
1	Sie	_	sie	_	PPER	_	nom|pl|*|3	0	2	_	SB	_	_
2	haben	_	haben	_	VAFIN	_	pl|3|pres|ind	0	0	_	--	_	_
3	eine	_	ein	_	ART	_	acc|sg|fem	0	5	_	NK	_	_
4	abgeschlossene	_	abgeschlossen	_	ADJA	_	acc|sg|fem|pos	0	5	_	NK	_	_
5	Ausbildung	_	Ausbildung	_	NN	_	acc|sg|fem	0	10	_	OA	_	_
6	und	_	und	_	KON	_	_	0	5	_	CD	_	_
7	bereits	_	bereits	_	ADV	_	_	0	9	_	MO	_	_
8	erste	_	erster	_	ADJA	_	acc|sg|fem|pos	0	9	_	NK	_	_
9	Berufserfahrung	_	Berufserfahrung	_	NN	_	acc|sg|fem	0	6	_	CJ	_	_
10	gesammelt	_	sammeln	_	VVPP	_	_	0	2	_	OC	_	_
11	.	_	--	_	$.	_	_	0	10	_	--	_	_
													
1	Zusatzqualifikationen	_	Zusatzqualifikation	_	NN	_	nom|pl|fem	0	2	_	SB	_	_
2	wären	_	sein	_	VAFIN	_	pl|3|past|subj	0	0	_	--	_	_
3	wünschenswert	_	wünschenswert	_	ADJD	_	pos	0	2	_	PD	_	_
4	0	_	--	_	$,	_	_	0	3	_	--	_	_
5	sind	_	sein	_	VAFIN	_	pl|3|pres|ind	0	2	_	CJ	_	_
6	aber	_	aber	_	ADV	_	_	0	5	_	MO	_	_
7	nicht	_	nicht	_	PTKNEG	_	_	0	5	_	NG	_	_
8	Bedingung	_	Bedingung	_	NN	_	pos	0	5	_	PD	_	_
9	.	_	--	_	$.	_	_	0	8	_	--	_	_
													
1	Sie	_	sie	_	PPER	_	nom|pl|*|3	0	2	_	SB	_	_
2	werden	_	werden	_	VAFIN	_	pl|3|pres|ind	0	0	_	--	_	_
3	im	_	in	_	APPRART	_	dat|sg|masc	0	10	_	MO	_	_
4	a-la-carte-Bereich	_	a-la-carte-bereich	_	NN	_	dat|sg|masc	0	3	_	NK	_	_
5	und	_	und	_	KON	_	_	0	3	_	CD	_	_
6	in	_	in	_	APPR	_	_	0	5	_	CJ	_	_
7	unserem	_	unser	_	PPOSAT	_	dat|sg|masc	0	8	_	NK	_	_
8	Biergarten	_	Biergarten	_	NN	_	dat|sg|masc	0	6	_	NK	_	_
9	tätig	_	tätig	_	ADJD	_	pos	0	10	_	PD	_	_
10	sein	_	sein	_	VAINF	_	_	0	2	_	OC	_	_
11	.	_	--	_	$.	_	_	0	10	_	--	_	_
													
1	Wir	_	wir	_	PPER	_	nom|pl|*|1	0	2	_	SB	_	_
2	wünschen	_	wünschen	_	VVFIN	_	pl|1|pres|ind	0	0	_	--	_	_
3	uns	_	uns	_	PPER	_	dat|pl|*|1	0	2	_	DA	_	_
4	einschlägige	_	einschlägig	_	ADJA	_	acc|sg|fem|pos	0	5	_	NK	_	_
5	Berufserfahrung	_	Berufserfahrung	_	NN	_	acc|sg|fem	0	2	_	OA	_	_
6	in	_	in	_	APPR	_	_	0	5	_	MNR	_	_
7	der	_	der	_	ART	_	dat|sg|fem	0	8	_	NK	_	_
8	Gastronomie	_	Gastronomie	_	NN	_	dat|sg|fem	0	6	_	NK	_	_
9	.	_	--	_	$.	_	_	0	8	_	--	_	_
													
1	Die	_	der	_	ART	_	nom|pl|fem	0	2	_	NK	_	_
2	Bewerber_innen	_	Bewerber_in	_	NN	_	nom|pl|fem	0	3	_	SB	_	_
3	müssen	_	müssen	_	VMFIN	_	pl|3|pres|ind	0	0	_	--	_	_
4	über	_	über	_	APPR	_	_	0	12	_	OP	_	_
5	eine	_	ein	_	ART	_	acc|sg|fem	0	7	_	NK	_	_
6	abgeschlossene	_	abgeschlossen	_	ADJA	_	acc|sg|fem|pos	0	7	_	NK	_	_
7	Berufsausbildung	_	Berufsausbildung	_	NN	_	acc|sg|fem	0	4	_	NK	_	_
8	als	_	als	_	APPR	_	_	0	7	_	MNR	_	_
9	Kinderpfleger_in	_	Kinderpfleger_in	_	NN	_	nom|sg|fem	0	8	_	NK	_	_
10	oder	_	oder	_	KON	_	_	0	9	_	CD	_	_
11	Krankenpflegehelfer_in	_	Krankenpflegehelfer_in	_	NN	_	acc|sg|masc	0	10	_	CJ	_	_
12	verfügen	_	verfügen	_	VVFIN	_	_	0	3	_	OC	_	_
13	.	_	--	_	$.	_	_	0	12	_	--	_	_
													
1	Hierzu	_	hierzu	_	PROAV	_	_	0	19	_	MO	_	_
2	werden	_	werden	_	VAFIN	_	pl|3|pres|ind	0	0	_	--	_	_
3	umfangreiche	_	umfangreich	_	ADJA	_	nom|pl|masc	0	4	_	NK	_	_
4	Kenntnisse	_	Kenntnis	_	NN	_	nom|pl|masc	0	2	_	SB	_	_
5	der	_	der	_	ART	_	dat|sg|fem	0	6	_	NK	_	_
6	Elektrotechnik	_	Elektrotechnik	_	NN	_	dat|sg|fem	0	4	_	AG	_	_
7	0	_	--	_	$,	_	_	0	6	_	--	_	_
8	ein	_	ein	_	ART	_	nom|sg|masc	0	10	_	NK	_	_
9	sicherer	_	sicher	_	ADJA	_	nom|sg|masc|comp	0	10	_	NK	_	_
10	Umgang	_	Umgang	_	NN	_	nom|sg|masc	0	4	_	APP	_	_
11	mit	_	mit	_	APPR	_	_	0	10	_	MNR	_	_
12	dem	_	der	_	ART	_	dat|sg|masc	0	13	_	NK	_	_
13	PC	_	--	_	NE	_	dat|sg|masc	0	11	_	NK	_	_
14	als	_	als	_	KON	_	_	0	10	_	CD	_	_
15	auch	_	auch	_	ADV	_	_	0	18	_	MO	_	_
16	sehr	_	sehr	_	ADV	_	_	0	17	_	MO	_	_
17	gute	_	gut	_	ADJA	_	acc|pl|neut|pos	0	18	_	NK	_	_
18	Datenverarbeitungskenntnisse	_	Datenverarbeitungskenntnis	_	NN	_	acc|pl|neut	0	14	_	CJ	_	_
19	benötigt	_	benötigen	_	VVFIN	_	_	0	2	_	OC	_	_
20	.	_	--	_	$.	_	_	0	19	_	--	_	_
													
1	Eine	_	ein	_	ART	_	nom|sg|fem	0	3	_	NK	_	_
2	sichere	_	sicher	_	ADJA	_	nom|sg|fem|comp	0	3	_	NK	_	_
3	Kommunikation	_	Kommunikation	_	NN	_	nom|sg|fem	0	7	_	SB	_	_
4	in	_	in	_	APPR	_	_	0	3	_	MNR	_	_
5	englischer	_	englisch	_	ADJA	_	dat|sg|fem|pos	0	6	_	NK	_	_
6	Sprache	_	Sprache	_	NN	_	dat|sg|fem	0	4	_	NK	_	_
7	ist	_	sein	_	VAFIN	_	sg|3|pres|ind	0	0	_	--	_	_
8	ebenfalls	_	ebenfalls	_	ADV	_	_	0	7	_	MO	_	_
9	Grundvoraussetzung	_	Grundvoraussetzung	_	NN	_	nom|sg|fem	0	7	_	PD	_	_
10	.	_	--	_	$.	_	_	0	9	_	--	_	_
													
1	Die	_	der	_	ART	_	nom|sg|fem	0	2	_	NK	_	_
2	Möglichkeit	_	Möglichkeit	_	NN	_	nom|sg|fem	0	9	_	SB	_	_
3	in	_	in	_	APPR	_	_	0	2	_	MNR	_	_
4	einer	_	ein	_	ART	_	dat|sg|fem	0	6	_	NK	_	_
5	zweiten	_	zweiter	_	ADJA	_	dat|sg|fem|pos	0	6	_	NK	_	_
6	Fremdsprache	_	Fremdsprache	_	NN	_	dat|sg|fem	0	3	_	NK	_	_
7	zu	_	zu	_	PTKZU	_	_	0	8	_	PM	_	_
8	kommunizieren	_	kommunizieren	_	VVINF	_	_	0	9	_	OC	_	_
9	wäre	_	sein	_	VAFIN	_	sg|3|past|subj	0	0	_	--	_	_
10	hilfreich	_	hilfreich	_	ADJD	_	pos	0	9	_	PD	_	_
11	.	_	--	_	$.	_	_	0	10	_	--	_	_
													
1	Sie	_	sie	_	PPER	_	nom|pl|*|3	0	2	_	SB	_	_
2	sollten	_	sollen	_	VMFIN	_	pl|3|past|ind	0	0	_	--	_	_
3	im	_	in	_	APPRART	_	dat|sg|masc	0	7	_	MO	_	_
4	Besitz	_	Besitz	_	NN	_	dat|sg|masc	0	3	_	NK	_	_
5	des	_	der	_	ART	_	gen|sg|neut	0	6	_	NK	_	_
6	Pkw-Führerscheins	_	Pkw-Führerschein	_	NN	_	gen|sg|neut	0	4	_	AG	_	_
7	sein	_	sein	_	VAINF	_	_	0	2	_	OC	_	_
8	.	_	--	_	$.	_	_	0	7	_	--	_	_
													
1	Berufserfahrung	_	Berufserfahrung	_	NN	_	nom|sg|fem	0	7	_	SB	_	_
2	in	_	in	_	APPR	_	_	0	1	_	MNR	_	_
3	der	_	der	_	ART	_	dat|sg|fem	0	4	_	NK	_	_
4	Führung	_	Führung	_	NN	_	dat|sg|fem	0	2	_	NK	_	_
5	eines	_	ein	_	ART	_	gen|sg|masc	0	6	_	NK	_	_
6	Sattelzuges	_	Sattelzug	_	NN	_	gen|sg|masc	0	4	_	AG	_	_
7	sollten	_	sollen	_	VMFIN	_	pl|3|past|ind	0	0	_	--	_	_
8	vorhanden	_	vorhanden	_	ADJD	_	pos	0	9	_	PD	_	_
9	sein	_	sein	_	VAINF	_	_	0	7	_	OC	_	_
10	.	_	--	_	$.	_	_	0	9	_	--	_	_
													
1	Wir	_	wir	_	PPER	_	nom|pl|*|1	0	2	_	SB	_	_
2	suchen	_	suchen	_	VVFIN	_	pl|1|pres|ind	0	0	_	--	_	_
3	eine_n	_	eine_n	_	ART	_	acc|sg|neut	0	4	_	NK	_	_
4	Bewerber_in	_	Bewerber_in	_	NN	_	acc|sg|neut	0	2	_	OA	_	_
5	mit	_	mit	_	APPR	_	_	0	2	_	OP	_	_
6	abgeschlossener	_	abgeschlossen	_	ADJA	_	dat|sg|fem	0	7	_	NK	_	_
7	Berufsausbildung	_	Berufsausbildung	_	NN	_	dat|sg|fem	0	5	_	NK	_	_
8	als	_	als	_	APPR	_	_	0	7	_	MNR	_	_
9	Restaurant-	_	Restaurant	_	TRUNC	_	_	0	10	_	CJ	_	_
10	oder	_	oder	_	KON	_	_	0	11	_	CD	_	_
11	Hotelfachmann_-frau	_	Hotelfachmann_-frau	_	NN	_	dat|sg|neut	0	8	_	NK	_	_
12	.	_	--	_	$.	_	_	0	11	_	--	_	_
													
1	Sie	_	sie	_	PPER	_	nom|pl|*|3	0	2	_	SB	_	_
2	sollten	_	sollen	_	VMFIN	_	pl|3|past|ind	0	0	_	--	_	_
3	über	_	über	_	APPR	_	_	0	19	_	OP	_	_
4	einen	_	ein	_	ART	_	acc|sg|masc	0	6	_	NK	_	_
5	abgeschlossenen	_	abgeschlossen	_	ADJA	_	acc|sg|masc|pos	0	6	_	NK	_	_
6	Beruf	_	Beruf	_	NN	_	acc|sg|masc	0	3	_	NK	_	_
7	in	_	in	_	APPR	_	_	0	6	_	MNR	_	_
8	der	_	der	_	ART	_	dat|sg|fem	0	9	_	NK	_	_
9	Branche	_	Branche	_	NN	_	dat|sg|fem	0	7	_	NK	_	_
10	und	_	und	_	KON	_	_	0	9	_	CD	_	_
11	Berufserfahrungen	_	Berufserfahrung	_	NN	_	dat|pl|fem	0	10	_	CJ	_	_
12	in	_	in	_	APPR	_	_	0	9	_	MNR	_	_
13	der	_	der	_	ART	_	dat|sg|fem	0	14	_	NK	_	_
14	Untergrundvorbereitung	_	Untergrundvorbereitung	_	NN	_	dat|sg|fem	0	12	_	NK	_	_
15	und	_	und	_	KON	_	_	0	14	_	CD	_	_
16	Parkett-	_	Parkett	_	TRUNC	_	_	0	17	_	CJ	_	_
17	oder	_	oder	_	KON	_	_	0	18	_	CD	_	_
18	Bodenverlegung	_	Bodenverlegung	_	NN	_	dat|sg|fem	0	15	_	CJ	_	_
19	verfügen	_	verfügen	_	VVFIN	_	_	0	2	_	OC	_	_
20	.	_	--	_	$.	_	_	0	19	_	--	_	_
													
1	Eine	_	ein	_	ART	_	nom|sg|fem	0	4	_	NK	_	_
2	abgeschlossene	_	abgeschlossen	_	ADJA	_	nom|sg|fem|pos	0	4	_	NK	_	_
3	fachbezogene	_	fachbezogen	_	ADJA	_	nom|sg|fem|pos	0	4	_	NK	_	_
4	Berufsausbildung	_	Berufsausbildung	_	NN	_	nom|sg|fem	0	5	_	OA	_	_
5	setzen	_	setzen	_	VVFIN	_	pl|1|pres|ind	0	0	_	--	_	_
6	wir	_	wir	_	PPER	_	nom|pl|*|1	0	5	_	SB	_	_
7	voraus	_	voraus	_	PTKVZ	_	_	0	5	_	SVP	_	_
8	.	_	--	_	$.	_	_	0	7	_	--	_	_
													
1	Als	_	als	_	APPR	_	_	0	12	_	MO	_	_
2	Facharbeiter	_	Facharbeiter	_	NN	_	nom|sg|masc	0	1	_	NK	_	_
3	(	_	--	_	$(	_	_	0	2	_	--	_	_
4	m_w	_	m_w	_	NE	_	_	0	2	_	APP	_	_
5	)	_	--	_	$(	_	_	0	4	_	--	_	_
6	haben	_	haben	_	VAFIN	_	pl|3|pres|ind	0	0	_	--	_	_
7	Sie	_	sie	_	PPER	_	nom|pl|*|3	0	6	_	SB	_	_
8	idealerweise	_	idealerweise	_	ADV	_	_	0	12	_	MO	_	_
9	bereits	_	bereits	_	ADV	_	_	0	12	_	MO	_	_
10	mehrjährige	_	mehrjährig	_	ADJA	_	nom|sg|fem|pos	0	11	_	NK	_	_
11	Berufserfahrung	_	Berufserfahrung	_	NN	_	nom|sg|fem	0	12	_	OA	_	_
12	gesammelt	_	sammeln	_	VVPP	_	_	0	6	_	OC	_	_
13	.	_	--	_	$.	_	_	0	12	_	--	_	_
													
1	Sie	_	sie	_	PPER	_	nom|pl|*|3	0	2	_	SB	_	_
2	sind	_	sein	_	VAFIN	_	pl|3|pres|ind	0	0	_	--	_	_
3	es	_	es	_	PPER	_	nom|sg|neut|3	0	4	_	OA	_	_
4	gewohnt	_	gewohnt	_	VVPP	_	_	0	2	_	PD	_	_
5	0	_	--	_	$,	_	_	0	4	_	--	_	_
6	eigenverantwortlich	_	eigenverantwortlich	_	ADJD	_	pos	0	10	_	MO	_	_
7	und	_	und	_	KON	_	_	0	6	_	CD	_	_
8	selbstständig	_	selbstständig	_	ADJD	_	pos	0	7	_	CJ	_	_
9	zu	_	zu	_	PTKZU	_	_	0	10	_	PM	_	_
10	arbeiten	_	arbeiten	_	VVINF	_	_	0	3	_	RE	_	_
11	.	_	--	_	$.	_	_	0	10	_	--	_	_
													
1	Qualitätsbewusstsein	_	Qualitätsbewusstsein	_	NN	_	nom|sg|neut	0	6	_	SB	_	_
2	0	_	--	_	$,	_	_	0	1	_	--	_	_
3	Teamfähigkeit	_	Teamfähigkeit	_	NN	_	nom|sg|fem	0	1	_	CJ	_	_
4	und	_	und	_	KON	_	_	0	3	_	CD	_	_
5	Flexibilität	_	Flexibilität	_	NN	_	nom|sg|fem	0	4	_	CJ	_	_
6	gehören	_	gehören	_	VVFIN	_	pl|3|pres|ind	0	0	_	--	_	_
7	mit	_	mit	_	APPR	_	_	0	6	_	SVP	_	_
8	zu	_	zu	_	APPR	_	_	0	6	_	OP	_	_
9	Ihren	_	ihr	_	PPOSAT	_	dat|pl|fem	0	10	_	NK	_	_
10	Stärken	_	Stärken	_	NN	_	dat|pl|fem	0	8	_	NK	_	_
11	.	_	--	_	$.	_	_	0	10	_	--	_	_
													
1	Sie	_	sie	_	PPER	_	nom|pl|*|3	0	2	_	SB	_	_
2	sollten	_	sollen	_	VMFIN	_	pl|3|past|ind	0	0	_	--	_	_
3	über	_	über	_	APPR	_	_	0	15	_	OP	_	_
4	eine	_	ein	_	ART	_	acc|sg|fem	0	6	_	NK	_	_
5	abgeschlossene	_	abgeschlossen	_	ADJA	_	acc|sg|fem|pos	0	6	_	NK	_	_
6	Technikerausbildung	_	Technikerausbildung	_	NN	_	acc|sg|fem	0	3	_	NK	_	_
7	der	_	der	_	ART	_	nom|sg|masc	0	8	_	NK	_	_
8	Fachrichtung	_	Fachrichtung	_	NN	_	nom|sg|masc	0	6	_	AG	_	_
9	Anlagenbau	_	Anlagenbau	_	NN	_	nom|sg|masc	0	8	_	NK	_	_
10	oder	_	oder	_	KON	_	_	0	9	_	CD	_	_
11	Versorgungstechnik	_	Versorgungstechnik	_	NN	_	_	0	10	_	CJ	_	_
12	und	_	und	_	KON	_	_	0	6	_	CD	_	_
13	mehrjährige	_	mehrjährig	_	ADJA	_	acc|sg|fem|pos	0	14	_	NK	_	_
14	Berufserfahrung	_	Berufserfahrung	_	NN	_	acc|sg|fem	0	12	_	CJ	_	_
15	verfügen	_	verfügen	_	VVFIN	_	_	0	2	_	OC	_	_
16	.	_	--	_	$.	_	_	0	15	_	--	_	_
													
1	Ferner	_	ferner	_	ADV	_	_	0	2	_	MO	_	_
2	setzen	_	setzen	_	VVFIN	_	pl|1|pres|ind	0	0	_	--	_	_
3	wir	_	wir	_	PPER	_	nom|pl|*|1	0	2	_	SB	_	_
4	gute	_	gut	_	ADJA	_	acc|sg|fem|pos	0	6	_	NK	_	_
5	CAD_PC-	_	CAD_PC	_	TRUNC	_	_	0	6	_	NK	_	_
6	Kenntnisse	_	Kenntnis	_	NN	_	acc|pl|neut	0	2	_	OA	_	_
7	voraus	_	voraus	_	PTKVZ	_	_	0	2	_	SVP	_	_
8	.	_	--	_	$.	_	_	0	7	_	--	_	_
													
1	Kenntnisse	_	Kenntnis	_	NN	_	nom|pl|neut	0	17	_	SB	_	_
2	in	_	in	_	APPR	_	_	0	1	_	MNR	_	_
3	den	_	der	_	ART	_	dat|pl|masc	0	4	_	NK	_	_
4	Bereichen	_	Bereich	_	NN	_	dat|pl|masc	0	2	_	NK	_	_
5	VDE	_	VDE	_	NE	_	_	0	7	_	PNC	_	_
6	_	_	--	_	NE	_	_	0	7	_	PNC	_	_
7	VdS	_	VdS	_	NE	_	_	0	4	_	NK	_	_
8	0	_	--	_	$,	_	_	0	7	_	--	_	_
9	DIN	_	DIN	_	NE	_	_	0	7	_	CJ	_	_
10	sowie	_	sowie	_	KON	_	_	0	1	_	CD	_	_
11	Vertragsrecht	_	Vertragsrecht	_	NN	_	_	0	10	_	CJ	_	_
12	(	_	--	_	$(	_	_	0	11	_	--	_	_
13	BGB	_	BGB	_	NE	_	_	0	15	_	PNC	_	_
14	_	_	--	_	NE	_	_	0	15	_	PNC	_	_
15	VOB	_	VOB	_	NE	_	_	0	11	_	PAR	_	_
16	)	_	--	_	$(	_	_	0	15	_	--	_	_
17	runden	_	rund	_	VVFIN	_	pl|3|pres|ind	0	0	_	--	_	_
18	Ihr	_	ihr	_	PPOSAT	_	nom|pl|*|2	0	19	_	NK	_	_
19	Profil	_	Profil	_	NN	_	acc|sg|neut	0	17	_	OA	_	_
20	ab	_	ab	_	PTKVZ	_	_	0	17	_	SVP	_	_
21	.	_	--	_	$.	_	_	0	20	_	--	_	_
													
1	Darüber	_	darüber	_	PROAV	_	_	0	3	_	MO	_	_
2	hinaus	_	hinaus	_	APZR	_	_	0	1	_	AC	_	_
3	sollten	_	sollen	_	VMFIN	_	pl|3|past|ind	0	0	_	--	_	_
4	Sie	_	sie	_	PPER	_	nom|pl|*|3	0	3	_	SB	_	_
5	gute	_	gut	_	ADJA	_	acc|pl|3	0	8	_	NK	_	_
6	Kommunikations-	_	Kommunikation	_	TRUNC	_	_	0	7	_	CJ	_	_
7	und	_	und	_	KON	_	_	0	8	_	CD	_	_
8	Teamfähigkeit	_	Teamfähigkeit	_	NN	_	gen|sg|fem	0	13	_	OA	_	_
9	0	_	--	_	$,	_	_	0	8	_	--	_	_
10	Flexibilität	_	Flexibilität	_	NN	_	gen|sg|fem	0	8	_	CJ	_	_
11	und	_	und	_	KON	_	_	0	10	_	CD	_	_
12	Einsatzbereitschaft	_	Einsatzbereitschaft	_	NN	_	gen|sg|fem	0	11	_	CJ	_	_
13	besitzen	_	besitzen	_	VVFIN	_	_	0	3	_	OC	_	_
14	.	_	--	_	$.	_	_	0	13	_	--	_	_
													
1	Von	_	von	_	APPR	_	_	0	3	_	MO	_	_
2	Vorteil	_	Vorteil	_	NN	_	_	0	1	_	NK	_	_
3	sind	_	sein	_	VAFIN	_	pl|3|pres|ind	0	0	_	--	_	_
4	Kenntnisse	_	Kenntnis	_	NN	_	nom|pl|neut	0	3	_	PD	_	_
5	der	_	der	_	ART	_	gen|sg|fem	0	8	_	NK	_	_
6	Elektro-	_	Elektro	_	TRUNC	_	_	0	7	_	CJ	_	_
7	oder	_	oder	_	KON	_	_	0	8	_	CD	_	_
8	Fernmeldetechnik	_	Fernmeldetechnik	_	NN	_	gen|sg|fem	0	4	_	AG	_	_
9	.	_	--	_	$.	_	_	0	8	_	--	_	_
													
1	Voraussetzung	_	Voraussetzung	_	NN	_	nom|sg|fem	0	2	_	PD	_	_
2	ist	_	sein	_	VAFIN	_	sg|3|pres|ind	0	0	_	--	_	_
3	Berufserfahrung	_	Berufserfahrung	_	NN	_	nom|sg|fem	0	2	_	PD	_	_
4	.	_	--	_	$.	_	_	0	3	_	--	_	_
													
1	Zudem	_	zudem	_	PROAV	_	_	0	2	_	MO	_	_
2	erwarten	_	erwarten	_	VVFIN	_	pl|1|pres|ind	0	0	_	--	_	_
3	wir	_	wir	_	PPER	_	nom|pl|*|1	0	2	_	SB	_	_
4	Ihre	_	ihr	_	PPOSAT	_	acc|sg|fem	0	5	_	NK	_	_
5	Bereitschaft	_	Bereitschaft	_	NN	_	acc|sg|fem	0	2	_	OA	_	_
6	zu	_	zu	_	APPR	_	_	0	5	_	MNR	_	_
7	Wochenend-	_	Wochenend	_	TRUNC	_	_	0	8	_	CJ	_	_
8	und	_	und	_	KON	_	_	0	9	_	CD	_	_
9	Schichtarbeit	_	Schichtarbeit	_	NN	_	dat|sg|fem	0	6	_	NK	_	_
10	.	_	--	_	$.	_	_	0	9	_	--	_	_
													
1	Eine	_	ein	_	ART	_	nom|sg|fem	0	3	_	NK	_	_
2	abgeschlossene	_	abgeschlossen	_	ADJA	_	nom|sg|fem|pos	0	3	_	NK	_	_
3	Ausbildung	_	Ausbildung	_	NN	_	nom|sg|fem	0	9	_	SB	_	_
4	als	_	als	_	APPR	_	_	0	3	_	MNR	_	_
5	Dreher	_	Dreher	_	NN	_	nom|sg|masc	0	4	_	NK	_	_
6	und	_	und	_	KON	_	_	0	3	_	CD	_	_
7	ausreichend	_	ausreichend	_	ADJD	_	pos	0	8	_	MO	_	_
8	Berufserfahrung	_	Berufserfahrung	_	NN	_	nom|sg|fem	0	6	_	CJ	_	_
9	werden	_	werden	_	VAFIN	_	pl|3|pres|ind	0	0	_	--	_	_
10	vorausgesetzt	_	voraussetzen	_	VVPP	_	_	0	9	_	OC	_	_
11	.	_	--	_	$.	_	_	0	10	_	--	_	_
													
1	Flexibilität	_	Flexibilität	_	NN	_	nom|sg|fem	0	5	_	SB	_	_
2	und	_	und	_	KON	_	_	0	1	_	CD	_	_
3	kundenfreundliche	_	kundenfreundlich	_	ADJA	_	nom|sg|fem|pos	0	4	_	NK	_	_
4	Elternarbeit	_	Elternarbeit	_	NN	_	nom|sg|fem	0	2	_	CJ	_	_
5	sind	_	sein	_	VAFIN	_	pl|3|pres|ind	0	0	_	--	_	_
6	für	_	für	_	APPR	_	_	0	5	_	MO	_	_
7	Sie	_	sie	_	PPER	_	acc|sg|fem	0	6	_	NK	_	_
8	keine	_	kein	_	PIAT	_	acc|sg|fem	0	9	_	NK	_	_
9	Fremdwörter	_	Fremdwörter	_	NN	_	*|*|*|pos	0	5	_	PD	_	_
10	.	_	--	_	$.	_	_	0	9	_	--	_	_
													
1	Entsprechend	_	entsprechend	_	ADJD	_	pos	0	2	_	MO	_	_
2	sind	_	sein	_	VAFIN	_	pl|3|pres|ind	0	0	_	--	_	_
3	uns	_	uns	_	PPER	_	dat|pl|*|1	0	10	_	DA	_	_
4	Flexibilität	_	Flexibilität	_	NN	_	acc|sg|fem	0	2	_	SB	_	_
5	0	_	--	_	$,	_	_	0	4	_	--	_	_
6	körperliche	_	körperlich	_	ADJA	_	acc|sg|fem|pos	0	7	_	NK	_	_
7	Belastbarkeit	_	Belastbarkeit	_	NN	_	acc|sg|fem	0	4	_	CJ	_	_
8	sowie	_	sowie	_	KON	_	_	0	7	_	CD	_	_
9	Deutschkenntnisse	_	Deutschkenntnis	_	NN	_	acc|pl|neut	0	8	_	CJ	_	_
10	wichtig	_	wichtig	_	ADJD	_	pos	0	2	_	PD	_	_
11	.	_	--	_	$.	_	_	0	10	_	--	_	_
