eaeb2a72-08f8-4876-92cc-f8d5cff5b651	383784	2
Erzieher_in für den stationären Jugendhilfebereich  in VZ zum 01.11. oder nach Vereinbarung gesucht.

d354ca7f-258f-47be-b6ac-75ac128b2c75	383784	2
IHRE AUFGABEN:
- komplette Jahresbetreuung einer Wohngruppe
- Planung und Durchführung von Freizeitangeboten
- fachliche pädagogische Dokumentation
- Verwaltungsarbeiten
- Planung und Durchführung von individualpädagogischer Fallführung
- Umgang mit Jugendlichen in Krisensituationen
- Zusammenarbeit mit Eltern und Behörden (Jugendamt)

05eaa961-26b6-4d50-80e0-7cfc116c2943	383784	3
IHR PROFIL:
- abgeschlossene Ausbildung als Erzieher_in
- idealerweise Erfahrung im Jugendhilfebereich oder Heimerfahrung

280bf041-eed2-41e0-9d1b-4c58028220fe	383784	3
ZWINGEND:  Führerschein Klasse B

392b4646-a9c7-475c-bc18-880b1625705f	383784	3
ERWÜNSCHT:
-Grundlegende Kenntnisse psychiatrischer Störungsbilder des Kindes- und Jugendalters,
-Teamfähigkeit
-Flexibilität
-Belastbarkeit
-Einsatzbereitschaft
-Verantwortungsbewusstsein
-soziale Kompetenz und Einfühlungsvermögen
-Bereitschaft zur Übernahme von Nachtdiensten.

27f1e1a1-6754-4799-8846-6a6da73fd53f	375335	1
Wir sind ein Traditionsgasthaus mit gutbürgerlicher Küche in der ___ Innenstadt.

629feff1-3b8e-4ccc-9062-73a61a8113a5	375335	2
Für unser Haus suchen wir ab sofort einen Sous-Chef (m_w) in Vollzeit.

d0492d2b-8dff-420c-bc78-d77b769a7772	375335	2
Aufgaben:
- A-la-Carte-Küche
- Zubereitung ___ Gerichte
- Vertretung des Küchenchefs

503c9b7c-c0f0-4dd1-8edd-38f84b22ec58	375335	3
Voraussetzungen:
- abgeschlossene Berufsausbildung als Koch_Köchin
- Zuverlässigkeit
- selbständige Arbeitsweise
- Flexibilität

83c64b55-0a87-4ab3-9c24-9bc6dc0c72a7	375335	2
Arbeitszeiten je nach Schichtplan zwischen 10 und 23 Uhr. Kein Teildienst!

f168d11b-c2b2-4685-98fd-bba023d40e3e	374302	2
Für die ___; ___, suchen wir zum nächstmöglichen Zeitpunkt einen Mitarbeiter für den Bereich Gaslöschanlagen:
Technischer Angebotskalkulator (m_w)

c570db26-913f-4ac0-8dc7-5dfa7bee9e1d	374302	2
Die Tätigkeit beinhaltet die Angebotskalkulation für Feuerlöschanlagen, Projektierung und Berechnung von Löschanlagen, Erstellung von Planungskonzepten und Angeboten, Bearbeitung und Kalkulation von Leistungsverzeichnissen sowie die Angebotsverfolgung mit Softwareunterstützung.

dc0677a6-1d69-4cc8-a262-4cbbe5043248	374302	3
Sie sollten über eine abgeschlossene Technikerausbildung der Fachrichtung Anlagenbau oder Versorgungstechnik und mehrjährige Berufserfahrung verfügen. Ferner setzen wir gute CAD_PC- Kenntnisse voraus. Kenntnisse in den Bereichen VDE _ VdS, DIN sowie Vertragsrecht (BGB _ VOB) runden Ihr Profil ab. Darüber hinaus sollten Sie gute Kommunikations- und Teamfähigkeit, Flexibilität und Einsatzbereitschaft besitzen. Von Vorteil sind Kenntnisse der Elektro- oder Fernmeldetechnik.

c083e6d9-ef3f-4705-bc54-b0ab95cfc1ab	370854	1
Unser Hotel mit seiner 4-Sterne-Superior-Klassifizierung ist das First Class Hotel der ___ ___. Ob Urlaub oder nur Übernachtung, ob Kultur oder Wellness, ob professionelles Tagen oder Familienfeier, genießen Sie unser stilvolles Ambiente, unsere Individualität sowie unseren erstklassigen Service.

258a81d8-9839-4272-b9ca-bb39ac53dda0	370854	1
Durch die zentrale Lage, direkt am ___, sind die Sehenswürdigkeiten, wie das ___, das ___ und die historische Altstadt, nur wenige Gehminuten entfernt.

8a18d4ad-5312-4899-b00e-78ba2fc712eb	370854	7
Zur Verstärkung unseres Teams suchen wir zum nächstmöglichen Einstieg eine_n Barkeeper_in. Voraussetzung ist Berufserfahrung. Zudem erwarten wir Ihre Bereitschaft zu Wochenend- und Schichtarbeit.

31876c87-cca4-4476-a7d0-63877ba78578	370854	4
Bitte bewerben Sie sich umgehend schriftlich, gern auch per email.

cbc3266d-8592-43c9-bf77-8cd1a1839635	369868	1
Das ___ bietet traditionell in ___ hergestellte, originale ___, dazu frischen Kartoffelsalat oder Sauerkraut. Auch ___ oder ___ finden sich im ausgewählten Angebot. Als Beilagen gibt es beliebte Brotspezialitäten, ___ und Brötchen. Ausgeschenkt werden ___ Bierspezialitäten, ___ Spirituosen, Wein aus ___ sowie diverse Softdrinks.

4d6393a6-fa42-4b3b-bfb1-70782d724308	369868	2
Zur Unterstützung unseres Teams suchen wir für den Standort in der ___ Innenstadt Assistent Restaurantleitung _ Schichtführer (m_w) in Vollzeit oder Teilzeit.

cef61a27-8d24-462a-8761-c90dc0345cd3	369868	2
Aufgaben:
- Assistenz der Restaurantleitung
- Einteilung der Mitarbeiter _ Schichtführung
- Restaurantservice

019a06fd-2eaa-42c3-adf7-8b51b90398f4	369868	2
Arbeitsbedingungen:
Vollzeit- oder Teilzeitbeschäftigung nach Absprache im 3-Schichtsystem während der Öffnungszeiten von 11-23 Uhr, kein Teildienst, kein Ruhetag. Bezahlung über Systemgastronomietarif. Arbeitskleidung wird gestellt. Jahresarbeitszeitkonto.

f50049a6-0d00-4e2d-9985-2136c6946076	369868	3
Voraussetzungen:
- Einschlägige Erfahrung in der Gastronomie erforderlich
- Führungsfähigkeit
- Gepflegtes Äußeres und Kommunikationsfähigkeit sind sehr wichtig
- Sehr gutes, fließendes Deutsch in Wort und Schrift zwingend erforderlich
- Offenheit und Lernbereitschaft

d847c57a-274b-4d19-b9f8-656d388822f6	369868	4
Bitte senden Sie uns Ihre Bewerbungsunterlagen schriftlich oder per E-Mail an:
___
Herr ___
___
___ ___
info@___.de

fb5535a8-f45f-4383-980a-e7350d64e771	369868	4
Bitte keine telefonischen Anfragen!

e4a5fb30-fc57-433f-a027-1eeed379baec	368867	2
Wir suchen für den ___ Kinderhort ___ (sozialpädagogische  Einrichtung für derzeit 66 Schulkinder in 3 Gruppen im Alter von 6 bis 14 Jahren)
ab 1. Dezember
eine_n staatl. geprüfte_n Erzieher_in oder Kinderpfleger_in

95239e09-272a-4561-8839-a5bd4e8b53d3	368867	3
Interessierte Bewerber_innen (auch Berufsanfänger_innen) sollten folgende Fähigkeiten und Qualifikationen mitbringen:
* Fähigkeit, in einem großen Mitarbeiterteam und mit großer Flexibilität zu arbeiten
* Durchsetzungsvermögen u. selbstständiges Arbeiten bei der Hausaufgabenbetreuung, Lernförderung, bei Projekten und Neigungsgruppen
* professionelle Arbeit mit Eltern, Lehrern und anderen Kooperationspartnern
* sehr gute pädagogische Kenntnisse und Einfühlungsvermögen, Interesse an Fortbildungen

cf3f1341-cc1c-48e9-ac45-55271307d9a7	368867	4
Wir freuen uns auf Ihre Bewerbung!

9ebfaad5-6820-44be-8adb-6281378849e4	361410	7
Wir suchen für unser Unternehmen in ___, zum nächstmöglichen Eintritt, 1 Fahrzeuglackierer_in oder Kraftfahrzeugmechatroniker_in mit entsprechenden Lackierkenntnissen. Eine abgeschlossen Ausbildung in diesem Bereich ist wünschenswert, jedoch nicht Bedingung. Einsatz erfolgt in der Fahrzeuglackierung.

47b3e3ab-ca94-42de-9d4c-b84a8464494c	356331	2
Zum nächstmöglichen Termin suchen wir Sie als

3b8268d7-1c95-4284-b181-9918ae7e8df1	356331	2
Elektroniker für Betriebs_Automatisierungstechnik (m_w) in 2-Schicht
zunächst befristet für 2 Jahre

cdb37b0b-1559-4a2a-9b3c-36b0de1a4cb5	356331	2
Ihre Hauptaufgaben:
¿ Fehlerdiagnose
¿ Reparatur
¿ Modifikation an Verpackungsmaschinen, Prozessanlagen sowie an haustechnischen Anlagen
¿ Wartung und Instandhaltungen an technischen Anlagen
¿ Umbau und Optimierung von technischen Anlagen nach Vorgaben

085d19a0-c5ec-4ee4-a4e8-87b4a277632c	356331	3
Ihr Profil:
¿ abgeschlossene Ausbildung im Elektrohandwerk idelalerweise als Elektroniker für Betriebs- oder Automatisierungstechnik
¿ einschlägige Berufserfahrung im industriellen Umfeld
¿ Kenntnisse _ Erfahrung in Automation, Sensorik sowie Kenntnisse in Prozesstechnik, Mess- und Regeltechnik
¿ Teamfähigkeit
¿ Bereitschaft zur 3- Schichtarbeit und Rufbereitschaft

23960ee9-7608-4e6f-b4e3-fd618a180cb5	356331	4
Bitte senden Sie Ihre Bewerbungsunterlagen an Frau ___, Personalreferentin.
Absolute Vertraulichkeit wird selbstverständlich zugesichert.

c1e37b4d-1ab7-4e86-b95d-b9b41658e7e7	348368	5
Unsere Seniorenresidenz ist idyllisch mit Blick auf ___ gelegen und bietet sonnige und erholsame Räumlichkeiten für unsere älteren und pflegebedürftigen Menschen.
Zur Verstärkung unseres Teams suchen wir eine Altenpflegefachkraft oder eine_n Gesundheits- und Krankenpfleger_in.

484d4fd1-6a14-41c2-ac10-80ff71d94994	348368	2
Ihre Aufgaben liegen u.a. in der Betreuung & Pflege, in der Pflegedokumentation sowie in der hauswirtschaftlichen Versorgung unserer Bewohner.

9cb9ad5b-9bd6-42f1-817e-052662905b31	348368	3
Zu Ihrem Profil gehören u.a.:
- eine positive Einstellung zu dieser Arbeit
- viel Verständnis und Einfühlungsvermögen für ältere & pflegebedürftige Menschen.

b2fdb081-64d3-491c-919e-279269bf6e21	348368	3
Idealerweise verfügen Sie bereits über Erfahrungen im Pflegebereich und besitzen eine adäquate Berufsausbildung bzw. fühlen sich den Aufgaben gewachsen.

5172beaf-b5e3-4804-b4cf-8bac99cb70f8	348368	2
Ihr Einsatz erfolgt im 2-Schicht-System für 35 h _ Woche, i.d.R. innerhalb der Zeiten 6 Uhr bis ca. 14 Uhr und 14 Uhr bis ca.21 _ 22 Uhr.

0c65b8e1-66c0-458e-96b8-02b0cd856e88	348368	2
Wir bieten Ihnen einen unbefristeten Arbeitsvertrag und eine Vergütung nach unserem aktuellen Tarifvertrag mit erhöhten Bezügen seit 2011.

74fba43c-a6ec-4476-8273-56c217356340	348368	3
Zu Ihren persönlichen Stärken gehören Zuverlässigkeit und Teamfähigkeit.

6a260edf-f23d-4385-bda3-3ac6a62609a8	348368	4
Wenn wir Ihr Interesse geweckt haben freuen wir uns auf Ihre schriftlichen Bewerbungsunterlagen oder Ihren Anruf.

b4ffa655-7a49-4697-8bb7-9e9ca004a3e8	339900	1
Über ___ Jahre Erfahrung in der Antennen- und Kommunikationstechnik und rund ___ Mitarbeiter im Firmenverbund sind eine sichere Basis für unseren Erfolg - heute und morgen. ___ ist der ___ Antennensystemhersteller. Ob Satellitenempfangsanlagen, Mobilfunk-, Auto-Antennen oder Sende- und Empfangsantennen für den professionellen Einsatz -
___ ist weltweit führend.

67b46bcd-67d0-4fde-afa7-3dea234134fe	339900	2
Zum baldmöglichsten Zeitpunkt suchen wir einen

8867d374-f41b-424d-a4aa-31ffe0c75022	339900	2
Vertriebsmitarbeiter (m_w) für unsere Abteilung Vertrieb Mobilfunkkomponenten wie Antennen, Filter und Verstärker.

8582b3f2-1182-4b85-a360-e3c6d994e8aa	339900	2
Ihre Aufgaben:
· Weltweite Vermarktung von Mobilfunk-Systemkomponenten
· Bearbeitung von technischen und kommerziellen Anfragen von Kunden und Vertretungen
· Key Account Management für Großkunden bzw. Regionen
· Bewertung und Bearbeitung von Ausschreibungen und Angeboten
· Erstellung von Präsentationen und Durchführung von technischen Schulungen und  Vorträgen
· Planung und Durchführung von Messen
· Beobachtung der Markt- und Konkurrenzsituation

984c7a10-3af0-4abc-9c7f-fec4b5244065	339900	3
Ihr Profil:
· Erfolgreich abgeschlossenes Studium der Fachrichtung Elektrotechnik oder Wirtschaftsingenieurwesen mit Schwerpunkt Elektrotechnik
· Bereitschaft zu Dienstreisen weltweit
· Verhandlungssichere Deutsch- und Englischkenntnisse in Wort und Schrift
· Belastbarkeit, Teamfähigkeit

4157fc0f-29ae-42f7-94f8-6e6028a347d7	339900	5
An unserem Standort im landschaftlich schön gelegenen ___ bieten wir Ihnen ein interessantes Arbeitsumfeld in einem zukunftsorientierten Unternehmen bei attraktiven Arbeitszeitmodellen und leistungsgerechter Bezahlung

c663f934-54e5-467b-a26c-25f52cb776ff	339900	4
Interessiert?
Dann senden Sie Ihre aussagekräftigen Bewerbungsunterlagen unter Angabe der Kennziffer ___ an folgende Adresse:
___
Zentralbereich Personal- und Sozialwesen
___
___ ___
email: bewerbung@___.de

c757906b-6ea8-4aa7-8fd8-993310dec637	338713	7
In unserem modernen und schnell expandierenden Unternehmen bieten wir Ihnen die Chance unserer als Fachberater (m_w) Kraftfahrzeuge und -teile in Vollzeit unbefristet einzusteigen.
Sie arbeiten in einem engagierten Team mit und erhalten die Möglichkeit, durch individuelle Weiterbildungs- und Aufstiegsmöglichkeiten anspruchsvolle Aufgaben in einem stark wachsenden Großunternehmen zu übernehmen.
Ihre Aufgaben:
- Durchführung von Kundenberatung und Verkaufsgesprächen bzgl. Reifen, Autozubehör,
Verschleißteilen und Dienstleistungen jeglicher Art für alle gängigen Fahrzeugtypen
- Auftragsannahme
- Einhaltung der Lagerordnung und Sauberkeit im Verkaufsraum
- Mitwirken bei der Wareneingangskontrolle, Warenpflege und Warenplatzierung
Ihre Kenntnisse und Fähigkeiten:
- erfolgreich abgeschlossene Berufsausbildung als Verkäufer_-in oder Kaufmann_-frau im
Einzelhandel, idealerweise in der Kfz Branche
- gute Fachkenntnisse und ausgeprägtes Kommunikationsvermögen
- Eigeninitiative und Flexibilität
- Kfz-Mechaniker oder Erfahrung VerKauf Kfz-Teile
- gute EDV- Kenntnisse (MS-Office)
- Führerschein Klasse B zwingend vorausgesetzt

bdff3433-4118-4b30-ac99-1eaeaedfa72d	338713	4
Sie sind interessiert? Dann freuen wir uns auf Ihre schriftliche Bewerbung, gerne auch per Email zu Händen Frau ___.

ff49786b-8a8f-43f4-bdd5-4d0d3ed1d4cb	321259	1
Wir sind ein Unternehmen aus dem Landkreis ___, welches im Kabelleitungstiefbau tätig ist.

d89a4044-5355-4dfe-a5b8-8a5de674b988	321259	2
Wir suchen mehrere Tiefbauhelfer_in.

37a11a05-be07-41a6-87d0-67e7e5854bd0	321259	7
Im Rahmen der Tätigkeiten im Kabelleitungstiefbau sind Schachtarbeiten vorzunehmen, Strom- und Kommunikationskabel unterirdisch zu verlegen und auch Hausanschlüsse und Übergabestellen herzustellen.
Von Bewerbern wird erwartet, dass
1.) Motivation vorhanden ist.
2.) bundesweite Mobilität gegeben ist. Hierzu benötigen Sie Führerschein B und Pkw, mit welchem Sie die Baustellen anfahren, soweit dies entfernungsmäßig günstiger erscheint als der Transport per Firmenfahrzeug ab Firmensitz.
3.) vorhandener Führerschein bis 7,5 t

7cdb57a2-fae7-4d28-af90-1c3eeb6c6091	315852	7
Ein kleiner Handwerksbetrieb sucht für den Einsatz in ___ und Umgebung 1-2 Parkett- oder Bodenleger. Sie sollten über einen abgeschlossenen Beruf in der Branche und Berufserfahrungen in der Untergrundvorbereitung und Parkett- oder Bodenverlegung verfügen.

ad3b70b3-1d5a-4dfb-a8b4-dfa3d09ba2c4	315852	2
Tätigkeitsprofil:
- Verlegung von Parkettböden, Laminat, Teppiche, Bodenbelag
- Untergrundvorbereitung

26e85da2-a621-4419-a044-8be75b2a19a0	307730	5
Als mittelständisches Unternehmen und Hersteller für elektro-optische Messgeräte im Labor und Industrie-bereich mit Sitz in ___ suchen wir im Rahmen einer Nachfolgeregelung für unsere Serviceabteilung _ Prüffeld einen erfahrenen, dynamischen Elektronik-Ingenieur.

0c528c02-8944-4e48-a9c6-b410e7886281	307730	2
Im Team, sowie unter Anleitung eines erfahrenen Fertigungsleiters sind neue optisch ¿ elektronische Instrumente in Betriebzunehmen und bis zur Lieferfähigkeit fertig zu stellen. Des Weiteren umfasst die Aufgabe auch die Fehlersuche und Reparatur an allen aktuellen Instrumenten sowie ebenfalls an deren Vorgängermodellen. Aufgrund der internationalen Ausrichtung des Unternehmens ist auch oftmals Servicetechnikern in anderen Ländern Hilfestellung durch E-Mails oder Telefongesprächen zu leisten.
Dienstreisen innerhalb Europas aber auch ins fernere Ausland sind ebenfalls Voraussetzung für die Stellenbesetzung.

787dcf1d-d222-41a7-9387-d8b696f8c99f	307730	3
Hierzu werden umfangreiche Kenntnisse der Elektrotechnik, ein sicherer Umgang mit dem PC als auch sehr gute Datenverarbeitungskenntnisse benötigt. Eine sichere Kommunikation in englischer Sprache ist ebenfalls Grundvoraussetzung. Die Möglichkeit in einer zweiten Fremdsprache zu kommunizieren wäre hilfreich. Ein wesentliches Verständnis des Aufbaus und der Funktionsweise optischelektronischer
Messgeräte sowie Erfahrungen in Programmiersprachen wie z.B. C++, Basic, Pascal, Qt-Framework und Linux wären von Vorteil.

79c17268-1815-443d-a4d7-2afa8d7c7153	307730	3
****************************************************************************************************************Anforderungen:
¿ Studium der Elektrotechnik oder der technischen Informatik TU_FH
¿ Sichere Kommunikation in englischer Sprache, eine weitere Fremdsprache wäre hilfreich
¿ Eigenverantwortlicher, zielstrebiger und selbstständiger Arbeitsstil
¿ Hohe Teamfähigkeit
¿ Fundiertes theoretisches und praktisches Wissen, insbesondere in den Bereichen Analog und Digital-technik sowie im Bereich der Mikrocontroler (ARM + DSPIC)
¿ Sehr gute PC-Anwenderkenntnisse und fundierte praktische Erfahrungen, speziell mit MS ¿ Office
¿ Grundkenntnisse der Programmierung in C_C++, Basic und_oder Pascal sowie
Qt-Framework und Linux

****************************************************************************************************************

aeeb6d10-1e09-4f66-89f9-8b0be98d092b	307730	4
Der Arbeitgeber arbeitet bei der Bewerberauswahl eng mit der Agentur für Arbeit zusammen. Bitte richten Sie Ihre Bewerbungsunterlagen unter Angabe der Referenznummer an:
___@arbeitsagentur.de

bca1009d-e7a0-44aa-a998-6ff41dee1216	304084	2
Zur Verstärkung unseres Teams suchen wir:
eine_n Gesundheits- und Krankenpfleger_in oder Altenpfleger_in

6ab8497e-100e-49d8-88bf-d2a539178d3d	304084	2
Ihr Einsatz ist bei den Patienten in deren Häuslichkeit
- Medikamente verabreichen und herrichten
- Injektion s.c.
- Wundverbände
- Injektion i.m.
- Kompressionsstrümpfe an- und ausziehen
- Grundpflege mit Zubereitung des Essens
- Einkäufe

311dda1e-8367-4c22-854c-e2269954157c	304084	3
Folgende Voraussetzungen sollten Sie mitbringen:
- 3-jährige Ausbildung zur_zum Krankenschwester_-pfleger; Medizinische(r)m Fachangestellten (Arzthelfer_in) oder Altenpfleger_in
- eine positive Einstellung zur Pflege
- alleinverantwortliches Arbeiten
- Teamarbeit_Teamfähigkeit
- ein zugewandtes, freundliches Wesen
- eine sympathische Erscheinung

309714dd-b961-44e6-b5db-202e21b23fb7	304084	2
Wir bieten Ihnen:
- ein interessantes Aufgabengebiet
- ein gutes Arbeitsklima
- ein versiertes Team
- regelmäßige Fortbildungen
- ein überdurchschnittliches Gehalt

75018b51-9178-46ff-9676-9f0cbe1dd67e	298560	7
Wir suchen umgehend flexible Berufskraftfahrer (m_w), welche im Fernverkehr mit unseren Schubboden- LKW unterwegs sind.
Berufserfahrung und berufstypische Kenntnisse und Fähigkeiten sind erwünscht.

802659e1-6138-4025-9d96-5708e860927b	293146	2
Gesucht wird eine Reinigungskraft (m_w) für ein Objekt in Freiburg Nähe Hauptbahnhof.

27baf599-e317-486b-a1a0-4a9e63fcd3af	293146	2
Zu Ihren Aufgaben gehören u.a.
- Bodenbeläge reinigen,
- Gebäudeinnen-_Unterhaltsreinigung
- Grundreinigung

784fcea7-682d-425d-838b-f7ba76b271c1	293146	4
Telefonische Bewerbungen unter ___

05dc4f04-6bdd-4369-abc1-0c3833158fff	291611	7
Behandlung von Kleintieren in der Kleintierklinik.
Entsprechende Ausbildung wird vorausgesetzt.
Erfahrung im Bereich Kleintiere wird erwartet.

9bf82938-6344-4817-b915-4b194f4d4444	279247	2
Wir bieten eine Stelle als Zimmerer_in bzw. Zimmerermeister (m_w).

398152cc-da44-4e49-a8e0-3b435f20b676	279247	2
Aufgabengebiet:
- Herstellung von Holzkonstruktionen und Holzbauten jeglicher Art
- Renovieren und Sanieren von historischen Gebäuden oder Inneneinrichtungen aus Holz

23b3abc2-3178-4205-aecf-5efaf8eca483	279247	3
Voraussetzung:
- abgeschlossene Ausbildung zum_zur Zimmerer_Zimmerin
- zuverlässig, flexibel, motiviert
- Führerschein und Fahrzeug zum Erreichen des Arbeitsortes erforderlich

aacc29a5-ca89-41f3-bff9-db488b5d1dce	279247	4
Fühlen Sie sich angesprochen?..dann melden Sie sich jetzt bei uns.....Wir freuen uns auf Ihre Bewerbung.

5ba032d9-848e-4a2a-9552-2db5f097294c	274600	7
Wie suchen zur sofortigen Einstellung:
eine_n Monteur_in in Vollzeit
für die Montage von Fenstern & Türen in Dauerstellung.
Ideal wäre eine abgeschlossene Berufsausbildung als Tischler oder Schreiner.
Berufserfahrung im Montieren von Fenstern und Türen ist erforderlich.

ec074ed7-3811-4958-b69f-a22d8ff5e97d	274600	4
Haben Sie Interesse? Senden sie Ihre Bewerbungsunterlagen an:
___ Fenster& Rollladen
___
___ ___
oder per E-mail an: info@___.de
oder telefonisch unter ___

71560dd4-4ced-4364-afba-50a89540009a	270380	2
Konstruktionsmechaniker zur Montage  von kundenspezifischen Schweißbaugruppen bis 5 Tonnen Stückgewicht. Die Fertigung erfolgt nach vorgegebenen Plänen und Zeichnungen unter Anwendung von WIG, MIG, MAG.

4b889926-531e-440c-83bf-970be18d12d7	270380	7
Wir benötigend dringend Schweißer, die sich vor allem mit WIG-Schweißen auskennen.

3a7982aa-5bcc-494b-a4af-730fdcf63303	269796	2
Wir suchen ab sofort zwei zuverlässige Dachdecker_innen - Dach-, Wand- und Abdichtungstechnik und zwei Dachdeckerhelfer_innen für unser Unternehmen in ___.

4ae390bd-b5ff-4e06-bb11-9fa0c2cfbbd7	269796	2
Der Einsatz erfolgt im Rahmen der typischen Dachdeckertätigkeiten, z.B. Erstellen von Holzkonstruktionen, Decken des Daches. Sie bauen Dämmstoffe ein und dichten Dach-, Wand- sowie Bodenflächen ab.  Außerdem stellen sie Fassadenbekleidungen her, bereiten Flachdächer für Dachbegrünungen vor, planen Vorrichtungen an Dächern und Außenwänden, beispielsweise Dachrinnen oder Blitzschutzanlagen, bringen diese an und überprüfen sie. Alle genannten Teilbauwerke warten, inspizieren und reparieren sie auch.

d3bd801c-a080-4e6c-bbf1-1bd1cb217f9c	269796	3
Unsere Anforderungen:
- Körperlich belastbar
- PKW wünschenswert

72f20179-132d-4e48-9a37-2d36c57ceaec	269796	4
Haben wir Ihr Interesse geweckt? Wir freuen uns auf Ihre kompletten Bewerbungsunterlagen.
Bitte treten Sie vorab telefonisch unter ___ oder per E-mail unter: ___ mit uns in Verbindung.
Wir freuen uns auf Ihre Bewerbung!

4319fed0-0515-47b7-b5f8-d1b2da75af37	268456	2
Wir suchen zum baldmöglichen Eintritt eine_n

f19750cb-981e-42c4-9009-37685d760794	268456	2
Ihre Aufgaben:
¿ Erstbeurteilung von Anfragen
¿ Erstellung von Angeboten in Zusammenarbeit mit Vertriebsingenieuren, Nachhalten von
Angeboten, Pflege von internen Excel-Dokumenten _ CRM
¿ Erstellung und Aufbereitung von Vertriebsunterlagen, Datenblätter, Massblätter,
Produktunterlagen, Referenzlisten
¿ Kontaktpflege mit Kunden und Agenten im Ausland (überwiegend telefonisch und Email)
¿ Unterstützung für Vertriebsingenieure
¿ Reisebereitschaft

1a063537-24fa-4d81-8749-a99fb396d1cf	268456	3
Ihr Profil
¿ Techniker mit Vertriebserfahrung, gerne auch Techniker die Vertriebserfahrung suchen oder
¿ Kaufmann _ -frau mit Erfahrungen im technischen Vertrieb und _ oder in
erklärungsbedürftigen Investitionsgüter _ Anlagenbau
¿ Erfahrungen in Exportgeschäften und _ oder kaufmännischen Vertragsabwicklungen sind von
Vorteil
¿ Gute IT-Kenntnisse mit verschiedenen EDV- Anwendungen und Softwareprogrammen
insbesondere MS Office, SAP Erfahrung sind von Vorteil
¿ Sehr gute Deutsch- und Englischkenntnisse in Wort und Schrift, (koreanisch, chinesisch,
indisch) sind von Vorteil
¿ Offene Persönlichkeit, gute Kommunikationsfähigkeit
¿ Schnelle Auffassungsgabe, selbstständiges Arbeiten, Verständnis für unterschiedliche
Kulturen
¿ Teamfähigkeit
¿ Reisebereitschaft

9e3cb9db-0dfa-478f-b526-116ead1b2c72	268456	2
Unser Angebot
¿ Interessanter Arbeitsbereich in einem jungen dynamischen Team
¿ Entwicklungsmöglichkeiten im Vertrieb, Eigenverantwortung
¿ Angenehmes Arbeitsklima

4d594160-6641-4d66-9af6-e440705b4b34	268456	4
Sie interessieren sich für eine berufliche Zukunft mit uns?
Bitte senden Sie Ihre kompletten Bewerbungsunterlagen an ___, Personalabteilung, ___, ___ ___ oder gerne auch per E-Mail an: Bewerbung@___

709ee9fb-4751-4970-a556-6710bf332f07	267562	2
Wir suchen für unser Geschäft eine_n Verkäufer_in zur Aushilfe auf 400 EUR Basis (Einsatz nach Absprache).

5fa95548-8ec0-491f-a2f4-70a0e083b7c8	267562	2
Ihr Aufgabengebiet:
- Verkauf von Tabakwaren, Zeitschriften
- Bedienung Lotto-Terminal

7ce6de05-00e8-4063-b5f6-d76f0b7730ba	267562	3
Ihr Profil:
- Verkaufserfahrung erwünscht
- Kundenfreundlichkeit
- Zuverlässigkeit
- Flexibilität

b9d93c68-854a-4971-993d-43a8ae803064	267562	4
Haben wir Ihr Interesse geweckt?
Dann bewerben Sie sich persönlich bei uns.
Wir freuen uns auf Ihre Bewerbung!
___

b53811bf-923e-4f2d-9f9d-c47779b70017	265962	2
Wir suchen Kraftfahrer (m_w) BdF Hängerzug mit Führerschein Klasse B  oder CE
Tag oder Nacht
für den Einsatz im Nahverkehr, Großrau ___
für den Einsatz im Nachtverkehr Linienverkehr
Beides mit Wechselbrückenzug

7e550a84-dfef-4d15-a44e-bd7e6f09cdae	265962	3
Voraussetzungen:
Fahrpraxis Lkw
Anhängererfahrung
ADR Schein
Technisches Know-how Lkw
Ortskenntnisse

11cd0f49-312f-45fd-b098-159fa3c3fe6b	254860	1
Als ___ vereinen wir drei Vertriebsbereiche unter einem Dach: ___, ___ und ___. Seit über ___ Jahren entwickeln, produzieren und vertreiben wir erstklassige Produkte für Kinder, Familien, Bildungs- und Betreuungseinrichtungen.
Mehr als ___ Mitarbeiter sind mit Einsatzbereitschaft und innovativen Ideen ein wesentlicher Schlüssel zu unserem Erfolg.

7898707f-e70d-45c2-8b1e-275195fe27bb	254860	1
Als Unternehmensbereich der ___ steht ___ seit über ___ Jahren für Kindersachen mit Köpfchen. Mit frischen, unkonventionellen Ideen erreichen wir europaweit Familien mit Kindern von 0 bis 10 Jahren. Mit unseren Fachgeschäften bieten wir unseren Kunden ein vielseitiges Verkaufserlebnis für die ganze Familie.

056599fc-05c2-40f4-be91-7fbbd282a71a	254860	2
Zum Start der Weihnachtssaison suchen wir für unsere ___ Filiale in ___ ab sofort mehrere
Aushilfen (m_w) in ___,
die zeitlich flexibel für ca. 10 ¿ 20 Stunden pro Woche unser Team unterstützen.

dd19c713-cd43-468f-abb8-13cea5b3a001	254860	2
Ihre Aufgaben sind u. a.

92499555-af10-4f42-9451-224360e5da87	254860	2
- Unterstützung der Kassenkraft, z. B. Bekleidung zusammenlegen, Ware einpacken
- Geschenke einpacken
- Nachbestückung von Ware aus dem Lager
- Vorbereitung der angelieferten Ware für den Verkauf, z. B. Aufbügeln von Textilartikeln auf Kleiderbügel, Prüfen bzw. Anbringen der Warenauszeichnungen
- Kundenservice, z. B. Unterstützung beim Tragen der gekauften Ware zum Auto, Aufräumen des Elterncafés

bf9aad08-6bd7-4aa7-b421-8639c2390b53	254860	3
Sie verfügen über eine ausgeprägte Kundenorientierung, sind flexibel und bringen idealerweise bereits erste Erfahrungen im Einzelhandel mit. Mit Ihrem freundlichen und sicheren Auftreten überzeugen Sie bei unseren großen und kleinen Kunden. Zudem sind Sie absolut zuverlässig, belastbar, arbeiten selbstständig und behalten auch in Stresssituationen den Überblick.

85f8789b-991c-4c83-9654-77c66042524c	254860	4
Würden Sie uns gerne engagiert unterstützen? Dann senden Sie Ihre Kurzbewerbung (Anschreiben, Lebenslauf) gerne auch per E-Mail schnellstmöglich an unsere Assistentin im Personalbereich ___. Sie erreichen sie auch telefonisch unter ___ oder per Mail unter personal@___.de.

4df384f9-b4f7-4553-ba0e-e887fc8a7bf9	254860	4
___   -   ___   -   ___ ___

c4af0cac-7576-4eb5-b1bf-5ed0916e6c4d	251639	2
Wir, das Kleintierzuchtverein in ___ sucht zum nächstmöglichen Zeitpunkt
eine engagierte Servicekraft (m_w) in Teilzeit oder Vollzeit.

8a6aa65b-11fb-4f0c-9fa0-f9e2505f40c9	251639	7
Sie werden im a-la-carte-Bereich und in unserem Biergarten tätig sein.
Wir wünschen uns einschlägige Berufserfahrung in der Gastronomie.

d5ac38f2-e817-4e69-904a-86a92a17c84c	251639	4
Würde Ihr Interesse geweckt, dann freuen wir uns auf Ihre Kontaktaufnahme.

4d0f9e20-90e4-40a4-82ef-9f289897b1a0	250721	7
Bodenlegebetrieb sucht qual. Maler_in mit Berufserfahrung für
- Renovierungsarbeiten im Innenbereich
- Tapezieren
- Streichen
- Lackieren
Führerschein mindestens Klasse B erforderlich

12f58e34-cb18-4dc8-96ee-710c95ec99a9	248356	2
gesucht wird ein Sanitär_Heizungs-Monteur (m_w) für NRW-weiten Einsatz

96a0a7c9-9340-4f28-a06a-b4d8113cd5aa	248356	3
Voraussetzungen:  selbständiges Arbeiten und  FS Kl.  B _ 3

aa78845a-864e-4bb9-a625-47affa23308f	247009	1
Beschreibung der Firma:
Transportunternehmen und Spedition

f44830b8-4ad4-4da1-91da-4e4336c4a60f	247009	2
Aufgabengebiet:
- Fahrten mit Solofahrzeug (12to)

25ce4922-569b-4ae3-82cd-54949629e68b	247009	3
Anforderungsprofil:
- Zuverlässig
- Engagiert
- Selbständig

78fd0d68-0420-4dc7-8eb0-c98d3ecea79a	241312	7
Gesucht wird ab sofort ein_e Stuckateur_in mit folgenden Schwerpunkten:
1. Führerschein wünschenswert
2. Berufserfahrung gewünscht, allerdings keine Bedingung

5a68fee6-8211-441a-9ac0-df710e8fb217	241312	4
Kontaktaufnahme tel.: ___, Herr ___

e0a10b91-6413-4086-afce-58838ffb0399	238433	2
Für unser zentral gelegenes ___ 3-Sterne-Hotel suchen wir ab sofort
eine_n Mitarbeiter_in für den Bereitschaftsdienst.

3916bf26-6fb4-4ce8-9b1e-8fc4c123245a	238433	2
Wir bieten Ihnen ein Dienstappartment in unserem Hotel und stellen Ihnen ein Diensthandy zur Verfügung.

acae4e99-1287-461e-817e-a1bdaea80e63	238433	2
Ihre Aufgaben bestehen darin, in der Zeit zwischen 22 Uhr und 6 Uhr Morgens den Telefondienst zu übernehmen, bei Bedarf Gäste einzulassen und generell in Notfällen vor Ort zu sein.

aa21b8fe-02f1-4d32-a771-919eef96b90d	238433	3
Wenn Sie grundlegende Computerkenntnisse haben, flexibel und kundenorientiert sind und ein einwandfreies polizeiliches Führungszeugnis haben, dann bewerben Sie sich bei uns!

af55eea1-c326-4d57-aa77-17745743dcdf	236001	1
Als Partner der Zukunft bietet ___ Ihnen viele Chancen. Und alle Perspektiven eines internationalen Engineering-Unternehmens, das ein Mal mehr in Folge als Top-Arbeitgeber ___ ausgezeichnet wurde.

fa9164bc-7c63-4ef1-8502-f745007e483f	236001	2
Konstrukteur für Großgetriebe (m_w)

0ce0c61f-2fe8-4558-9406-48f976d6ca6e	236001	2
Ihre Tätigkeit
¿ Entwurf und Konstruktion von Großgetrieben
¿ Entwicklung moderner Antriebssysteme
¿ Durchführung von Untersuchungen über Funktion, Anordnung und Gestaltung
¿ Berechnung von Festigkeit, Lebensdauer, Verschleiß, Dimensionierungen und
Gewicht der zu konstruierenden Teile

b51206c2-1a42-40f7-89b6-590b8a88e9d8	236001	3
Ihr Profil
¿ Diplomingenieur_in Maschinenbau
¿ Kenntnisse in der Maschinenkonstruktion
¿ Mehrjährige Berufserfahrung in der Antriebstechnik _ Getriebekonstruktion
¿ Ausgeprägte Erfahrung mit 3D CAD Systemen, vorzugsweise Pro_Engineer
¿ Gute EDV-Kenntnisse (MS Office)
¿ SAP Kenntnisse sind von Vorteil
¿ Englische Sprachkenntnisse

0869a0a8-7910-4cb7-9b6f-10fd8532736b	236001	4
Am schnellsten geht es, wenn Sie uns Ihre Bewerbung unter Angabe der Kennziffer und Ihrer Verfügbarkeit über unser Online-Bewerbungstool zur Verfügung stellen.

fea7e980-402a-45cd-aced-9daf36ed981b	236001	4
Selbstverständlich werden Ihre Angaben absolut vertraulich behandelt!

3320a4dc-6e84-4222-b785-8fd7a7dac645	229812	2
Wir suchen zum nächstmöglichen Zeitpunkt für die Spätschicht eine
*** Lagerfachkraft mit Kranerfahrung (m_w) ***.

4684fd3d-fc8b-4281-9273-005babde1ab8	229812	3
Staplerschein, Kranerfahrung sowie Erfahrung mit Stahl sind wünschenswert.

7baaad1a-9412-4920-a04b-d1db4f0a9e50	229812	4
Bei Interesse bewerben Sie sich bitte unter der angegebenen Adresse.

59b2005a-1a35-41ba-8eb2-c66e3f47a33d	225185	5
Wir sind ein regionaler Gebäudereinigungsservice.
Gesucht wird zum baldigen Eintritt 1 MA im Bereich Gebäudereinigung.

c1e8466c-1459-45a5-88b7-d8b9a7efae51	225185	3
Sie sollten insbesondere :
* über handwerkliche Kenntnisse verfügen
* belastbar, zuverlässig und flexibel einsetzbar sein
* Berufserfahrung wäre wünschenswert
* PKW-FS ist zwingend erforderlich

51510f16-9bea-4f53-acca-defb0923ad18	225185	4
Interessiert? Dann bewerben Sie sich.Wir freuen uns auf Sie!

05d933c1-a328-4a5d-a602-85960cb48005	222731	2
Wir suchen eine_n Hotelfachmann_-frau für unser attraktives Haus im Raum ___. Es handelt sich um eine unbefristete Vollzeitstelle.

41999ef6-e532-490d-9341-3cf9bb7c1742	222731	2
Ihr Aufgabengebiet beinhaltet:
1. Betreuung der Gäste während des Aufenthaltes in unserem Haus
2. Beratung der Gäste bei der Auswahl von Speisen und Getränken
3. Servieren, Kassieren
4. Etagenservice

46802c6f-2c1e-42e0-8f02-0eb3f48362d2	222731	3
Anforderungen:
1. abgeschlossene Ausbildung zum_r Hotelfachmann_-frau; Fachkraft im Gastgewerbe
2. praktische Erfahrung in den genannten Aufgabengebieten
3. Führerschein und PKW, um den Arbeitsort zu erreichen
4. Zuverlässigkeit, Kundenorientierung, selbstständige Arbeitsweise

ad245a88-f2bb-4b2b-80da-0986144c57b8	222731	4
Wir freuen uns auf Ihre aussagefähigen Bewerbungsunterlagen!

b058d045-235d-4acf-a8e5-e213029527ab	222222	2
Für unsere ___ in ___ und ___ suchen wir versierte Friseure (m_w) für Voll- und Teilzeitarbeit.

53de5232-6e74-4a08-918b-70d8380ade47	222222	2
Sie beraten und bedienen unsere Kunden in allen Fragen rund  um die Haarpflege und -kosmetik.

2101c6dc-a364-4179-b319-88a418ede5ef	222222	3
Wir erwarten umfassende Kompetenzen in Sachen Farbberatung, Haarfärben und -schneiden (___).

d6757186-21bc-4894-8d1b-0ebbc6efa90d	222222	4
Sollten Sie Interesse haben dann bewerben Sie sich bitte an:
___
___
___ ___
z.H. Frau ___

a6fee0e6-62ab-4abc-a2a3-58594c116cab	217052	2
In unserem
___-Haus für Kinder in ___
stellen wir ab sofort ein:
Kinderpfleger_in
als pädagogische Ergänzungskraft vorwiegend im Hortbereich
in Teilzeitbeschäftigung (35 Wochenstunden).

f08b46a6-0c55-4999-8426-56088e6fc58a	217052	3
Sie bieten unseren Kindern Kreativität, Begeisterung und Spaß, praktizieren einen partnerschaftlichen Erziehungsstil und arbeiten gerne in einem engagierten Team.
Flexibilität und kundenfreundliche Elternarbeit sind für Sie keine Fremdwörter.
Sie sind offen für Fort- und Weiterbildung und arbeiten mit dem ___ Bildungs- und Erziehungsplan.

732c8310-a35a-4332-be9e-2c6dbfefd5cf	217052	4
Ihre vollständigen Bewerbungsunterlagen erwarten wir möglichst umgehend.
Telefonische Auskünfte erteilt Ihnen vorab die Leiterin, Frau ___ unter der Telefonnummer ___.

9b93cb0b-e6ee-4425-9d0b-07420d9b4f89	217052	4
___-Kreisverband ___
___, ___ ___.
Tel. ___

23ee1463-61c9-42c4-b29a-fdff5808b135	215647	5
Wir sind eine hausärztliche Praxis und suchen zum 02.01.2012 eine_n Medizinische_r Fachangestellte_r

fea1c8ba-4a5d-4592-96aa-72915f5551aa	215647	2
Ihre Aufgaben:
- Digitale Karteikarte
- Belastungs-EKG
- Lungenfunktion
- Blutabnahme
- Anmeldungsbereich
- Abrechnung
- Updates

446bae9e-8155-49ec-b11e-62948ad697ce	215647	3
Ihr Profil:
- Abgeschlossene Ausbildung
- Gute allgemeine EDV-Kenntnisse
- Eine schnelle Auffassungsgabe, Teamfähigkeit, Freude am Umgang mit Menschen, Freundlichkeit und Flexibilität runden Ihr Profil ab

ad8aee89-3078-4cf2-8727-afe1cc6366e8	212345	2
Wir suchen ab sofort zwei motivierte Maler- und_ Lackierer_innen für Außenarbeiten.

3928c64a-c737-458f-9f50-b4ba4d135442	212345	3
Sie sollten Erfahrung in den Bereichen
- Wärmedämmung
- Außenarbeiten
- und Verputzen haben.

2695b994-349e-4e87-91ce-144d30a1ac74	212345	4
Sie können sich vorab telefonisch informieren und einen Vorstellungstermin vereinbaren.
Telefonnummer: Herr ___ ___

b56f637b-5964-4b6a-a22f-6abd6082c7bd	209867	2
Für den Zentraleinkauf unserer Verwaltung in ___ suchen wir eine_n
qualifizierte_n Sachbearbeiter_in.

a27d37d9-2842-41a2-9fd8-05960f66afcb	209867	2
Sie unterstützen einen Einkäufer bei der Erledigung seiner umfangreichen Aufgaben. Neben den üblichen Sekretariatsaufgaben haben Sie die Terminüberwachung, die Bearbeitung von Statistiken und die Vorbereitung von Qualitätsvergleichen selbständig wahrzunehmen.

ca781577-a9dd-4dde-9ab3-fe58d4b7ebda	209867	3
Vorausgesetzt wird eine abgeschlossene kaufmännische Ausbildung, sehr gute Kenntnisse der Office-Anwendungen Word, Excel und PowerPoint sowie gute Englischkenntnisse.

bfadad68-ac63-4d4f-a847-83dc3c35c181	209867	2
Wir bieten Ihnen ein attraktives Gehalt, interessante übertarifliche Zusatzleistungen sowie Gleitzeit innerhalb der 5-Tage-Woche.

13098f80-4872-464f-bb1f-e5baeb817d4b	209867	4
Senden Sie bitte Ihre Bewerbungsunterlagen z. Hd. Herrn ___ an:
___
___, ___ ___
Tel.: ___ _ ___ - ___

0e1d0593-f063-4d6f-8d2f-fc2089f85aa9	208787	1
Wir, die ___ sind ein im Jahr ___ gegründetes mittelständiges Unternehmen in ___.

83e60f71-1688-4f3e-b8d6-096540e786ff	208787	5
Als Spedition und Dienstleister stehen wir verschiedenen in ___ ansässigen Unternehmen zur Auslieferung unterschiedlichster Waren zur Verfügung.
Hierfür suchen wir ab sofort eine_n Berufskraftfahrer_in zur unbefristeten Beschäftigung! Sie werden im Nahverkehr, bei zweitägiger Heimkehr eingesetzt. Be- und Entladen gehört ebenso zu Ihren Aufgaben wie das An- und Abhängen der Züge.
Gegebenenfalls ist auch ein Einsatz im Fernverkehr denkbar.

53e675b6-780f-4d22-94e0-0b12a7da03ea	208787	3
Wir setzen den Besitz des Führerscheins der Klasse CE zwingend voraus. Sollten Sie Berufseinsteiger sein, so lernen wir Sie gerne an. Zuverlässigkeit ist zwingend erforderlich.

3abc928e-9451-4b73-8c3a-630cdfc116c4	208787	3
Erfahrung im Bereich Wechselbrücken, Hängerzüge und Sattelschlepper ist erwünscht.
Ein ADR-Schein wäre von Vorteil.

6e6cea4d-5811-47c9-a1d4-948bf9115356	208787	4
Bei Interesse bewerben Sie sich bitte telefonisch unter der ___. Ihr Ansprechpartner ist der Geschäftsführer, Herr ___.

b1515331-cda2-4020-a577-d1cd0e9cb531	208745	2
Für unsere Kantine suchen wir ab sofort noch eine_n Mitarbeiter_in in geringfügiger Beschäftigung (Minijob).
Die Stelle ist auf 1 Jahr befristet.
Arbeitszeit:   1 Tag_Woche (7h), voraussichtlich Montags
Vergütung:    165,00 €_Monat

a5c50a3e-6e30-4738-a570-020c46fcde3d	208745	2
Aufgaben:
- Eigenständiges Führen einer Kantine
- Zubereitung von Speisen
- alle anfallenden Arbeiten im Küchenbereich
- Speisentransport
- Speisenausgabe, Serviceleistungen
- Reinigung Küchenbereich

9acd41cf-2033-4285-9dc6-491df37b7107	208745	3
Anforderungen:
- Ausbildung als Koch_Köchin
- Erfahrungen im Kantinenbereich
- Engagement, kundenorientiertes Arbeiten
- Kooperations- und Kommunikationsfähigkeit
- Flexibilität und Zuverlässigkeit
- Führerschein Kl. B (alt: FS 3) zwingend erforderlich

99c84ed3-78d8-4a2d-91c0-7da107b7675f	208745	4
Bei Interesse bewerben Sie sich bitte ausschließlich schriftlich unter den angegebenen Kontaktdaten!

8c59ae40-6b99-488e-9048-6afad8e7d56d	206117	5
Die ___ ist eines der führenden Baumarktunternehmen in Europa mit über 13.000 Mitarbeitern in ___ Ländern. Die konsequente Umsetzung unserer Strategie, der hohe Anspruch an die Qualität der Märkte, das Sortiment und unsere Mitarbeiterinnen und Mitarbeiter haben das dynamische Wachstum in den letzten Jahren ermöglicht. Dies sind die Gründe, warum wir deutlich besser gewachsen sind als der Branchendurchschnitt.
Für unseren Bau- und Gartenmarkt in Osnabrück suchen wir ab sofort engagierte

788de01f-2673-4d5f-a025-e3e1b1a4e9e2	206117	2
Mitarbeiter (w_m) für den Bereich Servicetheke_Sonderbestellwesen
- in Vollzeit -
Ihre Aufgaben:
Kundenbetreuung
Verwaltung der Kundenaufträge
Warenausgabe
Warenausgabe der über Internet bestellten Waren,die im Markt abgeholt werden
Finanzierungen
Handwerkeraufträge betreuen
Telefondienst   etc.

4b9f2691-470b-4f6e-a621-9dc357c097f0	206117	3
Sie besitzen organisatorisches Talent und haben Freude am Umgang mit Menschen? Darüber hinaus sind Sie in der Lage auch in schwierigen Situationen den Überblick und die Ruhe zu bewahren? Wenn Sie zusätzlich noch über Durchsetzungskraft, körperliche Belastbarkeit, einen Staplerschein und Führerschein verfügen, sind Sie bei uns genau richtig.

105cadf6-82f6-4bf3-a546-5348e7ec918d	206117	2
Wir bieten
- einen sicheren Arbeitsplatz mit angenehmen Arbeitsbedingungen
- eine leistungsorientierte Vergütung ergänzt durch ein individuelles Prämiensystem
- ein attraktives Altersvorsorgemodell
- beste Chancen zur beruflichen Weiterentwicklung

79848a4c-69f7-4351-b1bd-b243c867688b	206117	4
Interessiert?
Dann bewerben Sie sich vorzugsweise über unser Kontaktformular in der Jobbörse oder schicken Sie
Ihre Unterlagen per Post bzw. E-Mail an die unten genannte Adresse.

9ab444ca-f26f-4a1b-b210-a02cbfec45bc	206117	4
___
___
___
___ ___
personal@___.___
Für eine schnellere Bearbeitung senden Sie Ihre Bewerbung bitte über unser Online-Portal: www.___

21ecfcea-eb66-446d-8a9b-77e384f8ac72	203558	7
Für unser "___", ein Pflegeheim mit 103 Plätzen, Servicehaus mit 24 Wohnungen_Appartements und ambulanten Pflegedienst, suchen wir einen Wohnbereichsleiter (m_w).
Sie sind verantwortlich für die Koordination aller dienstlichen Belange eines Wohnbereiches.
Voraussetzung: 1.) examiniert 2.) Berufserfahrung 3.) belastbar 4.) flexibel (Schichtdienst) 5.) Mobilität zum Arbeitsplatz

82d83017-e10e-4886-a0df-3f544e860ee4	200374	1
Unser Gasthof befindet sich außerhalb von ___, im Ortsteil ___. Ein an der Landkreisgrenze liegendes, heute zur Stadt ___ gehörendes Dorf.

6d1b4188-c4cb-4ebb-8cbd-bbd7c7595cdc	200374	2
Für unseren Landgasthof mit bayerischer, fränkischer Küche suchen wir ab sofort eine_n Koch_Köchin oder Beikoch_-köchin in Vollzeit.

f2052be5-4caa-400f-9df7-297b60321c9c	200374	3
Der Besitz eines Führerscheins und Fahrzeugs ist zur Erreichbarkeit des Arbeitsplatzes erforderlich.
Ansonsten kann ein Zimmer gestellt werden.

38a22dc6-051a-4848-b4cd-eff3ceed6f9f	193986	2
Wir suchen im Rahmen einer geringfügigen Beschäftigung (max. 400€) eine_n zuverlässige_n
Produktionshelfer_in
zum Verpacken.

57a35dbe-3aee-43d5-922a-ce2e6b977db9	193986	2
Der Einsatz erfolgt flexibel in der Zeit von 07:00 - 13.00 Uhr und von 13:00 - 17:00 Uhr.

b115ed1f-8c3c-4917-8c7f-7aed5c71a836	193986	4
Bei Interesse bewerben Sie sich bitte umgehend schriftlich oder telefonisch.

f523f050-188b-449b-8111-d685b9699b04	191272	1
Mit einer weltweiten Wachstumsrate von über 160% in nur 5 Jahren und über ___ Verkaufsstellen (Geschäften) in ___ Ländern, ist ___ eine ___ Marke, die momentan ihre Verkaufspräsenz in Europa verstärkt.
Mit unserem revolutionären und einzigartigen Material und unseren vielfältigen Designs sprechen wir eine große Zielgruppe an, von dem fashionbewussten Großstädter bis zu den Kunden, die Funktionalität und hohen Tragekomfort suchen. ___ versprechen langanhaltenden Tragekomfort für die tägliche Nutzung.
Im Rahmen unserer deutschlandweiten Expansion suchen wir für den Store im ___, neue Kollegen.

716fead8-bae7-4a05-9970-3444835ce4db	191272	2
Die Aufgaben und Hauptverantwortungsbereich:
¿ Sicherstellen eines ausgezeichneten Kundenservice der in Erinnerung bleibt
¿ Mithilfe bei Erreichung aller Verkaufsziele und Unterstützung des Store Managers
¿ Auffüllen und generelles Store Design
¿ Hilfe beim Wareneingang
¿ andere Aufgaben bezogen auf den Store, nach Anweisung durch den Store Manager
¿ einfache Kassiertätigkeiten
¿ einfache Lagertätigkeiten

cd184ffe-c37e-491a-89a2-8e2a81ab0402	191272	3
Voraussetzungen:
¿ Ausgezeichnete kundenorientierte Umgangsformen
¿ teamfähig
¿ Erfahrung in einem Kundenorientierten Unternehmen
¿ eine extrovertierte Persönlichkeit und kann auf Menschen zugehen
¿ schon in der Vergangenheit nach Zielvorgaben gearbeitet
¿ Visual flair und Kreativität
. Berufserfahrung in ähnlicher Position

67a635f2-6364-435b-8cd7-7a4ce0729e8f	184700	1
Das Team von ___ hat sich auf dem ___ Immobilienmarkt auf die Verwaltung von Wohn- und Geschäftshäusern sowie Wohnanlagen in ganz ___ spezialisiert. ___ verfügt über eine Unternehmensstruktur, die auf jahrzehntelanger Erfahrung basiert.

d848d0d5-c876-4ce0-aca4-97aa6009d0c3	184700	2
Zur Unterstützung unseres Teams suchen wir eine versierte Fachkraft in der Wohnungsverwaltung von A-Z. Die Stelle ist zunächst befristet auf ein Jahr mit der Option auf eine unbefristete Übernahme.

d3a21ace-e4c8-4944-8945-5fe5205f9853	184700	2
Ihre Aufgaben umfassen u.a.

d288b327-5883-40be-838a-cecfda84b6d9	184700	2
- Mieterbetreuung, -sprechstunde
- Abschluss von Mietverträgen
- Bearbeitung der Beendigung von Mietverhältnissen
- Durchführung von Wohnungsabnahmen- und übergaben
- Bearbeitung von Versicherungsfällen
- Instandhaltung: Angebotseinholung, Auftragsvergabe, Abnahme
- Widerspruchsbearbeitung
- Stammdatenpflege

bfc41194-5e1e-4998-aee3-c6fcbfdd2df7	184700	3
Wir wünschen uns:
* eine abgeschlossene Ausbildung als Immobilienkaufmann_-frau
* Berufserfahrung in der Hausverwaltung von A-Z
* einen routinierten Umgang mit MS-Office
* vorzugsweise Erfahrung mit der Software Domus und
* gute Umgangsformen

e6e7a33c-abb1-4ed8-845a-793035157ec8	184700	4
Wir freuen uns auf Ihre aussagekräftige Bewerbung per Email oder schriftlich.

04475337-2c33-4216-b704-79251c75e9fe	178646	2
Examinierte Pflegefachkraft (m_w) in Vollzeit, bzw. in TZ gesucht.
Näheres über unsere Senioren-Residenz erfahren Sie unter www.___.

860ac9f6-1824-48d2-8399-396f6732b66d	177541	2
Wir suchen ab sofort übergangsweise  bis zur Unterbringung in einer Einrichtung eine_n Erzieher_in zur Betreuung eines 14-jährigen Jungen im Rahmen einer Einzelfallhilfe in einer Ferienwohnung im Raum ___.

edfa516b-c5ce-4a8f-8824-7726b3921c88	177541	3
Erforderlich ist eine abgeschlossene Berufsausbildung als staatl. anerkannte Erzieher_in, kirchlich anerkannnte_r Heimerzieher_in, Heilpädagoge_Heilpädagogin oder Heilerzieher_in.

0fffdbff-59ac-4e6b-9394-07fecd31ed60	177541	2
Der Stelle ist in Vollzeit zu besetzen.

002cf879-814c-4fff-a536-b21cc4bd3409	177541	4
Bei Interesse bewerben Sie sich bitte umgehend telefonisch bei Frau David unter 0177_7774649 oder schriftlich.

22b3a708-1af6-488e-bf49-479076e6ca92	177164	2
Wir suchen zum nächst möglichen Termin einen Bürokaufmann (m_w) in Teilzeit.

c72f4943-e382-4dfe-b206-fa4ea7e36f9e	177164	7
Ihr Aufgabengebiet umfasst folgende Tätigkeiten
- Rechnungen, Angebote erstellen
- Vorbereitende Buchungen für Steuerbüro durchführen
- Tel. Kundenkontakt
- allg. Bürotätigkeiten (u.a. Ablagetätigkeiten)
- MS-Office (Word, Excel)
Kaufm. Ausbildung ist Voraussetzung.
Mobilität zum Erreichen des Arbeitsplatzes ist erforderlich.
Gehalt nach Qualifikation.

e8d7832e-8ffd-4963-be28-283d518629b2	175673	2
Die Gemeinde ___ sucht für ihr Hallen- und Freibad zum frühestmöglichen Zeitpunktunkt eine_n
Fachangestellte_n für Bäderbetriebe in Vollzeit.

3eca06cb-0e97-4000-b3e8-b3ecce0bac73	175673	2
Die Einstellung erfolgt vorerst befristet.

6db88f32-d5ff-427a-89ed-07b7fd720a30	175673	2
Zu Ihren Aufgaben gehört u.a. die Beaufsichtigung des Badebetriebes im Hallen- und Freibad im jahreszeitlichen Wechsel, die Betreuung der Badegäste, das Angebot von zeitgemäßen Bewegungskursen , die Ausführung technischer Arbeiten wie Wartung, Bedienung und Überwachung der bädertechnischen Einrichtungen sowie die Durchführung erforderlicher Reinigungs- und Desinfektionsarbeiten.

ac99802a-df93-49e5-8a88-8edc2f56aa78	175673	3
Zur Verstärkung unseres Teams erwarten wir eine engagierte Fachkraft mit Verantwortungsbewusstsein, Organisationsgeschick und ausgeprägter Teambereitschaft, mit selbständiger und eigenverantwortlicher Einsatzbereitschaft im Schichtbetrieb auch an Wochenenden und Feiertagen.

a6e41e97-7043-418d-afb6-a1f5e08ffee8	175673	3
Aufgeschlossenes und besucherfreundliches Auftreten setzen wir voraus.

deeb5c02-27c5-4bb6-ac48-7cd51de6dba0	175673	2
Die Eingruppierung erfolgt nach TVöD.

e67e728e-ccaa-4fb8-8a68-84e94f849f22	175673	4
Haben wir Ihr Interesse geweckt, dann richten Sie Ihre Bewerbung mit den üblichen Unterlagen bitte bis zum 05.10.2011 an das Bürgermeisteramt ___, Postfach ___, ___ ___. Für telefonische Auskünfte steht Ihnen die Personalleitung, Frau ___, Tel.: ___ o. ___ gerne zur verfügung.

6f857f88-8f44-4728-90f3-08a684e5a466	171937	2
Wir suchen zu sofort eine_n Elektrotechnikermeister_in für die Installation von Verteilerschränken, Wechselrichten und für die Entgegennahme von Anträgen für PV-Anlagen.

db5c7bb0-e616-4f0d-a8ad-5d221024bf9d	171937	3
Kenntnisse über PV-Anlagen gewünscht, aber nicht Voraussetzung.

4aafbb3e-6983-471f-b9df-2cc40d0d4816	171937	3
Der Führerschein B (alt Kl. 3) ist erforderlich.

e2ac2d40-d2e8-418c-b0cc-9e48944cd512	171937	4
Bewerbungen bitte an:
___ GmbH
Frau ___
___ ___
___ ___

38eaee87-b393-4081-8bd9-e69894fe1c0a	164475	2
Zur Verstärkung unserer technischen Abteilung suchen wir zum nächstmöglichen Zeitpunkt einen
Projektingenieur_-leiter (m_w)

3368b57d-2fcf-4208-95a7-27c125faba01	164475	2
Ihre Aufgaben:
- Eigenverantwortliche Leitung von Wohnungsbauprojekten von der Planungsphase bis zur Gesamtfertigstellung
- Führen des Projektteams in sämtlichen Projektphasen
- Koordination externer Architekten, Ing. Büros und Haustechnikprojektanten
- Qualitäts-, Termin- und Kostenmanagement
- Verhandlungen mit Behörden, Nachunternehmern u.a.
- Technische Beratung und Realisierung von Kundenwünschen

735f9a01-4843-47d8-b491-59df3bc7e715	164475	3
Ihr Profil:
- Bauingenieur _ Architekt o. glw. Ausbildung mit betriebswirtschaftlichem Hintergrund
- Mehrjährige Berufserfahrung in der Führung anspruchsvoller schlüsselfertiger Großbauvorhaben bei einer Bauunternehmung oder einem Bauträger
- Ausgeprägtes Kosten- und Qualitätsbewusstsein
- Fundierte, praxisgestützte Projektmanagementerfahrung
- Analytische und konzeptionelle Fähigkeiten
- Überzeugungsstark und teamorientiert
- Durchsetzungsvermögen und Organisationstalent
- Selbständiges und zielstrebiges Arbeiten unter hoher Belastung
- Fundierte Kenntnisse in MS-Office-Anwendungen inkl. MS Projekt, sowie rechtssicheres Handeln nach VOB, BGB und MaBV.

d0d8a73d-5918-4dba-b8a2-49c2d92eae1f	164475	4
Wenn Sie diese interessante, vielseitige und verantwortungsvolle Aufgabe anspricht, dann bewerben Sie sich bitte per Post oder online unter Angabe Ihrer Gehaltsvorstellung sowie einem möglichen Eintrittstermin mit den üblichen Bewerbungsunterlagen incl. Lichtbild bei unserer Personalabteilung

af3139ae-1d12-4157-a04f-98245c58bea5	164475	4
Wir freuen uns darauf.

c93b4e50-0997-4380-b769-0ed763373f11	163670	2
Wir suchen im Auftrag eines Kunden für eine Pizzeria eine_n Mitarbeiter_in.

6bc6a883-8315-47cb-b8a6-e86bba557b74	163670	7
Sie sollten bereits über erste Berufserfahrung im gastronomischen Bereich verfügen.
Der Gesundheitspass ist zwingend erforderlich.
Eine Ausbildung ist nicht erforderlich, alle Tätigkeiten unterliegen Standards und können leicht erlernt werden.
Sie werden bei uns Pizza belegen, Salate zubereiten, Reinigen und gelegntlich auch Pizza ausfahren.

c0d4cad7-7d21-4cc7-81ee-71d0f0c072fc	163670	4
Wenn Sie sich angesprochen fühlen rufen Sie bitte Herrn ___ unter der _______ an.

f935e0a3-c54e-473f-bd51-8a7b2733c5a6	158981	1
Wir sind ein mittelständisches, konzernunabhängiges Unternehmen der Umform- und Montagetechnik mit mehr als 300 Beschäftigten an zwei Standorten.

a2d20f6d-0485-487c-853e-d46dc5b0dc0d	158981	1
Als kompetenter Systemlieferant der Automobilindustrie entwickeln, fertigen und vertreiben wir seit 1953 marktgerechte, innovative und technisch anspruchsvolle Systemlösungen.
Unsere aktuellen Produkte wie Stanzartikel, Verbindungs- und Befestigungselemente, Scharnier- und Schließsysteme sowie mechatronische Systemkomponenten erfüllen die hohen Anforderungen der europäischen Automobilindustrie.

8b691b99-66ea-4e89-93f8-7948ad890b7f	158981	2
Zum nächstmöglichen Eintrittstermin suchen wir eine_-n
Qualitätsplaner_-in.

8e14579c-e228-4d05-a5af-5e1ec210f0ab	158981	2
Ihr Aufgabenfeld:
- Erstellen von Erstmusterprüfberichten
- Überprüfung und Bewertung von Lieferanten-EMPB
- Prüfung und Freigabe von IMDS-Einträgen
- eigenständige Erstellung von IMDS-Einträgen und deren Versand zum Kunden
- Bedienung der Kundenportale VW, beOne, Daimler usw.
- Prüfmittel überwachen und verwalten

1d5f0ece-0da8-4938-9709-0d0135c8947a	158981	3
Ihre Qualifikation:
- Ausbildung zum Techniker und_oder mehrjährige Praxiserfahrung in der Automobilindustrie
- Einschlägige Kenntnisse im Bereich Q-Management
- Englisch in Wort und Schrift

74287003-6379-4abc-b3d8-0e4ee1b4c444	158981	4
Interessiert?
Dann freuen wir uns auf Ihre schriftliche Bewerbung, gern auch per Mail an Bewerbung@___.de

3c0732cb-7018-4dca-9406-c551885a996c	155064	1
Wir sind ein innovatives, international agierendes Unternehmen und mit über 350
Produkten Spezialist in der Produktion von Feinchemikalien. Zu unseren Kunden gehören
bekannte Unternehmen der Pharma- und Lebensmittelbranche sowie der technischen
Industrie. Als einer der weltweit führenden Anbieter in diesem Segment wollen wir
auch in Zukunft weiterhin Innovationen vorantreiben und wachsen.

ec8cfc9c-020a-4273-bc48-34561a416ad2	155064	2
Deshalb suchen wir für unsere Firmenzentrale mit Sitz nahe ___ im Raum ___
zum nächstmöglichen Zeitpunkt Sie als
ELEKTRONIKER FÜR BETRIEBSTECHNIK (m_w)

9687e643-20ef-4684-a492-6b95366ca944	155064	2
IHRE AUFGABEN
-Installation von elektrischen Anlagen
-Durchführung von Instandhaltungs- und Reparaturaufgaben
-Aufbau von Neuanlagen u. Schaltschränken
-Wahrnehmung von Rufbereitschaften

e0ca114d-3715-41b2-854d-785a7ce8c210	155064	3
IHR PROFIL
-Möglichst mit einschlägiger Berufserfahrung, wir geben aber auch jungen Fachkräften am Beginn Ihrer Laufbahn eine Chance
-Fundierte Kenntnisse im Bereich der SP-Steueranlagen S7 sind wünschenswert
-Gute MSR-Kenntnisse sind von Vorteil
-Sichere Anwendung der MS-Office-Produkte

8774e74c-9d51-4b80-9ea3-7492756bd706	155064	2
Wir bieten Ihnen neben herausfordernden Aufgaben ein Arbeitsumfeld mit kurzen
Entscheidungswegen und eine soziale wie leistungsorientierte Unternehmenskultur ¿ eben
die richtige Chemie!

027e9e7f-691c-4c7d-ac51-990ff03b9404	155064	4
INTERESSE?
Dann freuen wir uns auf die Zusendung Ihrer Bewerbungsunterlagen mit der Angabe Ihres
möglichen Eintrittstermins und Ihrer Gehaltsvorstellung.

1aa2d663-370f-44a8-adfb-782c15d1a003	155064	4
___ · ___ · ___ ___
___ · T +49 ___ · ___@___.de
www.___.de

28edb2c1-d27c-475c-bf00-4d6c673e7903	153714	2
Wir suchen eine_n erfahrene_n Klempner_ sowohl für Neubauten und Arbeiten im Bestand. Dacheindeckungen.

37e9e581-57b9-4080-b467-4c285efe7729	144481	3
Zur Verstärkung meines Teams suche ich eine_n engagierte_n, zuverlässige_n, freundliche_n und erfahrene_n

61113582-b0a8-410a-a889-583444313bfa	144481	7
Medizinische_n Fachangestellte_n für 20 Std. wöchentlich. Die Arbeitszeiteinteilung erfolgt nach Absprache, wünschenswert ist Flexibilität. Auf Wunsch kann auch eine geringfügige Beschäftigung angeboten werden.

dd4143fe-1344-4d7e-8feb-2f262fd0a574	144481	2
Aufgabenbereiche:
- Abrechnung
- Patientenanmeldung, Patientenbetreuung
- Verbandswechsel
- Spritzen, Infusionen
- Röntgen

8ab95017-f9c2-4db0-923a-0178ede7a2b2	144481	3
Eine abgeschlossene Berufsausbildung zur_m Medizinischen Fachangestellten wird vorausgesetzt.
Röntgenschein ist zwingend erforderlich.
Erfahrung in einer orthopädischen, chirurgischen oder allgemeinärztlichen Praxis sollte vorhanden sein.
Gute EDV-Kenntnisse werden erwartet.

68e8c5fd-2b6f-4e88-921b-22a81c456e39	138414	2
Wir suchen zur Verstärkung unseres Gartenmarkt-Teams zum nächstmöglichen Zeitpunkt eine_n Verkäufer_in.

12787c11-845e-4ec1-84d4-18ad7ec0d90a	138414	2
Ihre Aufgabengebiete:
- Verkauf von Balkon- und Zimmerpflanzen, Bäumen und Sträuchern
- kompetente Beratung unserer Kunden

fb0d43c8-8d49-479c-9a36-961923cbdea8	138414	3
Anforderungen:
- eine abgeschlossene kaufmännische Ausbildung ist von Vorteil, jedoch nicht zwingend erforderlich
- Berufserfahrung im Verkauf sowie botanische Kenntnisse werden vorausgesetzt
- ein freundlicher Umgang mit unseren Kunden sowie Teamfähigkeit sind uns wichtig.

48abd9f5-bf73-4fb9-b0a5-64ff1741a86b	138414	4
Wir freuen uns auf Ihre Bewerbung!
***Bewerber_innen aus der näheren Umgebung werden bei fachlich gleicher Eignung bevorzugt.***

4da2f23f-0166-40f5-9fc3-7eae73eaa3d6	135743	2
Wir suchen für unsere ___ eine_n engagierte_n, motivierte_n Allround-
Teiledienstmitarbeiter_in.

e3c167f2-9a8b-41b2-b105-850960e086d8	135743	3
Ihre Stärken:
Gute Kenntnisse mit den üblichen EDV Systemen, Vaudis, Elsa, WPS, ETKA_SAP setzen
wir voraus. Wenn Sie sich den Anforderungen eines modernen Teiledienstes gewachsen sehen, senden Sie bitte die üblichen Bewerbungsunterlagen mit Ihrer Gehaltsvorstellung per Post oder e-mail z.Hd. Herrn ___ E Mail: ___@___.de

75e9297d-1df9-41b7-83e4-a0fe01f7782d	133738	2
Wir suchen zur Verstärkung unseres Teams im Raum ___ ab sofort eine_n
Servicetechniker_-in.

0758a21f-1b46-4dcd-9629-341335d862be	133738	2
Ihre Aufgaben:
- Betriebsführung und Optimierung gebäudetechnischer Anlagen mit dem Schwerpunkt Raumluft- und Klimatechnik oder auch Heizung- Sanitärtechnik bzw. Elektro,
- Bedienung und Wartung der Gebäudetechnik,
- Störbeseitigung, Fehlersuche und -behebung,
- Durchführung von Neuinstallationen,
- Durchführung allgemeiner sowie gewerkeübergreifender Arbeiten,
- Mitarbeit bei Service-, Bau- und Umbaumaßnahmen,
- Teilnahme an der Rufbereitschaft

7f342858-5dd9-4147-808d-66db4eda10d4	133738	3
Ihr Profil:
- Sie haben eine abgeschlossene Ausbildung im Gewerk Lüftung_Heizung
- Sie verfügen über einschlägige Berufserfahrung im Servicebereich, gerne auch gewerkeübergreifend
- Sie sind service- und kundenorientiert und haben eine gute Kommunikations - und Teamfähigkeit.
- Sie sind im Besitz des Führerscheins der Kl. 3 bzw. B
- gute Kenntnisse in MS-Office Programmen wie Excel, Word und Powerpoint

0abf63b4-2b89-4c03-8150-31f7a1ccfdd7	133738	4
Haben wir Ihr Interesse geweckt? Dann freuen wir uns auf Ihre vollständige schriftliche Bewerbung.

8411176b-749b-4513-93e5-ef20fdf1cffe	131838	2
Zur Erledigung bundesweiter Aufträge benötigen wir WIG Schweißer m_w (DIN EN141)

4a8219e2-8b61-4afd-9448-afbb4bd160d4	131838	2
Ihre Aufgabe:
Durchführung von Schweißarbeiten gemäß (schriftl.) Arbeitsauftrag oder Zeichnung; Vorbereitung der Schweißarbeiten

e2840b4e-8fa5-4a36-977d-75b3da6fb82b	131838	3
Ihr Profil:
abgeschlossene Ausbildung
Bereitschaft zu Schichtarbeit und Montage
ZUVERLÄSSIGKEIT
selbständiges Arbeiten
Führerschein
gute Deutschkenntnisse
wünschenswert wäre zudem Berufserfahrung und eine aktuelle Schweißerprüfung DIN EN287

ed1fb441-a2f4-408a-8d6c-9c0e215c02b4	131838	2
Wir bieten eine attraktive Entlohnung und sind an einer LANGFRISTIGEN Zusammenarbeit interessiert.

e0a9f826-dfe3-416b-bc5a-e48bb931403e	131838	4
Bei Interesse freuen wir uns auf Ihre umgehende Bewerbung!

9e6c0127-5a4d-452c-8657-21eeb9f1f182	113239	7
In unserem Hotel in ___ ist eine Stelle im Frühstücksservice neu zu besetzen.
Das Aufgabengebiet umfasst die Vorbereitung und Aufbau des Frühstücksbüfetts, -service und die Gästebetreuung.
Wir suchen eine_n Bewerber_in mit abgeschlossener Berufsausbildung als Restaurant- oder Hotelfachmann_-frau.
Es handelt sich um eine Teilzeitbeschäftigung von 7.30-12.30.

92b21fc5-4b7e-45bd-bc2e-78a53f47ea70	111461	1
Wir, die ___, sind eine gemeinnützige Organisation, welche in ___ und Winterthur acht Kindertagesstätten und einen Hort betreiben. Wir sind spezialisiert auf Säuglinge und Kinder bis ca. 5 Jahre. Pädagogisch richten wir uns nach den Grundzügen von ___.

fc143649-b435-49ba-999b-bc315ccb9131	111461	2
Für unsere ___ in ___ in zentraler Lage (___, ca. 10 Min. vom Hbf entfernt) suchen wir per sofort oder ab September eine Miterzieherin _ einen Miterzieher ohne Führungsfunktion.

6ef897b3-8a1d-4bd0-a66d-8de5f341f7d2	111461	5
Wir betreuen vor Ort pro Tag maximal 40 Kinder, davon zwei Kleinkindergruppen (Alter 3 Monate bis 2,5 Jahre) mit je acht Kindern und zwei Kleinkindergartengruppen (Alter 2,5 ¿ 5 Jahre) mit je 12 Kindern. Das Team umfasst rund 20 Mitarbeitende. Wir starten mit vier Säuglingsgruppen (max. sechs Kinder pro Gruppe), welche im Laufe der ersten zwei Jahre zu den beschriebenen Gruppen heran wachsen. Immer zwei Gruppen arbeiten im Tandem zusammen (punktuelle Zusammenarbeit).

5b2da144-17ff-421c-a6ac-5471582c7146	111461	3
Voraussetzungen
¿ Abgeschlossene pädagogische Grundbildung (staatlich anerkannte_r ErzieherIn. Kinderpflegerin mit mind. einem Jahr Berufserfahrung in einer Einrichtung)
¿ Darf ErzieherIn direkt nach der Ausbildung sein
¿ Teamplayer
¿ Eigeninitiative
¿ Offene, kommunikative Wesensart
¿ Bereitschaft, sich in die Pädagogik vom ___ einzuarbeiten
¿ Bereitschaft, sich in das Ausbildungssystem der ___ (___) einzuarbeiten
¿ Erfahrung im Kleinkindbereich

8b89d8df-6d61-4f8e-8d96-770120ea1c91	111461	4
BEWERBUNGEN OHNE ARBEITSZEUGNISSE WERDEN NICHT BERÜCKSICHTIGT! (Arbeitszeugnisse aller bisherigen Arbeitgeber!)

07d3702a-d78f-411f-9ea4-15d59dda5b27	111461	2
Wir bieten
¿ Gute Teamatmosphäre
¿ Ein motiviertes Team
¿ Sechs Wochen Ferien
¿ Marktgerechte Entlohnung
¿ Weiterbildungsmöglichkeiten (z.B. im Säuglingsbereich)
¿ Einführung in die Ausbildung Fachpersonen Betreuung (___)
¿ Ordentliche Einarbeitungsphase

ca5a3d9f-5680-4bbf-93db-0eac38670ea3	111461	4
Interessiert? Dann freuen wir uns auf Ihre Bewerbungsunterlagen mit Anschreiben, Lebenslauf, Foto, Arbeitszeugnissen, Diplomen, Weiterbildungen per Post oder per E-mail.

37251e32-1725-4154-a2e5-db1630a28553	111461	4
Kontakt:
___
___
___
___ ___
___

da44e336-3878-4bef-817a-38c9498b3244	111461	4
Tel. ___
Mail: info@___
Homepage: www.___
___

5c8ffc2e-b677-4633-8049-e4187e7f01df	107195	2
Wir suchen zum nächstmöglichen Zietpunkt einen engagierten:
(Bau-) Maschinenführer (m_w)

3759dd6b-f34e-4786-a635-662a8b3a3ac2	107195	3
Idealer Weise besitzen Sie einen Führerschein der Klasse T und haben erste Kenntnisse im Bereich Garten- und Landschaftsbau und_oder Baumaschinenführung.

9878bc02-1af5-42ff-9f98-4338c5984fc6	105466	1
Mit Gründung der ___ entstand ___ eines der größten Rechenzentren und einer der leistungsstärksten IT-Dienstleister auf dem Gebiet der gesetzlichen Krankenversicherungen in Europa. Mit unseren mehr als ___ Mitarbeiter_innen erschließt die ___ durch innovative Kooperationen neue Synergien und bietet effiziente ¿ auf ihre Kunden abgestimmte - IT Services an. Unsere Kunden gehören zu den führenden gesetzlichen Krankenversicherungen in Deutschland und repräsentieren rund ___ % des Marktes.

6f7e83e8-a91f-4b6a-b479-96ffac98ea1e	105466	2
Starten Sie Ihre Karriere in einem erfolgreichen und expandierenden Unternehmen als
Beschäftigter in der Anwendungsberatung (m_w)

7fd3ee08-8edb-43a8-a045-3d75a5b0f0a0	105466	2
DAS KÖNNTEN BALD IHRE AUFGABEN SEIN:
¿ Aktive Beratung  der Anwender von GKV-spezifischen Software-Produkten für die Bereiche Leistungswesen (Schwerpunkt: oscare®-Claims)
¿ Koordination von Software-Einsätzen
¿ Aktive Unterstützung der Kunden bei der Einführung neuer Verfahren und Tool incl. Dokumentation und Anwenderinformation
¿ Customizing von Anwendungen in Abstimmung mit den Kunden

0b377227-ed53-465d-93c6-cc5b5c7c4a0c	105466	3
SIE SIND BEI UNS RICHTIG, WENN SIE FOGLENDE VORAUSSETZUNGEN ERFÜLLEN:
¿ Abgeschlossenes (Fach-)Hochschulstudium Wirtschaftsinformatik oder Abschluss als AOK Betriebswirt (m_w) bzw. eine vergleichbare Qualifikation oder mehrjährige einschlägige Berufserfahrung
¿ Alternativ: Ausbildung zum Sozialversicherungsfachangestellten (m_w), verbunden mit starker Affinität zur Informationstechnologie, kaufmännische Ausbildung im IT-Bereich und Berufserfahrung bevorzugt im IT-Umfeld

785129d3-fac2-4ddc-abfb-708b633753c9	105466	3
ERWARTET WIRD ZUDEM:
¿ Ausgeprägte Dienstleistungsorientierung
¿ Hohe Kommunikationsfähigkeit
¿ Teamfähigkeit
¿ Bereitschaft zur ständigen Weiterbildung
¿ Grundkenntnisse Englisch

574573c4-5ac4-402c-86ba-070eca11eb81	105466	4
Wenn Sie sich angesprochen fühlen, dann bewerben Sie sich! Wir freuen uns auf Sie!

a6c68dd3-9fa6-4801-8a47-b2de08065bd7	105466	4
HINWEISE
Die Bewerbung von Frauen ist ausdrücklich erwünscht. Die Bewerbungen von Schwerbehinderten werden bei gleicher Eignung bevorzugt behandelt! Wir weisen darauf hin, dass bei Einstellung - sofern die betrieblichen Belange es erfordern - die Verpflichtung zur Teilnahme an Rufbereitschaften und Schichtdiensten sowie zur Ableistung von Überstunden besteht. Eine grundsätzliche Bereitschaft zu Dienstreisen und zur Teilnahme an Projektarbeit wird vorausgesetzt.

bdc4064c-864c-4629-a9db-44107fd74b9c	105466	4
Bitte senden Sie Ihre vollständige Bewerbung (Anschreiben, CV und Zeugnisse), bevorzugt per Email, unter Angabe Ihrer Gehaltsvorstellung, des frühestmöglichen Eintrittstermins und der Positionsnummer ___ an:
___@___.de
___
Abteilung Personal
Herr ___
___
___ ___

39f1a87e-ceeb-4131-891a-3ec865782ec5	105466	4
Tel. ___

00a11f17-e453-4ba7-bc52-23a9678fd68c	103879	2
Wir suchen für unser Team ab sofort in Vollzeit
eine_n Kfz-Mechatroniker_in - Personenkraftwagentechnik

761cbcfd-c1ca-48fd-b348-9f2dfc08f624	103879	2
Aufgabengebiet:
Wartung, Reparatur, Instandhaltung, Kundendienst etc.

a0bbbf85-2e44-4f9f-928f-4463674bcfb2	103879	3
Anforderungen:
-eine abgeschlossene Berufsausbildung zum Kfz-Mechatroniker_in setzen wir voraus
-gerne auch Berufsanfänger
-FS-Kl. B ist erforderlich

807476a7-6103-4630-a12f-28a43f512da4	102197	1
Unser Leistungsspektrum umfasst u. a. Reinigungs- und Wartungsdienste. Unser breitge­fächertes Spektrum an Sonder­services orientiert sich ausschließlich an den Bedürfnissen und Anforder­ungen unserer Kunden. Zur Zeit sind bei uns ca. 50 Mitarbeiter_innen beschäftigt.

f703e3bc-7b91-4172-a61a-840dda92e762	102197	2
Per sofort suchen wir mehrere Schlosser_innen für den Arbeitsort ___.

2eeada50-3424-40c3-b8b1-98297bef1d7e	102197	2
Ihre Tätigkeit: Einstell-, Wartungs- und Instandhaltungsarbeiten an Anlagen der Müllverwertung

35971325-8943-46b0-aa34-25537fc8e08a	102197	3
Unsere Anforderungen:
Zwingend erforderlich ist eine abgeschlossene Ausbildung als Schlosser_in_ (Anlagenmechaniker_in, betriebsmechaniker_in). Neben Engagement bei der Arbeit hoffen wir auf gute Deutschkenntnisse.

89777e65-2e1e-4619-a91d-d85ef9614dfc	102197	2
Wir bieten Ihnen auf 3 Monate befristete Vollzeitstellen mit 40 Wochenstunden. Sie arbeiten im 2- oder 3-Schicht-betrieb.

8b789cfd-17ce-49fc-96ac-3c8b5747ded4	102197	4
Bitte bewerben Sie sich telefonisch unter Mobil ___- Ihr Ansprechpartner ist Herr ___ - oder per E-Mail an ___@___.de.

89a3d7de-8df9-4a70-af88-6b33ebfefcc5	101118	2
Wir suchen ab sofort eine_n Verfahrensmechaniker_in - Kunststoff- und Kautschuktechnik (Fachrichtung Spritzguss)

d61ce2ec-159b-492a-9644-fb1850a6d54d	101118	2
Tätigkeitsbeschreibung:
- Maschinen der Marken Demag, Arburg und Engel im Dreischichtbetrieb rüsten und einstellen
- Überwachung der Qualität

a3820d46-bf6b-4346-baf6-c657ee20d77f	101118	3
Anforderungen:
- abgeschlossene Ausbildung zum_zur Verfahrensmechaniker_in für Kunststoff- und Kautschuktechnik (Fachrichtung Spritzguss) oder vergleichbare Qualifikation
- selbstständiges qualitätsbewußtes Arbeiten
- Schichtbereitschaft (3-Schicht)

b9664dec-223f-463e-94bb-06e2bf4f7e57	101118	4
Bei Interesse freuen wir uns auf Ihre Bewerbung!

d4e68878-763f-4bc7-9446-7b8f276d81a0	100947	2
Wir suchen zum frühstmöglichen Zeitpunkt ein_e
- KFZ-Servicemechaniker_in
für die Fahrzeugaufbereitung.

bb528e7e-37eb-4616-a0b9-ecaafa2f1204	97317	1
Die ___ ist ein international erfolgreiches Unternehmen für Services und Produkte zum sicheren Betrieb von ___. Zukunftsträchtige Ideen, innovative Technik und kompetente Mitarbeiter sind der Schlüssel unseres Erfolgs! Als fester Bestandteil der renommierten ___ mit über 170.000 Mitarbeitern weltweit bieten wir nicht nur ein sicheres Betätigungsfeld, sondern auch beste Chancen für die berufliche Entwicklung und persönliche Entfaltung eines jeden Einzelnen.

49fd4c74-8a56-4869-a10a-a87413093149	97317	2
Ein motiviertes Team und abwechslungsreiche Aufgaben warten auf Sie:
¿ Erarbeitung von Konzepten für elektrische Nachrüstungen und Erweiterungen für im ___
¿ Auslegung und Projektierung von Energieverteilungen im Mittel- und Niederspannungsbereich
¿ Auslegung und Projektierung elektrischer Antriebe
¿ Erstellung von elektrotechnischen Unterlagen, z.B.: Übersichtsschemata, Stromlaufpläne, Verbraucherlisten,
Ein-_ Ausgabepläne
¿ Erarbeitung von Leistungsbeschreibungen und Ausschreibungen für elektrische Einrichtungen
¿ Steuerung und Überwachung von Lieferanten bei der Fertigung, Montage und Inbetriebnahme
¿ Erstellung technischer Planungsunterlagen, Genehmigungsunterlagen, Zusammenstellung und Überprüfung von Vorprüfunterlagen
¿ Abwicklung von Kundenaufträgen aus dem Bereich Kraftwerkstechnik _ Anlagenbau
¿ Berichterstellung in deutscher und englischer Sprache
¿ Vertretung der Arbeiten bei Kunden und Gutachtern

5d7ac528-941f-4696-8aae-63a2db118117	97317	3
Als idealer Bewerber verfügen Sie über ein abgeschlossenes Studium der Elektrotechnik oder eine vergleichbare Ausbildung zum Techniker und bringen gute Kenntnisse in der Energie- und Antriebstechnik mit. Darüber hinaus haben Sie Erfahrung bei der Projektierung von elektrischen Anlagen und bei der Erstellung von Stromlaufplänen (idealerweise sind Sie mit einem E-CAD System vertraut). Sie beherrschen weiterhin den Umgang mit verfahrenstechnischen Vorgaben wie Systembeschreibungen und Spezifikationen. Mit guten Englischkenntnissen in Wort und Schrift und der Bereitschaft zu Reisetätigkeiten runden Sie Ihr Profil ab.

b9d8124f-4781-4b5b-bad4-fa9719997721	97317	4
Wir freuen uns auf Ihre aussagekräftigen Bewerbungsunterlagen mit Angabe zu Gehaltsvorstellung und frühestmöglicher Verfügbarkeit, die Sie uns auf www.___ über den link ¿offene Stellen¿ zusenden.

6866b4e3-3051-423a-916d-b7f146e01633	94364	1
Als größtes Catering-Unternehmen in ___ bewegen wir uns auf nationaler und internationaler Ebene. 15 Jahre Erfahrung im Segment des Spitzen-Caterings sind Ihr Nutzen. Mit dieser Erfahrung engagieren wir uns täglich auf höchstem Niveau mit immer neuen Ideen. ___ steht nicht nur für Dynamik, Kreativität und Flexibilität, sondern auch für kompromisslose Qualität in allen Leistungsbereichen.

a35fecd9-5ba4-4546-98a9-b021136e7d2a	94364	7
Aktuell suchen wir für unseren Kunden in Wiesbaden-Erbenheim (Kantine)
eine_n  erfahrene_n  Koch (m_w) _Großküchenkoch_-köchin MIT FÜHRUNGSERFAHRUNG
in Vollzeit Kernzeit: Mo-Fr 07.00-16.00 Uhr

66e86ee1-e86d-4bd3-9063-1811c468c32c	94364	4
Alles Weitere erfahren Sie in einem persönlichen Gespräch. Wir freuen uns auf Ihre aussagekräftige Bewerbung per Email an: ___@___.de

416b3e09-f0a8-422e-a68d-3db06b1ad406	91749	2
Für unsere Produktion am Standort ___ suchen wir zur Ergänzung unserer Teams im Werk ___ mehrere
Chirurgiemechaniker (m_w)_Feinmechaniker (m_w).

bc115e92-e1c0-47e6-a85f-8fa65d84b329	91749	2
Ihr Aufgabengebiet umfasst die Herstellung von chirurgischen Instrumenten und Implantaten in dem Bereich Mikro- und Neurochirurgie.

50a0d5d0-113f-4235-b808-30f080221b7d	91749	3
Eine abgeschlossene fachbezogene Berufsausbildung setzen wir voraus. Als Facharbeiter (m_w) haben Sie idealerweise bereits mehrjährige Berufserfahrung gesammelt. Sie sind es gewohnt, eigenverantwortlich und selbstständig zu arbeiten. Qualitätsbewusstsein, Teamfähigkeit und Flexibilität gehören mit zu Ihren Stärken.

68143914-2b28-40fe-90b3-783520bf5381	91749	4
Wenn diese Eigenschaften Sie besonders auszeichnen und Sie eine neue Herausforderung suchen, dann bewerben Sie sich! Herr ___ erwartet gerne Ihre Bewerbung, die Sie uns bitte über unser Karriereportal unter www.___.de zukommen lassen.

f07080da-44da-4f40-b419-74f54e998f78	90485	2
Das ___, ___. sucht zum nächstmöglichen Zeitpunkt
eine Mitarbeiterin _ einen Mitarbeiter
(in Vollzeit, 40 Wochenstunden)
für den Bereich Hausnotrufdienst und Hausnotrufzentrale.

146656cd-4fe3-4c3a-b417-22a5b99c4e5c	90485	3
Voraussetzungen:
- abgeschlossene Ausbildung zur Rettungssanitäterin _ zum Rettungssanitäter oder vergleichbarer Kenntnisstand
- Führerschein Klasse B
- hohe soziale Kompetenz und Teamfähigkeit
- Kunden- und Dienstleistungsorientierung
- Erfahrung im Umgang mit älteren und hilfsbedürftigen Menschen
- Freude am eigenständigen und eigenverantwortlichen Arbeiten
- technisches Verständnis
- Bereitschaft zur Schicht und Wochenendarbeit
- für Mitarbeit und Verständigung im Bereich Notruf _ Rufbereitschaft sind gute Deutschkenntnisse in Wort und Schrift erforderlich

bddbc53e-9a19-41e7-9acc-ace8a4e1b81b	90485	2
Aufgabenprofil:
- Durchführen von Beratungen zum Hausnotruf und Anschluss von Hausnotrufgeräten
- Mitarbeit in unserer 24-Stunden besetzten Hausnotrufzentrale
- Mitarbeit in der Hausnotruf-Rufbereitschaft

b5cbcc47-bc14-494c-bcd4-7481b8511138	90485	4
Weitere Informationen erhalten Sie auch unter: www.___

1906534c-99e7-4afa-a7c0-04b5cb46d0c8	90485	4
Ihre Bewerbung richten Sie bitte an:
___
___
___
___ ___

ff74839a-4eee-4e47-8de1-d3882db09cab	90416	2
Wir suchen für unsere Senioreneinrichtung eine_n Ergotherapeuten_in oder eine_n Altentherapeut_in.

01c82ab3-6ad3-488b-8eb1-b63454350f5f	90416	3
Sie haben eine abgeschlossene Ausbildung und bereits erste Berufserfahrung gesammelt.
Zusatzqualifikationen wären wünschenswert, sind aber nicht Bedingung.

4feb8465-8b8d-4e0f-b968-7e6568bc37fb	86612	2
Ein Arbeitgeber aus ___ sucht für sein Hotel mit angelagertem Restaurant (Deutsche Küche) eine_n Koch_Köchin.

3c240080-e741-45b2-8e54-15bcc6358f3b	86612	2
Zu Ihren Tätigkeiten gehören A-la-carte-Küche, Einkauf, Beschaffung, Kalkulation, Speisen zubereiten und anrichten.

f5f28921-6745-4f96-86ad-25afc23e0f9e	86612	3
Wenn Sie Erfahrungen in diesen Bereichen mitbringen und über persönliche Eigenschaften wie Zuverlässigkeit, selbständige Arbeitsweise, guter Umgangston im Team (Höflichkeit im Betrieb), gepflegtes Äußeres und Teamfähigkeit verfügen, dann bewerben Sie sich schriftlich.
Zur Erreichung des Arbeitsortes ist ein Führerschein und PKW zwingend erforderlich.

1d42f54a-700d-4b1f-b6a0-ad61f7df196b	86024	2
Zur Verstärkung unseres Teams suchen wir eine_n Verkäufer_in auf 400€-Basis.

d83af7e8-b442-460f-b58b-b0e9a9b09d22	86024	2
Aufgaben:
- Verkauf von Schuhen und artverwandten Artikeln
- Kundenberatung
- Tätigkeit an der Kasse
- Auszeichnung der Ware
- Warenpräsentation

5ab60ebf-9260-40fa-8c7d-17068287994c	86024	3
Erfahrung in diesem Bereich ist wünschenswert. Eine abgeschlossene Berufsausbildung ist nicht erforderlich.

ead8d94b-9842-4dc6-a945-ed1040a4d41e	77614	2
Die ___ GmbH sucht kurzfristig eine_n Projektleiter_in für das Fachgebiet Flurneuordnung

d9ebc0b4-04cc-4d98-b3e8-9838d02a63f6	77614	3
Kenntnisse
- berufliche Erfahrung auf dem Fachgebiet: Flurneuordnung
- Flurbereinigungsgesetz und Landwirtschaftsanpassungsgesetz ___, ___, ___  und   ___
- Bodenrecht
- Liegenschaftskartendigitalisierung (ALK)
- Digitale Stadtgrundkarten (DSK)
- Kenntnisse im Umgang mit dem Geoinformationssystem DAVID
- Kenntnisse im Umgang mit dem Datenbanksystem   -ORACLE

b72508dd-2dc0-4ea2-aa03-2eb3bce33570	76711	7
Wir suchen für unser Restaurant zum nächstmöglichen Zeitpunkt eine Servicekraft auf geringfügiger Basis. Auf Dauer ist die Übernahme in Vollzeit sozialversicherungspflichtig geplant. Sie sollten Berufserfahrung mitbringen.

ec91facc-3345-47d7-b1e2-fc636c34a7e1	74900	2
Zum nächstmöglichen Zeitpunkt wird in der ___ eine Teamverstärkung als
Inbetriebnehmer (m_w) gesucht.

726731ae-b8d9-418d-9e17-270d9ea9797c	74900	2
Ihre Aufgaben:
-Inbetriebnahme der Maschinen-Anlagen im Werk ___ sowie im In- uns Ausland
-Kundenbetreuung, Service per Telefon und Online-Verbindung
-Erstellung von Programmen in Step 7

45a86b68-8615-42b9-a83a-fdb76cf1562d	74900	3
Ihre Qualifikation:
-Elektroniker, Techniker oder vergleichbare Ausbildung
-Kenntnisse in Step 7, wünscchenwert Step 5 sowie Pro Tool und WinCC-Flexible
-Kenntnisse in dezentraler Peripherie und Bussytemen
-Grundkenntnisse der Antriebstechnik
-Gute Englisch-  und Deutschkenntnisse
-Eigeninitiative, Lernbereitschaft, Teamfähigkeit und Zuverlässigkeit
-Führerschein Klasse B (alt: 3)
-Reisebereitschaft

a2d17e76-e211-4d94-88e1-0cd7b398ad34	74900	2
Unser Angebot:
-Interessantes und vielseitiges Arbeitsgebiet
-Flache Hierarchien und großer Entscheidungsspielraum mit Eigenverantwortung
-Modernste Hard- und Softwarekomponenten
-Zukunftssicherer Arbeitsplatz in einem motiverten, jungen Team
-Leistungsgerechte Vergütung
Konnte Ihr Interesse an dieser spannenden Aufgabe geweckt werden? Dann richten Sie Ihre aussagefähige Bewerbung samt Gehaltsvorstellung zu Händen Herrn ___ in der Agentur für Arbeit.

7f6eee0a-3ec4-4f3c-a364-96c0715ae46d	74304	1
Die Marke ___ steht für ein ausgewähltes Sortiment von Bauernspezialitäten aus traditioneller Herstellung. Unsere Produkte werden teilweise speziell für uns produziert.
Derzeit sind unsere 60 ___ bestens platziert im Eingangsbereich von großen Supermärkten, Einkaufscentern, Möbelhäusern oder auch vor Baumärkten in ganz Deutschland verteilt.

70281929-1c85-414c-aac8-2d1d788943d6	74304	2
Für unser  Geschäft in ___ suchen wir zum nächstmöglichen Eintrittstermin eine(n)

2cf95ef3-ed79-4a78-b1ce-9dc5c02f2aeb	74304	2
Fleischereifachverkäufer(in).
********************************

ceec7ac4-3b2c-4daf-823f-fd8c3aba37f3	74304	3
Falls Sie eine abgeschlossene Berufsausbildung als Fleischereifachverkäufer(in) oder einschlägige Berufserfahrung mitbringen und Kenntnisse im Bereich Feinkost-, Imbiss-, Käsetheke haben, freuen wir uns auf Ihre Bewerbung.

61d34c97-5dfc-4a10-8cd1-60ce14edfc0e	73585	7
Wir sind ein mittelständiges, international tätiges Familienunternehmen mit Fertigungsstandorten in Deutschland, ___ und ___. Als führender Hersteller technischer Kunststoffteile sind wir mit ca. 320 Mitarbeitern auf den Zukunftsmärkten tätig und zählen zur Spitzengruppe im Bereich der 2K- und Insert-Technik.
Mit neuen innovativen Produkten und Prozessen erwarten wir als Systemführer weiterhin ein überdurchschnittliches Wachstum.
Für unseren Standort in ___ suchen wir eine(n):
Mitarbeiter(in) Controlling
Unser Anforderungsprofil:
¿ Sie haben ein abgeschlossenes BWL-Studium, mit Schwerpunkt Controlling, bzw. Rechnungswesen und verfügen idealerweise über einen technischen Hintergrund
¿ Sie verfügen über ausgeprägte analytische und konzeptionelle Fähigkeiten
¿ Sie arbeiten im Team, aber auch selbstständig, sind in Ihren Vorgehensweisen strukturiert und ergebnisorientiert
¿ Neue Aufgaben sind für Sie willkommene Herausforderungen.
¿ Sie verfügen über gute Englischkenntnisse in Wort und Schrift sowie sehr gute Microsoft Office-Kenntnisse, insbesondere Microsoft Excel
¿ Ihr sicheres Auftreten und Ihre gute Kommunikationsfähigkeit runden Ihr Profil ab.
Ihr Aufgabenbereich:
¿ Plan- und Nachkalkulation
¿ Mitwirkung bei der Erstellung von Monats- und Jahresabschlüssen
¿ Planungsrechnung
¿ Mitwirkung bei der Vertragsprüfung
Es erwartet Sie eine attraktive leistungsbezogene Vergütung in einem fortschrittlichen Unternehmen mit angenehmem Arbeitsumfeld.
Ihre aussagekräftigen Bewerbungsunterlagen mit Angabe des frühesten Einstellungstermins sowie Ihrer Gehaltsvorstellung richten Sie bitte an ___ GmbH, ___, D-___ ___.
Die streng vertrauliche Behandlung Ihrer Bewerbung ist für uns selbstverständlich.
Wir weisen vorsorglich darauf hin, dass wir keinerlei Kosten für eventuelle Vorstellungsgespräche erstatten.

c067b63b-e2eb-4b90-8d30-d01b72813e5c	71742	1
Die ___ bietet maßgeschneiderte, auf Internettechnologie basierende Systeme für das Forderungsmanagement unserer Kunden als einheitliche Lösungen vom unternehmensinternen Mahnwesen bis zur Titulierung der Forderung und deren Vollstreckung.
Zu unseren Kunden zählen e-commerce-Anbieter, Möbelhäuser, Logistikunternehmen und Energieversorger.

47c31b10-a8e2-409b-add4-51eefc7df8f1	71742	2
Zum nächstmöglichen Termin suchen wir für den Innen- und Außendienst eine_n Vertriebsmitarbeiter_in oder Freien Mitarbeiter_in.

28fa3da9-f7b1-4769-9273-f0b73151a600	71742	2
Ihre Aufgaben:
Vertrieb im Innen- und Außendienst für innovative, modernste web-basierte Produkt_Dienstleistung rund ums Forderungsmanagement im Bereich Energieversorger mit Alleinstellungsmerkmal.

9c18538c-8385-428d-aa93-b7c5f5d764e4	71742	3
Ihre Kenntnisse:
* Erfahrung aus der Tätigkeit im Außendienst aus dem Bereich Finanzdienstleistungen_Forderungsmanagement, idealerweise mit rechtlichem Background
* Höfliches und professionelles Auftreten
* Freude am Kontakt zum Kunden in einem anspruchsvollen B2B Sektor
* Sie sind zuverlässig, haben ein hohes Maß an Engagement und Eigenmotivation
* Sie besitzen gute kommunikative, rhetorische Fähigkeiten und auch die Kompetenz, erklärungsbedürftige Sachverhalte einfach und transparent darzustellen
* Sie besitzen die Führerscheinklasse B (alt 3)
* Sie haben gute Kenntnisse in den MS-Office-Programmen
* Sie verfügen über einen ausgeprägten deutschen Sprachschatz

d35d53e6-b6ff-4dbc-9c86-731634394ca8	71742	2
Unser Angebot:
* innovative Produkt_Dienstleistung mit hoher Erfolgsquote
* verantwortungsvolle und herausfordernde Position in einem erfolgreichen Unternehmen sowie gute Entwicklungsmöglichkeiten
* unsere Marktposition verspricht weiterhin eine erfolgreiche Unternehmensentwicklung, die Sie durch Ihren engagierten Einsatz maßgeblich beeinflussen können
* Sie arbeiten in einem dynamischen Arbeitsumfeld, in dem sich Eigenverantwortung und Teamgeist ergänzen und das durch flache Hierarchien und offene Kommunikation geprägt ist

5f778a00-7ab4-4567-a157-6c0ac025acd1	71742	4
Bitte bewerben Sie sich bei Interesse entweder schriftlich oder per e-mail.
Ihre Ansprechpartnerin ist Frau ___.

f3d92eac-fb93-4f1f-a10b-4ef8ef1da0ca	71742	4
Weitere Infos zum Unternehmen erhalten Sie unter www.___.de

83ab242f-3820-4d6a-93eb-7cc5d51ab864	71395	2
Die ___ GmbH sucht am Standort ___ zum nächstmöglichen Zeitpunkt einen
Referent Partner- und Projektmanagement (w_m)

41a7f21b-3c6b-41d2-a5bb-8e95bb751a0e	71395	7
Aufgaben:
- Branchenanalysen, Identifizieren von Markttrends und Kundenbedürfnissen sowie Erstellung von Marktstudien zum relevanten Markt
- Mitarbeit bei der Konzeption und Umsetzung eines geeigneten branchenspezifischen Marktauftritts zur Positionierung ___ als ¿Globaler & Multimodaler Logistikpartner für die Chemieindustrie¿
- Mitarbeit bei der Planung, Durchführung und Erfolgskontrolle von internen und externen Kommunikationsmaßnahmen und Events, inkl. dazugehörigem Budgetprozess
- Mitarbeit bei der Konzeption und Umsetzung globaler und multimodaler Logistikleistungen für die Chemieindustrie
- Unterstützung der Vertriebseinheiten bei der Implementierung und Vermarktung der entwickelten geschäftsfeldübergreifenden Logistikleistungen
- Unterstützung der Vertriebseinheiten der Geschäftsfelder bei der Identifikation und Realisierung von Sales-Potenzialen, inkl. der Analyse und Beobachtung des Marktauftritts des Wettbewerbs
Qualifikationen_Anforderungen:
- Abgeschlossenes Hochschulstudium ¿ Fachrichtung Betriebswirtschaft mit erster Berufserfahrung oder mehrjährige Berufserfahrung im Vertrieb oder Produktmanagement von Logistikdienstleistungen mit Fokus auf Rail und Intermodal (Bulklogistik)
- Kenntnisse der Strukturen und Prozesse im Vertrieb des Ressorts Transport & Logistics, insbesondere im Geschäftsfeld Rail Freight
- Kenntnisse der Chemieindustrie und der Transport- und Logistikanforderungen von Chemiekonzernen wünschenswert
- Erste Erfahrungen im Projektmanagement, ausgeprägtes konzeptionelles und analytisches Denkvermögen
- Verbindliches Auftreten, Eigeninitiative, wirtschaftliches Denken und Handeln sowie kunden- und ergebnisorientierte Arbeitsweise
- Bereitschaft zur Reisetätigkeit, bei Bedarf auch ins Ausland
- Verhandlungssichere Englischkenntnisse in Wort und Schrift, wenn möglich Kenntnisse einer weiteren Fremdsprache
- Beherrschen der gängigen Softwareprodukte
___ GmbH
Personalabteilung
___
___ ___
http:__www.___.de

28826b4f-32f7-4fbd-b0a2-b7756d694c43	71395	4
Gerne steht Ihnen bei Rückfragen Frau ___ unter Tel.: + 49 ___ oder eMail: ___@___.de zur Verfügung

3c9aed2f-055e-444a-82e5-e5cc22b76138	65461	2
Gesucht wird organisatorisch interessierte_r
Tierarzthelfer_in bzw. Tiermedizinische_r Fachangestellte_r
mit Herz und Verstand.

ec0a077e-5937-4ad8-8e86-cc42ba7985c5	65461	3
Ideal ist, wenn Sie viel positive Energie haben, gerne Verantwortung übernehmen und gerne Mitarbeiter führen. Gebraucht werden auch gute Englischkenntnisse und Führerschein Klasse B. Außerdem sollten Sie idealerweise ausgelernt haben und mindestens schon einmal in einer Klinik gearbeitet haben und die Abläufe kennen.

0871190d-5dce-40b5-8810-146e6c4ea362	65461	1
Wir sind eine der anerkannt besten Kleintier-Kliniken in Deutschland mit ca. 10 Tierärzten. Schwerpunkte in Chirurgie, Dermatologie, Organkrankheiten (moderne diagnostische Verfahren einschl. 3D-CT, digitales Röntgen, Ultraschall, Video-Endoskopie)

80f3434f-9775-45ea-822d-d0f47e22223a	65461	4
Mehr unter www.___.de

e86fb50d-362c-42d4-8ea4-f9f654f79567	65461	4
Aussagekräftige Bewerbung mit zwei Referenzen bitte p. Post oder Email.

67922adb-2c40-4045-b0a2-410708efc81d	62943	2
Wir suchen ab sofort eine_n Helfer_in für die Produktion auf 400€-Basis.

d9bcaf3b-7339-4ca6-826b-cf8eb2cffc16	62943	7
Zu ihrer Aufgabe gehört in erster Linie das Sortieren und Abpacken von Getränken.
Entsprechend sind uns Flexibilität, körperliche Belastbarkeit sowie Deutschkenntnisse wichtig.

f0ad20fc-b16b-4d50-9a9b-4fb2a400d878	57817	7
Wir suchen eine_n Berufskraftfahrer_in für den Transport von Stahlprodukten im Nahverkehr. Berufserfahrung in der Führung eines Sattelzuges sollten vorhanden sein.

c3e4c3ae-2af3-4a5c-b45b-dd985eb8d2ea	55087	2
Für ein renommiertes Unternehmen in ___, welches im Einzelhandel mit Wurst- und Fleischwaren tätig ist, suchen wir zum nächstmöglichen Zeitpunkt eine_n freundliche_n und zuverlässige_n Fleischereifachverkäufer_in für den Einsatz in der Filiale ___.

f41894ba-8334-4c96-b1ba-066f09cd485f	55087	2
Sie werden in Ihrem Aufgabengebiet berufsübliche Tätigkeiten realisieren, d.h. Fleisch- und Wurstwaren verkaufen. Sie bedienen und beraten hierbei unsere Kunden, präsentieren die Waren ansprechend, bereiten aber auch Spezialitäten und Hackfleisch etc. zu und halten den Verkaufsraum sauber.

9d0a0def-ba6e-400b-add5-64bf5c1555ff	55087	3
Anforderungsprofil:
* gut abgeschlossene Ausbildung als Fachverkäufer_in im Lebensmittelhandwerk (Fleischerei)
* erste Berufserfahrungen sind zwingend notwendig

8c9019ef-2386-4c1b-8acb-00ea0b6b6f39	55087	3
Kundenorientierung, Teamfähigkeit sowie Flexibilität und ein hohes Maß an Freundlichkeit gegenüber unseren Kunden runden Ihr ansprechendes Profil ab.

5c6b36d2-a7e7-4463-9fca-0923e9427913	54888	2
Zur Verstärkung unseres Teams suchen wir zu sofort ein Dreher m_w in Vollzeit für alle anfallenden Tätigkeiten:
-Arbeit nach Zeichnung
-Feinwerkmechanik
-Maschineneinrichtung, Anlageneinrichtung
-Maschinenführung

1ff9c867-ef05-41bf-9da5-d7d99a57d099	54888	3
Eine abgeschlossene Ausbildung als Dreher und ausreichend Berufserfahrung werden vorausgesetzt.

165ded44-65ef-4e5c-8cd3-aad0b5793734	54888	4
Falls wir Ihr Interesse geweckt haben, bewerben Sie sich bitte schriftlich bei uns.
Wir freuen uns auf Ihre Bewerbung!

480b82bb-8eb6-405e-9f8e-698be754c0e3	54486	2
Am ___ ___ ist ab dem 21.11.2011 befristet für die Zeitdauer der Mutterschutzvertretung und einer sich gegebenenfalls anschließenden Elternzeitvertretung eine Teilzeitstelle mit 35 Wochenstunden
als Hilfskraft
zu besetzen.

fe52c6f3-2fe8-4159-8c0a-7751acd86fc8	54486	3
Die Bewerber_innen müssen über eine abgeschlossene Berufsausbildung als Kinderpfleger_in oder Krankenpflegehelfer_in verfügen.

15adafdc-6d23-48ee-974b-1d529ad3fdec	54486	2
Aufgabengebiet:

21f6f48f-4b6d-486b-812a-dcd92a9a199b	54486	2
Die Tätigkeit umfasst pädagogische, pflegerische und hauswirtschaftliche Aufgaben bei der Betreuung von schwerstmehrfachbehinderten und blinden Kindern und Jugendlichen unter Anleitung von pädagogischen Fachkräften (Erzieherinnen und Erziehern).

a8d1d650-b02c-4862-9ad5-327e1999244b	54486	3
Anforderungen:
- Es sollten Erfahrungen in der Kinderpflege und -betreuung vorhanden sein
- Teamfähigkeit (Zusammenarbeit mit Lehrkräften, Erziehern_Erzieherinnen, Ärzten_Ärztinnen, Krankenpflegehelferinnen_Krankenpflegehelfern und den Fachdiensten der ___ Blindenschule)
- Belastbarkeit und flexible Einsatzfähigkeit bezüglich der Arbeitszeit
- Organisationsvermögen und Fähigkeit zur Realisierung von Verwaltungsvorgängen (bspw. Pflegedokumentation)
- Sicherer Umgang mit den Softwareprogrammen Word und Excel

af1eed31-405f-4283-970b-df9d3bd54b16	54486	2
Rahmenbedingungen:
- Die Vergütung erfolgt nach Entgeltgruppe 5 des Tarifvertrages für den öffentl. Dienst der Länder (TV-L)
- Heim- und Schichtzulage wird bei entsprechenden Voraussetzungen gezahlt.
- Die wöchentliche Arbeitszeit beträgt 35 Stunden.
- Der Einsatz erfolgt in geteilten Diensten, Schichtdienst, Wochenend- und Feiertagsdienst

66fb8b03-9763-46d9-bbf0-52d5dd80199d	54486	4
Die Bewerbung von Frauen ist ausdrücklich erwünscht. Schwerbehinderte Bewerberinnen und Bewerber werden bei gleicher Eignung bevorzugt berücksichtigt. Sie werden daher ebenfalls ausdrücklich aufgefordert, sich zu bewerben.
Zur angemessenen Berücksichtigung wird gebeten, einen entsprechenden Nachweis den Bewerbungsunterlagen beizulegen.

9f9f5f40-add5-453d-9a45-82a234e8b2f9	54486	4
Richten Sie Ihre Bewerbungsunterlagen bis 12.10.2011 an:
___
Herrn ___
___
___ ___

e94d15c5-cf5f-498b-ad1b-9687f301a65d	52837	1
Innovativ - International - Kundennah
Seit Generationen werden ___ Erzeugnisse für Tisch und Küche wegen ihrer funktionalen und gestalterischen Qualitäten geschätzt.

4a91d980-cf83-43ed-a424-409e5be2e9d5	52837	2
Wir erweitern unsere Filiale in der ___ Innenstadt mit einem ___ Shop und suchen zum nächstmöglichen Zeitpunkt eine_n Verkäufer_in (alternativ: Verkaufsberater_in) in Teilzeitbeschäftigung ca. 18 Stunden in der Woche.

2939c53a-e785-4c05-8129-e8eee801ea2e	52837	3
Voraussetzungen:
- Freundlichkeit, zeitliche Flexibilität im Rahmen der Öffnungszeiten (Mo. - Sa. 09:30 - 19:00 Uhr),
Freude am Umgang mit Menschen,
Spaß am Verkauf und die Beratung von Kunden ist uns wichtig
- ein gepflegtes Erscheinungsbild wird vorausgesetzt
- Verkaufserfahrung im gehobenen Einzelhandel

62766687-d063-4a86-92f3-186bd0278d24	52837	4
Haben wir Ihr Interesse geweckt, dann bewerben Sie sich bitte schriftlich unter der folgenden Adresse:
___ AG
Personal FVP
z. Hd. ___
___
___ ___
oder via E-Mail:
___@___.de

1f3aa89f-1144-487e-b82b-7f28398ef1e7	51880	1
Innovativ - International - Kundennah
Seit Generationen werden ___ Erzeugnisse für Tisch und Küche wegen ihrer funktionalen und gestalterischen Qualitäten geschätzt.

18043356-ee2f-4840-af85-f62cb36f9586	51880	2
Wir suchen zum nächstmöglichen Zeitpunkt für unsere Filiale in ___ eine_n Verkäufer_in in Teilzeitbeschäftigung.

75286c9b-2ecc-4b4c-8d96-3096d57effb4	51880	2
Ihre Tätigkeit umfasst die Bedienung und Beratung unserer Kundschaft, Kassieren, Warenpräsentation, Dekoration, Pflege der Ware, Warenannahme und Warenversand.

a5b479ff-1442-4521-bd89-6370f3c750d0	51880	3
Voraussetzungen:
- Freundlichkeit, Offenheit, Pünktlichkeit, Flexibilität, Zuverlässigkeit,
Kommunikationsfähigkeit_Freude am Umgang mit Menschen,
Belastbarkeit, Spaß am Verkauf und die Beratung von Kunden ist uns wichtig
- ein gepflegtes Erscheinungsbild wird vorausgesetzt
- Verkaufserfahrung von Vorteil
- Fremdsprachenkenntnisse von Vorteil

4acb2175-2c40-4429-a418-14a827ed3a1c	51880	4
Haben wir Ihr Interesse geweckt, dann bewerben Sie sich postalisch oder per e-Mail unter.

ac0e4f56-14b3-442d-ad2a-7d005f6a33ec	45405	2
Die ___ sucht zum nächstmöglichen Beginn mehrere Mitarbeiter (m_w) zur Herstellung und Montage von Fenstern, Türen und Fassadenteilen auf bundesweiten Baustellen.

834bb35b-c9da-4678-9485-4baa911592f9	45405	2
Ihre Aufgabe ist es, die im Unternehmen gefertigten Teile auf den entsprechenden Baustellen zu montieren. Diese Elemente bestehen vorrangig aus Aluminium oder auch Stahl und werden vorgefertigt auf der Baustelle angeliefert.

3097f156-130e-4643-8749-9cd41dd10cf5	45405	3
Idealerweise haben Sie eine Ausbildung als Metallbauer_in bzw. Konstruktionsmechaniker_in oder einem artverwandten Beruf abgeschlossen und verfügen bereits über eine gewisse Berufserfahrung.

e34c6060-fd9b-4972-94a5-6c2046ac2804	45405	3
Zuverlässigkeit, selbständiges und gewissenhaftes Arbeiten sowie Teamfähigkeit und Montagebereitschaft setzt der Arbeitgeber voraus.

6dc20eb0-4153-43da-aba1-89bc27d8ee33	45405	7
Es erfolgt ein bundesweiter Einsatz, die Fahrten zu den einzelnen Baustellen erfolgt ab Betriebssitz (___) mit firmeneigenen Fahrzeugen. Ihr Einsatz erfolgt jeweils von Montag bis Donnerstag bzw. Freitag.
Sie sollten im Besitz des Pkw-Führerscheins sein.

0a29fb73-a529-4fd1-b0c6-68e4a54e340e	45405	4
Bitte übersenden Sie umgehend Ihre aussagefähige Bewerbung an das genannte Unternehmen !

5c1da82e-bd30-402b-88c4-637ece65afdb	43102	7
Zur Verstärkung unseres Teams suchen wir laufend hoch motivierte Problemlöser mit IT-Background.
Als junges, dynamisches Unternehmen bieten wir eine attraktive Einstiegsposition in einem wachstumsstarken Zukunftsmarkt.

8e9a857b-b4b9-4e57-af99-f17712bfd367	43102	3
Ihr Profil:
¿ Sie stehen kurz vor (oder nach) dem Abschluss Ihres Studiums der Informatik, Elektrotechnik oder eines vergleichbaren Studienganges ODER
¿ Sie haben Ihre Ausbildung zum Fachinformatiker erfolgreich abgeschlossen
¿ Fulltime-Verfügbarkeit und idealerweise hohe Reisebereitschaft
¿ Idealerweise erste praktische Erfahrungen im Bereich Software Testing, Qualitätssicherung, Datenbanken und_oder Programmierung
¿ Verhandlungssichere Deutsch- und gute Englischkenntnisse
¿ Eine hohe Lernbereitschaft sowie eine schnelle Auffassungsgabe

13156ce8-6b72-474b-b9a4-d42d8038e521	43102	2
Wir bieten:
¿ Spannende Aufgaben im gesamten Bundesgebiet
¿ Sehr gute Karriereperspektiven und Fortbildungsmöglichkeiten (bspw.  ISTQB Certified Tester)
¿ Ein junges, engagiertes Team
¿ Exzellente Mitarbeiterbetreuung
¿ Kurze Kommunikationswege und flache Hierarchien
___ ist ein IT-Dienstleister, der sich auf die Bereiche Software Testing, Testmanagement und Qualitätssicherung spezialisiert hat. Unser Portfolio beinhaltet das gesamte Aufgabenspektrum von Fachtests und Testfall-Entwurf über spezielle Engineering-Aufgaben wie Automatisierung oder Performance Tests.
Unsere Mitarbeiter sind in den Branchen Mobilfunk_Telekommunikation, Logistik, Automotive sowie im Bereich Qualitätssicherung von Standardsoftware tätig.

581dfb3e-89b2-4907-8c8f-4f76fc6cf2ed	43102	4
Machen Sie den ersten Schritt für Ihre Karriere und senden Sie uns Ihre Bewerbungsunterlagen (Anschreiben+Lebenslauf; <250kb) an ___@___.de.

c5241a6d-ab70-4b6a-9a9b-bb0b9b02cb88	43102	4
Wir freuen uns auf Sie!
___
___ ___, Personalmanagement
___ ___, ___ ___
Tel.: ___, Fax: ___
E-Mail: ___@___.de Web: www.___.de

a6ffacb3-2d80-4254-887f-2ec75f3005c2	35813	2
Ihre Tätigkeit
¿ Erstellen von Datenkontrollmodellen vom Aufbau bis zum Finish
¿ Erstellen von Funktions- und Prüfcuben, Lehren
¿ Modellingarbeiten im Designfindungsprozess
¿ Durchführen von Messungen mit Dokumentation im System Holos
¿ Kompetenzen in der Herstellung von CFK_GFK- Bauteilen sind von Vorteil

27d96f2a-9d1f-431f-b35b-816feaa7296e	35813	3
Ihr Profil
¿ Abgeschlossene Berufsausbildung als Modellbauer (Fachrichtung Karosserie) oder eine vergleichbare Ausbildung
¿ Idealerweise Berufserfahrung im Modellbau_Lehrenbau
¿ sichere PC-Kenntnisse
¿ Flexibilität, Belastbarkeit, Teamfähigkeit
¿ Eigenverantwortliche und selbständige Arbeitsweise

1a8da827-24ff-435c-bf84-92ae093fb3ae	35813	4
Bewerben Sie sich jetzt auf diese Kennziffer: ___

f37ed657-9ccf-404f-9d2d-2ffd4a6509d8	35813	4
Haben Sie noch Fragen? Dann sprechen Sie mit
___
___
Personal
___
D - ___ ___
Telefon: +49 ___

225541b6-3970-4071-bdd5-ea63b658afe6	24374	2
WIG-Schweißer (m_w) gesucht (Vorarbeiterposition)

7819c3d7-3db9-4c3a-9641-be241b1a37be	24374	2
IHRE AUFGABENSTELLUNG
- Bauteile nach Zeichnung zusammensetzen
- WIG-Schweissen in allen Lagen
- selbstverantwortlicher Behälterbau

594b56ae-6f69-4491-9d15-81621ff95ca7	24374	3
UNSERE ERWARTUNGEN
- Berufserfahrung im Bereich Behälter- und Apparatebau
- sehr gute Schweißkenntnisse (WIG)
- langjährige Erfahrung in Edelstahl-Verarbeitung
- Eigeninitiative und selbstständiges, gewissenhaftes Arbeiten

11620721-1715-426c-961e-844e337417dc	9940	1
Wir sind der kompetente Partner für die berufliche Vorförderung und Erstausbildung junger Menschen
mit Hör- und_oder Sprachbehinderung. In Zusammenarbeit der Mitarbeiter von Ausbildung, Berufsschule, Internat, Diagnostik- und Beratungszentrum, Verwaltung sowie den zuständigen Arbeitsagenturen erhalten ca. 500 Jugendliche im Sinne ganzheitlicher Rehabilitation fördernde Maßnahmen für den Einstieg in die Arbeitswelt,
Hilfen für die soziale Integration und Orientierung auf weiterführende Maßnahmen.

b2f974dd-5f96-4fe0-917f-f96b32b6a803	9940	1
Das ___ ist anerkannte Einsatzstelle für den Bundesfreiwilligendienst und Träger von integrativen Kindertagesstätten in ___.

0029e634-ae97-4eef-998d-e862872a911c	9940	2
Wir suchen ab 01.10.2011 oder später, befristet für 1 Jahr, einen Logopäde oder eine Logopädin für eine Teilzeitstelle (20h_Woche im Zeitrahmen Mo-Fr 8-18 Uhr).

1b9dd9d9-9722-4215-8a3e-281902822207	9940	2
Ihre Aufgaben:
- Begleitung hör-und sprachbehinderter Jugendlicher während ihrer beruflichen Rehabilitationsmaßnahme (Einzel- und Gruppeninterventionen)
- Diagnostik, Therapie und Beratung für Kinder und Erwachsene mit Hör-,Sprach-,Sprech-,Stimm- und Schluckstörungen
- Mitarbeiterberatung und -fortbildung
- Zusammenarbeit in einem interdisziplinären Team
- Einbringen logopädischen Fachwissens in die Entwicklung und Umsetzung von Konzeptionen und Projekten

aa7acc57-4ba3-430c-8196-e00bdb51f143	9940	3
Anforderungen:
- Umfassende Kenntnisse und Kompetenzen in Diagnostik, Therapie und Beratung logopädischer Diagnostik
- selbständiges Arbeiten und fachliche Entscheidungskompetenz sowie ausgeprägte kommunikative Fähigkeiten
- aufgeschlossenes und sicheres Auftreten
- wünschenswert sind Erfahrungen in der Arbeit mit jungen Menschen bzw.in der Arbeit mit hör-und_oder sprachbehinderten Menschen
- Führerschein
- Kassenzulassung



