Paragraph ID	Paragraph Text	Extracted Competences
ec0a077e-5937-4ad8-8e86-cc42ba7985c5	Ideal ist, wenn Sie viel positive Energie haben, gerne Verantwortung übernehmen und gerne Mitarbeiter führen. Gebraucht werden auch gute Englischkenntnisse und Führerschein Klasse B. Außerdem sollten Sie idealerweise ausgelernt haben und mindestens schon einmal in einer Klinik gearbeitet haben und die Abläufe kennen.	auch gute Englischkenntnisse und Führerschein
		Klasse B. idealerweise ausgelernt
		Ideal gerne Verantwortung übernehmen und gerne Mitarbeiter führen.
		Klasse B. idealerweise ausgelernt haben und mindestens schon einmal in einer Klinik gearbeitet haben und die Abläufe kennen.
		viel positive Energie
		
74fba43c-a6ec-4476-8273-56c217356340	Zu Ihren persönlichen Stärken gehören Zuverlässigkeit und Teamfähigkeit.	Zu Ihren persönlichen Stärken
		
db5c7bb0-e616-4f0d-a8ad-5d221024bf9d	Kenntnisse über PV-Anlagen gewünscht, aber nicht Voraussetzung.	Kenntnisse über PV-Anlagen
		
05dc4f04-6bdd-4369-abc1-0c3833158fff	Behandlung von Kleintieren in der Kleintierklinik. Entsprechende Ausbildung wird vorausgesetzt. Erfahrung im Bereich Kleintiere wird erwartet.	vorausgesetzt.
		Erfahrung im Bereich Kleintiere
		Entsprechende Ausbildung
		erwartet.
		
53e675b6-780f-4d22-94e0-0b12a7da03ea	Wir setzen den Besitz des Führerscheins der Klasse CE zwingend voraus. Sollten Sie Berufseinsteiger sein, so lernen wir Sie gerne an. Zuverlässigkeit ist zwingend erforderlich.	Zuverlässigkeit
		Berufseinsteiger
		den Besitz des Führerscheins der Klasse CE
		
c1e8466c-1459-45a5-88b7-d8b9a7efae51	Sie sollten insbesondere : [*] über handwerkliche Kenntnisse verfügen [*] belastbar, zuverlässig und flexibel einsetzbar sein [*] Berufserfahrung wäre wünschenswert [*] PKW-FS ist zwingend erforderlich	insbesondere: [* ] über handwerkliche Kenntnisse verfügen [* ] belastbar, zuverlässig und flexibel einsetzbar
		über handwerkliche Kenntnisse
		zwingend erforderlich
		
5b2da144-17ff-421c-a6ac-5471582c7146	Voraussetzungen [*] Abgeschlossene pädagogische Grundbildung (staatlich anerkannte_r ErzieherIn. Kinderpflegerin mit mind. einem Jahr Berufserfahrung in einer Einrichtung) [*] Darf ErzieherIn direkt nach der Ausbildung sein [*] Teamplayer [*] Eigeninitiative [*] Offene, kommunikative Wesensart [*] Bereitschaft, sich in die Pädagogik vom ___ einzuarbeiten [*] Bereitschaft, sich in das Ausbildungssystem der ___ (___) einzuarbeiten [*] Erfahrung im Kleinkindbereich	ErzieherIn
		
a8d1d650-b02c-4862-9ad5-327e1999244b	Anforderungen: [*] Es sollten Erfahrungen in der Kinderpflege und -betreuung vorhanden sein [*] Teamfähigkeit (Zusammenarbeit mit Lehrkräften, Erziehern_Erzieherinnen, Ärzten_Ärztinnen, Krankenpflegehelferinnen_Krankenpflegehelfern und den Fachdiensten der ___ Blindenschule) [*] Belastbarkeit und flexible Einsatzfähigkeit bezüglich der Arbeitszeit [*] Organisationsvermögen und Fähigkeit zur Realisierung von Verwaltungsvorgängen (bspw. Pflegedokumentation) [*] Sicherer Umgang mit den Softwareprogrammen Word und Excel	Erfahrungen in der Kinderpflege und -betreuung
		vorhanden
		
146656cd-4fe3-4c3a-b417-22a5b99c4e5c	Voraussetzungen: [*] abgeschlossene Ausbildung zur Rettungssanitäterin _ zum Rettungssanitäter oder vergleichbarer Kenntnisstand [*] Führerschein Klasse B [*] hohe soziale Kompetenz und Teamfähigkeit [*] Kunden- und Dienstleistungsorientierung [*] Erfahrung im Umgang mit älteren und hilfsbedürftigen Menschen [*] Freude am eigenständigen und eigenverantwortlichen Arbeiten [*] technisches Verständnis [*] Bereitschaft zur Schicht und Wochenendarbeit [*] für Mitarbeit und Verständigung im Bereich Notruf _ Rufbereitschaft sind gute Deutschkenntnisse in Wort und Schrift erforderlich	gute Deutschkenntnisse in Wort und Schrift
		
fb0d43c8-8d49-479c-9a36-961923cbdea8	Anforderungen: [*] eine abgeschlossene kaufmännische Ausbildung ist von Vorteil, jedoch nicht zwingend erforderlich [*] Berufserfahrung im Verkauf sowie botanische Kenntnisse werden vorausgesetzt [*] ein freundlicher Umgang mit unseren Kunden sowie Teamfähigkeit sind uns wichtig.	[* ]
		eine abgeschlossene kaufmännische Ausbildung
		
9ebfaad5-6820-44be-8adb-6281378849e4	Wir suchen für unser Unternehmen in ___, zum nächstmöglichen Eintritt, 1 Fahrzeuglackierer_in oder Kraftfahrzeugmechatroniker_in mit entsprechenden Lackierkenntnissen. Eine abgeschlossen Ausbildung in diesem Bereich ist wünschenswert, jedoch nicht Bedingung. Einsatz erfolgt in der Fahrzeuglackierung.	Eine abgeschlossen Ausbildung in diesem Bereich
		
35971325-8943-46b0-aa34-25537fc8e08a	Unsere Anforderungen: Zwingend erforderlich ist eine abgeschlossene Ausbildung als Schlosser_in_ (Anlagenmechaniker_in, betriebsmechaniker_in). Neben Engagement bei der Arbeit hoffen wir auf gute Deutschkenntnisse.	Unsere Anforderungen:
		auf gute Deutschkenntnisse.
		
8a6aa65b-11fb-4f0c-9fa0-f9e2505f40c9	Sie werden im a-la-carte-Bereich und in unserem Biergarten tätig sein. Wir wünschen uns einschlägige Berufserfahrung in der Gastronomie.	einschlägige Berufserfahrung in der Gastronomie.
		tätig
		
75018b51-9178-46ff-9676-9f0cbe1dd67e	Wir suchen umgehend flexible Berufskraftfahrer (m_w), welche im Fernverkehr mit unseren Schubboden- LKW unterwegs sind. Berufserfahrung und berufstypische Kenntnisse und Fähigkeiten sind erwünscht.	flexible Berufskraftfahrer (m_w), welche im Fernverkehr mit unseren Schubboden- LKW unterwegs sind.
		Berufserfahrung und berufstypische Kenntnisse und Fähigkeiten
		
446bae9e-8155-49ec-b11e-62948ad697ce	Ihr Profil: [*] Abgeschlossene Ausbildung [*] Gute allgemeine EDV-Kenntnisse [*] Eine schnelle Auffassungsgabe, Teamfähigkeit, Freude am Umgang mit Menschen, Freundlichkeit und Flexibilität runden Ihr Profil ab	Eine schnelle Auffassungsgabe, Teamfähigkeit, Freude am Umgang mit Menschen, Freundlichkeit und Flexibilität
		
c757906b-6ea8-4aa7-8fd8-993310dec637	In unserem modernen und schnell expandierenden Unternehmen bieten wir Ihnen die Chance unserer als Fachberater (m_w) Kraftfahrzeuge und -teile in Vollzeit unbefristet einzusteigen. Sie arbeiten in einem engagierten Team mit und erhalten die Möglichkeit, durch individuelle Weiterbildungs- und Aufstiegsmöglichkeiten anspruchsvolle Aufgaben in einem stark wachsenden Großunternehmen zu übernehmen. Ihre Aufgaben: [*] Durchführung von Kundenberatung und Verkaufsgesprächen bzgl. Reifen, Autozubehör, Verschleißteilen und Dienstleistungen jeglicher Art für alle gängigen Fahrzeugtypen [*] Auftragsannahme [*] Einhaltung der Lagerordnung und Sauberkeit im Verkaufsraum [*] Mitwirken bei der Wareneingangskontrolle, Warenpflege und Warenplatzierung Ihre Kenntnisse und Fähigkeiten: [*] erfolgreich abgeschlossene Berufsausbildung als Verkäufer_-in oder Kaufmann_-frau im Einzelhandel, idealerweise in der Kfz Branche [*] gute Fachkenntnisse und ausgeprägtes Kommunikationsvermögen [*] Eigeninitiative und Flexibilität [*] Kfz-Mechaniker oder Erfahrung VerKauf Kfz-Teile [*] gute EDV- Kenntnisse (MS-Office) [*] Führerschein Klasse B zwingend vorausgesetzt	Kfz-Mechaniker oder Erfahrung VerKauf Kfz-Teile gute EDV- Kenntnisse (
		
e3c167f2-9a8b-41b2-b105-850960e086d8	Ihre Stärken: Gute Kenntnisse mit den üblichen EDV Systemen, Vaudis, Elsa, WPS, ETKA_SAP setzen wir voraus. Wenn Sie sich den Anforderungen eines modernen Teiledienstes gewachsen sehen, senden Sie bitte die üblichen Bewerbungsunterlagen mit Ihrer Gehaltsvorstellung per Post oder e-mail z.Hd. Herrn ___ E Mail: ___@___.de	Gute Kenntnisse mit den üblichen EDV Systemen, Vaudis, Elsa, WPS, ETKA_SAP
		Ihre Stärken:
		
a35fecd9-5ba4-4546-98a9-b021136e7d2a	Aktuell suchen wir für unseren Kunden in Wiesbaden-Erbenheim (Kantine) eine_n  erfahrene_n  Koch (m_w) _Großküchenkoch_-köchin MIT FÜHRUNGSERFAHRUNG in Vollzeit Kernzeit: Mo-Fr 07.00-16.00 Uhr	Kantine) eine_n erfahrene_n Koch (m_w) _Großküchenkoch_-köchin MIT FÜHRUNGSERFAHRUNG
		
78fd0d68-0420-4dc7-8eb0-c98d3ecea79a	Gesucht wird ab sofort ein_e Stuckateur_in mit folgenden Schwerpunkten: [*] Führerschein wünschenswert [*] Berufserfahrung gewünscht, allerdings keine Bedingung	Gesucht
		[* ] Berufserfahrung
		ab sofort ein_e Stuckateur_in mit folgenden Schwerpunkten: [* ] Führerschein wünschenswert gewünscht, allerdings keine Bedingung
		
37e9e581-57b9-4080-b467-4c285efe7729	Zur Verstärkung meines Teams suche ich eine_n engagierte_n, zuverlässige_n, freundliche_n und erfahrene_n	eine_n engagierte_n, zuverlässige_n, freundliche_n und erfahrene_n
		
6dc20eb0-4153-43da-aba1-89bc27d8ee33	Es erfolgt ein bundesweiter Einsatz, die Fahrten zu den einzelnen Baustellen erfolgt ab Betriebssitz (___) mit firmeneigenen Fahrzeugen. Ihr Einsatz erfolgt jeweils von Montag bis Donnerstag bzw. Freitag. Sie sollten im Besitz des Pkw-Führerscheins sein.	im Besitz des Pkw-Führerscheins sein.
		
9cb9ad5b-9bd6-42f1-817e-052662905b31	Zu Ihrem Profil gehören u.a.: [*] eine positive Einstellung zu dieser Arbeit [*] viel Verständnis und Einfühlungsvermögen für ältere & pflegebedürftige Menschen.	Zu Ihrem Profil
		
95239e09-272a-4561-8839-a5bd4e8b53d3	Interessierte Bewerber_innen (auch Berufsanfänger_innen) sollten folgende Fähigkeiten und Qualifikationen mitbringen: [*] Fähigkeit, in einem großen Mitarbeiterteam und mit großer Flexibilität zu arbeiten [*] Durchsetzungsvermögen u. selbstständiges Arbeiten bei der Hausaufgabenbetreuung, Lernförderung, bei Projekten und Neigungsgruppen [*] professionelle Arbeit mit Eltern, Lehrern und anderen Kooperationspartnern [*] sehr gute pädagogische Kenntnisse und Einfühlungsvermögen, Interesse an Fortbildungen	Interessierte Bewerber_innen (auch Berufsanfänger_innen)
		Fähigkeit, in einem großen Mitarbeiterteam und mit großer Flexibilität zu arbeiten [
		
1ff9c867-ef05-41bf-9da5-d7d99a57d099	Eine abgeschlossene Ausbildung als Dreher und ausreichend Berufserfahrung werden vorausgesetzt.	vorausgesetzt.
		Eine abgeschlossene Ausbildung als Dreher und ausreichend Berufserfahrung
		
aa21b8fe-02f1-4d32-a771-919eef96b90d	Wenn Sie grundlegende Computerkenntnisse haben, flexibel und kundenorientiert sind und ein einwandfreies polizeiliches Führungszeugnis haben, dann bewerben Sie sich bei uns!	grundlegende Computerkenntnisse
		ein einwandfreies polizeiliches Führungszeugnis
		flexibel und kundenorientiert
		
2939c53a-e785-4c05-8129-e8eee801ea2e	Voraussetzungen: [*] Freundlichkeit, zeitliche Flexibilität im Rahmen der Öffnungszeiten (Mo. - Sa. 09:30 - 19:00 Uhr), Freude am Umgang mit Menschen, Spaß am Verkauf und die Beratung von Kunden ist uns wichtig [*] ein gepflegtes Erscheinungsbild wird vorausgesetzt [*] Verkaufserfahrung im gehobenen Einzelhandel	uns wichtig [* ]
		vorausgesetzt [* ] Verkaufserfahrung im gehobenen Einzelhandel
		
5ba032d9-848e-4a2a-9552-2db5f097294c	Wie suchen zur sofortigen Einstellung: eine_n Monteur_in in Vollzeit für die Montage von Fenstern & Türen in Dauerstellung. Ideal wäre eine abgeschlossene Berufsausbildung als Tischler oder Schreiner. Berufserfahrung im Montieren von Fenstern und Türen ist erforderlich.	Berufserfahrung im Montieren von Fenstern und Türen
		eine abgeschlossene Berufsausbildung als Tischler oder Schreiner.
		
b2fdb081-64d3-491c-919e-279269bf6e21	Idealerweise verfügen Sie bereits über Erfahrungen im Pflegebereich und besitzen eine adäquate Berufsausbildung bzw. fühlen sich den Aufgaben gewachsen.	eine adäquate Berufsausbildung
		über Erfahrungen im Pflegebereich
		
e0ca114d-3715-41b2-854d-785a7ce8c210	IHR PROFIL [*] Möglichst mit einschlägiger Berufserfahrung, wir geben aber auch jungen Fachkräften am Beginn Ihrer Laufbahn eine Chance [*] Fundierte Kenntnisse im Bereich der SP-Steueranlagen S7 sind wünschenswert [*] Gute MSR-Kenntnisse sind von Vorteil [*] Sichere Anwendung der MS-Office-Produkte	wünschenswert
		
f5f28921-6745-4f96-86ad-25afc23e0f9e	Wenn Sie Erfahrungen in diesen Bereichen mitbringen und über persönliche Eigenschaften wie Zuverlässigkeit, selbständige Arbeitsweise, guter Umgangston im Team (Höflichkeit im Betrieb), gepflegtes Äußeres und Teamfähigkeit verfügen, dann bewerben Sie sich schriftlich. Zur Erreichung des Arbeitsortes ist ein Führerschein und PKW zwingend erforderlich.	über persönliche Eigenschaften wie Zuverlässigkeit, selbständige Arbeitsweise, guter Umgangston im Team (Höflichkeit im Betrieb), gepflegtes Äußeres und Teamfähigkeit
		Erfahrungen in diesen Bereichen
		ein Führerschein und PKW
		
3928c64a-c737-458f-9f50-b4ba4d135442	Sie sollten Erfahrung in den Bereichen [*] Wärmedämmung [*] Außenarbeiten [*] und Verputzen haben.	Außenarbeiten [* ] und Verputzen
		Erfahrung
		
a6e41e97-7043-418d-afb6-a1f5e08ffee8	Aufgeschlossenes und besucherfreundliches Auftreten setzen wir voraus.	Aufgeschlossenes und besucherfreundliches Auftreten
		
2101c6dc-a364-4179-b319-88a418ede5ef	Wir erwarten umfassende Kompetenzen in Sachen Farbberatung, Haarfärben und -schneiden (___).	umfassende Kompetenzen
		
4b9f2691-470b-4f6e-a621-9dc357c097f0	Sie besitzen organisatorisches Talent und haben Freude am Umgang mit Menschen? Darüber hinaus sind Sie in der Lage auch in schwierigen Situationen den Überblick und die Ruhe zu bewahren? Wenn Sie zusätzlich noch über Durchsetzungskraft, körperliche Belastbarkeit, einen Staplerschein und Führerschein verfügen, sind Sie bei uns genau richtig.	genau richtig.
		in der Lage auch in schwierigen Situationen den Überblick und die Ruhe zu bewahren?
		Freude am Umgang mit Menschen?
		organisatorisches Talent
		noch über Durchsetzungskraft, körperliche Belastbarkeit, einen Staplerschein und Führerschein
		
5ab60ebf-9260-40fa-8c7d-17068287994c	Erfahrung in diesem Bereich ist wünschenswert. Eine abgeschlossene Berufsausbildung ist nicht erforderlich.	Eine abgeschlossene Berufsausbildung
		Erfahrung in diesem Bereich
		
dc0677a6-1d69-4cc8-a262-4cbbe5043248	Sie sollten über eine abgeschlossene Technikerausbildung der Fachrichtung Anlagenbau oder Versorgungstechnik und mehrjährige Berufserfahrung verfügen. Ferner setzen wir gute CAD_PC- Kenntnisse voraus. Kenntnisse in den Bereichen VDE _ VdS, DIN sowie Vertragsrecht (BGB _ VOB) runden Ihr Profil ab. Darüber hinaus sollten Sie gute Kommunikations- und Teamfähigkeit, Flexibilität und Einsatzbereitschaft besitzen. Von Vorteil sind Kenntnisse der Elektro- oder Fernmeldetechnik.	gute CAD_PC- Kenntnisse
		Kenntnisse in den Bereichen VDE _ VdS, DIN sowie Vertragsrecht (BGB _ VOB)
		über eine abgeschlossene Technikerausbildung der Fachrichtung Anlagenbau oder Versorgungstechnik und mehrjährige Berufserfahrung
		Kenntnisse der Elektro- oder Fernmeldetechnik.
		gute Kommunikations- und Teamfähigkeit, Flexibilität und Einsatzbereitschaft
		
311dda1e-8367-4c22-854c-e2269954157c	Folgende Voraussetzungen sollten Sie mitbringen: [*] 3-jährige Ausbildung zur_zum Krankenschwester_-pfleger; Medizinische(r)m Fachangestellten (Arzthelfer_in) oder Altenpfleger_in [*] eine positive Einstellung zur Pflege [*] alleinverantwortliches Arbeiten [*] Teamarbeit_Teamfähigkeit [*] ein zugewandtes, freundliches Wesen [*] eine sympathische Erscheinung	Folgende Voraussetzungen 3-jährige Ausbildung zur_zum Krankenschwester_-pfleger; Medizinische(r) m Fachangestellten (Arzthelfer_in) oder Altenpfleger_in eine positive Einstellung zur Pflege alleinverantwortliches Arbeiten Teamarbeit_Teamfähigkeit ein zugewandtes, freundliches Wesen eine sympathische Erscheinung
		
5d7ac528-941f-4696-8aae-63a2db118117	Als idealer Bewerber verfügen Sie über ein abgeschlossenes Studium der Elektrotechnik oder eine vergleichbare Ausbildung zum Techniker und bringen gute Kenntnisse in der Energie- und Antriebstechnik mit. Darüber hinaus haben Sie Erfahrung bei der Projektierung von elektrischen Anlagen und bei der Erstellung von Stromlaufplänen (idealerweise sind Sie mit einem E-CAD System vertraut). Sie beherrschen weiterhin den Umgang mit verfahrenstechnischen Vorgaben wie Systembeschreibungen und Spezifikationen. Mit guten Englischkenntnissen in Wort und Schrift und der Bereitschaft zu Reisetätigkeiten runden Sie Ihr Profil ab.	über ein abgeschlossenes Studium der Elektrotechnik oder eine vergleichbare Ausbildung zum Techniker
		den Umgang mit verfahrenstechnischen Vorgaben wie Systembeschreibungen und Spezifikationen.
		gute Kenntnisse
		Erfahrung bei der Projektierung von elektrischen Anlagen
		mit einem E-CAD System vertraut).
		
8c9019ef-2386-4c1b-8acb-00ea0b6b6f39	Kundenorientierung, Teamfähigkeit sowie Flexibilität und ein hohes Maß an Freundlichkeit gegenüber unseren Kunden runden Ihr ansprechendes Profil ab.	Kundenorientierung, Teamfähigkeit sowie Flexibilität und ein hohes Maß an Freundlichkeit gegenüber unseren Kunden
		
79c17268-1815-443d-a4d7-2afa8d7c7153	[*] ***************************************************************************************************************Anforderungen: [*] Studium der Elektrotechnik oder der technischen Informatik TU_FH [*] Sichere Kommunikation in englischer Sprache, eine weitere Fremdsprache wäre hilfreich [*] Eigenverantwortlicher, zielstrebiger und selbstständiger Arbeitsstil [*] Hohe Teamfähigkeit [*] Fundiertes theoretisches und praktisches Wissen, insbesondere in den Bereichen Analog und Digital-technik sowie im Bereich der Mikrocontroler (ARM + DSPIC) [*] Sehr gute PC-Anwenderkenntnisse und fundierte praktische Erfahrungen, speziell mit MS ¿ Office [*] Grundkenntnisse der Programmierung in C_C++, Basic und_oder Pascal sowie Qt-Framework und Linux  [*] ***************************************************************************************************************	der Elektrotechnik oder der technischen Informatik TU_FH [ Sichere Kommunikation
		
a5b479ff-1442-4521-bd89-6370f3c750d0	Voraussetzungen: [*] Freundlichkeit, Offenheit, Pünktlichkeit, Flexibilität, Zuverlässigkeit, Kommunikationsfähigkeit_Freude am Umgang mit Menschen, Belastbarkeit, Spaß am Verkauf und die Beratung von Kunden ist uns wichtig [*] ein gepflegtes Erscheinungsbild wird vorausgesetzt [*] Verkaufserfahrung von Vorteil [*] Fremdsprachenkenntnisse von Vorteil	ein gepflegtes Erscheinungsbild
		vorausgesetzt
		
50a0d5d0-113f-4235-b808-30f080221b7d	Eine abgeschlossene fachbezogene Berufsausbildung setzen wir voraus. Als Facharbeiter (m_w) haben Sie idealerweise bereits mehrjährige Berufserfahrung gesammelt. Sie sind es gewohnt, eigenverantwortlich und selbstständig zu arbeiten. Qualitätsbewusstsein, Teamfähigkeit und Flexibilität gehören mit zu Ihren Stärken.	zu Ihren Stärken.
		Eine abgeschlossene fachbezogene Berufsausbildung
		mehrjährige Berufserfahrung
		es gewohnt, eigenverantwortlich und selbstständig zu arbeiten.
		
6bc6a883-8315-47cb-b8a6-e86bba557b74	Sie sollten bereits über erste Berufserfahrung im gastronomischen Bereich verfügen. Der Gesundheitspass ist zwingend erforderlich. Eine Ausbildung ist nicht erforderlich, alle Tätigkeiten unterliegen Standards und können leicht erlernt werden. Sie werden bei uns Pizza belegen, Salate zubereiten, Reinigen und gelegntlich auch Pizza ausfahren.	über erste Berufserfahrung im gastronomischen Bereich
		Eine Ausbildung
		Der Gesundheitspass
		
9d0a0def-ba6e-400b-add5-64bf5c1555ff	Anforderungsprofil: [*] gut abgeschlossene Ausbildung als Fachverkäufer_in im Lebensmittelhandwerk (Fleischerei) [*] erste Berufserfahrungen sind zwingend notwendig	erste Berufserfahrungen
		
e34c6060-fd9b-4972-94a5-6c2046ac2804	Zuverlässigkeit, selbständiges und gewissenhaftes Arbeiten sowie Teamfähigkeit und Montagebereitschaft setzt der Arbeitgeber voraus.	Zuverlässigkeit, selbständiges und gewissenhaftes Arbeiten sowie Teamfähigkeit und Montagebereitschaft
		
ac99802a-df93-49e5-8a88-8edc2f56aa78	Zur Verstärkung unseres Teams erwarten wir eine engagierte Fachkraft mit Verantwortungsbewusstsein, Organisationsgeschick und ausgeprägter Teambereitschaft, mit selbständiger und eigenverantwortlicher Einsatzbereitschaft im Schichtbetrieb auch an Wochenenden und Feiertagen.	eine engagierte Fachkraft mit Verantwortungsbewusstsein, Organisationsgeschick und ausgeprägter Teambereitschaft, mit selbständiger und eigenverantwortlicher Einsatzbereitschaft im Schichtbetrieb auch an Wochenenden und Feiertagen.
		
37a11a05-be07-41a6-87d0-67e7e5854bd0	Im Rahmen der Tätigkeiten im Kabelleitungstiefbau sind Schachtarbeiten vorzunehmen, Strom- und Kommunikationskabel unterirdisch zu verlegen und auch Hausanschlüsse und Übergabestellen herzustellen. Von Bewerbern wird erwartet, dass [*] Motivation vorhanden ist. [*] bundesweite Mobilität gegeben ist. Hierzu benötigen Sie Führerschein B und Pkw, mit welchem Sie die Baustellen anfahren, soweit dies entfernungsmäßig günstiger erscheint als der Transport per Firmenfahrzeug ab Firmensitz. [*] vorhandener Führerschein bis 7,5 t	Von Bewerbern erwartet, dass [* ] Motivation vorhanden ist.
		Schachtarbeiten
		vorhanden
		bundesweite Mobilität gegeben
		
d9bcaf3b-7339-4ca6-826b-cf8eb2cffc16	Zu ihrer Aufgabe gehört in erster Linie das Sortieren und Abpacken von Getränken. Entsprechend sind uns Flexibilität, körperliche Belastbarkeit sowie Deutschkenntnisse wichtig.	Flexibilität, körperliche Belastbarkeit sowie Deutschkenntnisse
		Zu ihrer Aufgabe
		
787dcf1d-d222-41a7-9387-d8b696f8c99f	Hierzu werden umfangreiche Kenntnisse der Elektrotechnik, ein sicherer Umgang mit dem PC als auch sehr gute Datenverarbeitungskenntnisse benötigt. Eine sichere Kommunikation in englischer Sprache ist ebenfalls Grundvoraussetzung. Die Möglichkeit in einer zweiten Fremdsprache zu kommunizieren wäre hilfreich. Ein wesentliches Verständnis des Aufbaus und der Funktionsweise optischelektronischer Messgeräte sowie Erfahrungen in Programmiersprachen wie z.B. C++, Basic, Pascal, Qt-Framework und Linux wären von Vorteil.	Hierzu benötigt.
		umfangreiche Kenntnisse der Elektrotechnik, ein sicherer Umgang mit dem PC als auch sehr gute Datenverarbeitungskenntnisse
		Die Möglichkeit in einer zweiten Fremdsprache
		Eine sichere Kommunikation in englischer Sprache
		
9c18538c-8385-428d-aa93-b7c5f5d764e4	Ihre Kenntnisse: [*] Erfahrung aus der Tätigkeit im Außendienst aus dem Bereich Finanzdienstleistungen_Forderungsmanagement, idealerweise mit rechtlichem Background [*] Höfliches und professionelles Auftreten [*] Freude am Kontakt zum Kunden in einem anspruchsvollen B2B Sektor [*] Sie sind zuverlässig, haben ein hohes Maß an Engagement und Eigenmotivation [*] Sie besitzen gute kommunikative, rhetorische Fähigkeiten und auch die Kompetenz, erklärungsbedürftige Sachverhalte einfach und transparent darzustellen [*] Sie besitzen die Führerscheinklasse B (alt 3) [*] Sie haben gute Kenntnisse in den MS-Office-Programmen [*] Sie verfügen über einen ausgeprägten deutschen Sprachschatz	ein hohes Maß an Engagement und Eigenmotivation
		die Führerscheinklasse B (alt 3)
		über einen ausgeprägten deutschen Sprachschatz
		gute kommunikative, rhetorische Fähigkeiten und auch die Kompetenz, erklärungsbedürftige Sachverhalte einfach und transparent darzustellen
		zuverlässig,
		Sektor
		
8e9a857b-b4b9-4e57-af99-f17712bfd367	Ihr Profil: [*] Sie stehen kurz vor (oder nach) dem Abschluss Ihres Studiums der Informatik, Elektrotechnik oder eines vergleichbaren Studienganges ODER [*] Sie haben Ihre Ausbildung zum Fachinformatiker erfolgreich abgeschlossen [*] Fulltime-Verfügbarkeit und idealerweise hohe Reisebereitschaft [*] Idealerweise erste praktische Erfahrungen im Bereich Software Testing, Qualitätssicherung, Datenbanken und_oder Programmierung [*] Verhandlungssichere Deutsch- und gute Englischkenntnisse [*] Eine hohe Lernbereitschaft sowie eine schnelle Auffassungsgabe	Ihre Ausbildung zum Fachinformatiker
		Ihr Profil:
		
3759dd6b-f34e-4786-a635-662a8b3a3ac2	Idealer Weise besitzen Sie einen Führerschein der Klasse T und haben erste Kenntnisse im Bereich Garten- und Landschaftsbau und_oder Baumaschinenführung.	Idealer Weise
		
ca781577-a9dd-4dde-9ab3-fe58d4b7ebda	Vorausgesetzt wird eine abgeschlossene kaufmännische Ausbildung, sehr gute Kenntnisse der Office-Anwendungen Word, Excel und PowerPoint sowie gute Englischkenntnisse.	Vorausgesetzt
		eine abgeschlossene kaufmännische Ausbildung, sehr gute Kenntnisse der Office-Anwendungen Word, Excel und PowerPoint sowie gute Englischkenntnisse.
		
1a063537-24fa-4d81-8749-a99fb396d1cf	Ihr Profil [*] Techniker mit Vertriebserfahrung, gerne auch Techniker die Vertriebserfahrung suchen oder [*] Kaufmann _ -frau mit Erfahrungen im technischen Vertrieb und _ oder in erklärungsbedürftigen Investitionsgüter _ Anlagenbau [*] Erfahrungen in Exportgeschäften und _ oder kaufmännischen Vertragsabwicklungen sind von Vorteil [*] Gute IT-Kenntnisse mit verschiedenen EDV- Anwendungen und Softwareprogrammen insbesondere MS Office, SAP Erfahrung sind von Vorteil [*] Sehr gute Deutsch- und Englischkenntnisse in Wort und Schrift, (koreanisch, chinesisch, indisch) sind von Vorteil [*] Offene Persönlichkeit, gute Kommunikationsfähigkeit [*] Schnelle Auffassungsgabe, selbstständiges Arbeiten, Verständnis für unterschiedliche Kulturen [*] Teamfähigkeit [*] Reisebereitschaft	Ihr Profil Techniker mit Vertriebserfahrung, gerne auch Techniker die Vertriebserfahrung suchen oder Kaufmann -frau mit Erfahrungen im technischen Vertrieb und oder in erklärungsbedürftigen Investitionsgüter Anlagenbau Erfahrungen in Exportgeschäften und _ oder kaufmännischen Vertragsabwicklungen
		
f0ad20fc-b16b-4d50-9a9b-4fb2a400d878	Wir suchen eine_n Berufskraftfahrer_in für den Transport von Stahlprodukten im Nahverkehr. Berufserfahrung in der Führung eines Sattelzuges sollten vorhanden sein.	Berufserfahrung in der Führung eines Sattelzuges
		eine_n Berufskraftfahrer_in für den Transport von Stahlprodukten im Nahverkehr.
		vorhanden
		
3097f156-130e-4643-8749-9cd41dd10cf5	Idealerweise haben Sie eine Ausbildung als Metallbauer_in bzw. Konstruktionsmechaniker_in oder einem artverwandten Beruf abgeschlossen und verfügen bereits über eine gewisse Berufserfahrung.	über eine gewisse Berufserfahrung.
		eine Ausbildung als Metallbauer_in bzw. Konstruktionsmechaniker_in oder einem artverwandten Beruf
		
c72f4943-e382-4dfe-b206-fa4ea7e36f9e	Ihr Aufgabengebiet umfasst folgende Tätigkeiten [*] Rechnungen, Angebote erstellen [*] Vorbereitende Buchungen für Steuerbüro durchführen [*] Tel. Kundenkontakt [*] allg. Bürotätigkeiten (u.a. Ablagetätigkeiten) [*] MS-Office (Word, Excel) Kaufm. Ausbildung ist Voraussetzung. Mobilität zum Erreichen des Arbeitsplatzes ist erforderlich. Gehalt nach Qualifikation.	Mobilität zum Erreichen des Arbeitsplatzes
		Ausbildung
		
01c82ab3-6ad3-488b-8eb1-b63454350f5f	Sie haben eine abgeschlossene Ausbildung und bereits erste Berufserfahrung gesammelt. Zusatzqualifikationen wären wünschenswert, sind aber nicht Bedingung.	eine abgeschlossene Ausbildung und bereits erste Berufserfahrung
		Zusatzqualifikationen
		
61113582-b0a8-410a-a889-583444313bfa	Medizinische_n Fachangestellte_n für 20 Std. wöchentlich. Die Arbeitszeiteinteilung erfolgt nach Absprache, wünschenswert ist Flexibilität. Auf Wunsch kann auch eine geringfügige Beschäftigung angeboten werden.	Die Arbeitszeiteinteilung
		
f2052be5-4caa-400f-9df7-297b60321c9c	Der Besitz eines Führerscheins und Fahrzeugs ist zur Erreichbarkeit des Arbeitsplatzes erforderlich. Ansonsten kann ein Zimmer gestellt werden.	Der Besitz eines Führerscheins und Fahrzeugs
		
fe52c6f3-2fe8-4159-8c0a-7751acd86fc8	Die Bewerber_innen müssen über eine abgeschlossene Berufsausbildung als Kinderpfleger_in oder Krankenpflegehelfer_in verfügen.	über eine abgeschlossene Berufsausbildung als Kinderpfleger_in oder Krankenpflegehelfer_in
		
f08b46a6-0c55-4999-8426-56088e6fc58a	Sie bieten unseren Kindern Kreativität, Begeisterung und Spaß, praktizieren einen partnerschaftlichen Erziehungsstil und arbeiten gerne in einem engagierten Team. Flexibilität und kundenfreundliche Elternarbeit sind für Sie keine Fremdwörter. Sie sind offen für Fort- und Weiterbildung und arbeiten mit dem ___ Bildungs- und Erziehungsplan.	Flexibilität und kundenfreundliche Elternarbeit
		offen
		
3abc928e-9451-4b73-8c3a-630cdfc116c4	Erfahrung im Bereich Wechselbrücken, Hängerzüge und Sattelschlepper ist erwünscht. Ein ADR-Schein wäre von Vorteil.	Erfahrung im Bereich Wechselbrücken, Hängerzüge und Sattelschlepper
		Ein ADR-Schein
		
b51206c2-1a42-40f7-89b6-590b8a88e9d8	Ihr Profil [*] Diplomingenieur_in Maschinenbau [*] Kenntnisse in der Maschinenkonstruktion [*] Mehrjährige Berufserfahrung in der Antriebstechnik _ Getriebekonstruktion [*] Ausgeprägte Erfahrung mit 3D CAD Systemen, vorzugsweise Pro_Engineer [*] Gute EDV-Kenntnisse (MS Office) [*] SAP Kenntnisse sind von Vorteil [*] Englische Sprachkenntnisse	SAP Kenntnisse
		
8a18d4ad-5312-4899-b00e-78ba2fc712eb	Zur Verstärkung unseres Teams suchen wir zum nächstmöglichen Einstieg eine_n Barkeeper_in. Voraussetzung ist Berufserfahrung. Zudem erwarten wir Ihre Bereitschaft zu Wochenend- und Schichtarbeit.	Ihre Bereitschaft zu Wochenend- und Schichtarbeit.
		Voraussetzung
		eine_n Barkeeper_in.
		Berufserfahrung.
		
b72508dd-2dc0-4ea2-aa03-2eb3bce33570	Wir suchen für unser Restaurant zum nächstmöglichen Zeitpunkt eine Servicekraft auf geringfügiger Basis. Auf Dauer ist die Übernahme in Vollzeit sozialversicherungspflichtig geplant. Sie sollten Berufserfahrung mitbringen.	die Übernahme
		eine Servicekraft auf geringfügiger Basis.
		Berufserfahrung
		
21ecfcea-eb66-446d-8a9b-77e384f8ac72	Für unser "___", ein Pflegeheim mit 103 Plätzen, Servicehaus mit 24 Wohnungen_Appartements und ambulanten Pflegedienst, suchen wir einen Wohnbereichsleiter (m_w). Sie sind verantwortlich für die Koordination aller dienstlichen Belange eines Wohnbereiches. Voraussetzung: 1.) examiniert 2.) Berufserfahrung 3.) belastbar 4.) flexibel (Schichtdienst) 5.) Mobilität zum Arbeitsplatz	verantwortlich für die Koordination aller dienstlichen Belange eines Wohnbereiches.
		einen Wohnbereichsleiter (m_w).
		
bf9aad08-6bd7-4aa7-b421-8639c2390b53	Sie verfügen über eine ausgeprägte Kundenorientierung, sind flexibel und bringen idealerweise bereits erste Erfahrungen im Einzelhandel mit. Mit Ihrem freundlichen und sicheren Auftreten überzeugen Sie bei unseren großen und kleinen Kunden. Zudem sind Sie absolut zuverlässig, belastbar, arbeiten selbstständig und behalten auch in Stresssituationen den Überblick.	erste Erfahrungen im Einzelhandel
		flexibel
		über eine ausgeprägte Kundenorientierung,
		absolut zuverlässig, belastbar, arbeiten selbstständig
		
bfc41194-5e1e-4998-aee3-c6fcbfdd2df7	Wir wünschen uns: [*] eine abgeschlossene Ausbildung als Immobilienkaufmann_-frau [*] Berufserfahrung in der Hausverwaltung von A-Z [*] einen routinierten Umgang mit MS-Office [*] vorzugsweise Erfahrung mit der Software Domus und [*] gute Umgangsformen	einen routinierten Umgang mit MS-Office [* ] vorzugsweise Erfahrung mit der Software Domus und [* ] gute Umgangsformen
		eine abgeschlossene Ausbildung als Immobilienkaufmann_-frau [* ] Berufserfahrung in der Hausverwaltung von A-Z [* ]
		
9e6c0127-5a4d-452c-8657-21eeb9f1f182	In unserem Hotel in ___ ist eine Stelle im Frühstücksservice neu zu besetzen. Das Aufgabengebiet umfasst die Vorbereitung und Aufbau des Frühstücksbüfetts, -service und die Gästebetreuung. Wir suchen eine_n Bewerber_in mit abgeschlossener Berufsausbildung als Restaurant- oder Hotelfachmann_-frau. Es handelt sich um eine Teilzeitbeschäftigung von 7.30-12.30.	mit abgeschlossener Berufsausbildung als Restaurant- oder Hotelfachmann_-frau.
		eine_n Bewerber_in
		eine Stelle im Frühstücksservice neu zu besetzen.
		
4684fd3d-fc8b-4281-9273-005babde1ab8	Staplerschein, Kranerfahrung sowie Erfahrung mit Stahl sind wünschenswert.	Staplerschein, Kranerfahrung sowie Erfahrung mit Stahl
		
e2840b4e-8fa5-4a36-977d-75b3da6fb82b	Ihr Profil: abgeschlossene Ausbildung Bereitschaft zu Schichtarbeit und Montage ZUVERLÄSSIGKEIT selbständiges Arbeiten Führerschein gute Deutschkenntnisse wünschenswert wäre zudem Berufserfahrung und eine aktuelle Schweißerprüfung DIN EN287	Ihr Profil:
		
61d34c97-5dfc-4a10-8cd1-60ce14edfc0e	Wir sind ein mittelständiges, international tätiges Familienunternehmen mit Fertigungsstandorten in Deutschland, ___ und ___. Als führender Hersteller technischer Kunststoffteile sind wir mit ca. 320 Mitarbeitern auf den Zukunftsmärkten tätig und zählen zur Spitzengruppe im Bereich der 2K- und Insert-Technik. Mit neuen innovativen Produkten und Prozessen erwarten wir als Systemführer weiterhin ein überdurchschnittliches Wachstum. Für unseren Standort in ___ suchen wir eine(n): Mitarbeiter(in) Controlling Unser Anforderungsprofil: [*] Sie haben ein abgeschlossenes BWL-Studium, mit Schwerpunkt Controlling, bzw. Rechnungswesen und verfügen idealerweise über einen technischen Hintergrund [*] Sie verfügen über ausgeprägte analytische und konzeptionelle Fähigkeiten [*] Sie arbeiten im Team, aber auch selbstständig, sind in Ihren Vorgehensweisen strukturiert und ergebnisorientiert [*] Neue Aufgaben sind für Sie willkommene Herausforderungen. [*] Sie verfügen über gute Englischkenntnisse in Wort und Schrift sowie sehr gute Microsoft Office-Kenntnisse, insbesondere Microsoft Excel [*] Ihr sicheres Auftreten und Ihre gute Kommunikationsfähigkeit runden Ihr Profil ab. Ihr Aufgabenbereich: [*] Plan- und Nachkalkulation [*] Mitwirkung bei der Erstellung von Monats- und Jahresabschlüssen [*] Planungsrechnung [*] Mitwirkung bei der Vertragsprüfung Es erwartet Sie eine attraktive leistungsbezogene Vergütung in einem fortschrittlichen Unternehmen mit angenehmem Arbeitsumfeld. Ihre aussagekräftigen Bewerbungsunterlagen mit Angabe des frühesten Einstellungstermins sowie Ihrer Gehaltsvorstellung richten Sie bitte an ___ GmbH, ___, D-___ ___. Die streng vertrauliche Behandlung Ihrer Bewerbung ist für uns selbstverständlich. Wir weisen vorsorglich darauf hin, dass wir keinerlei Kosten für eventuelle Vorstellungsgespräche erstatten.	eine(n):
		ein überdurchschnittliches Wachstum.
		Mitarbeiter(in) Controlling Unser Anforderungsprofil: [* ] bzw. Rechnungswesen
		über gute Englischkenntnisse in Wort und Schrift sowie sehr gute Microsoft Office-Kenntnisse, [ ] Ihr Aufgabenbereich: Plan- und Nachkalkulation Mitwirkung bei der Erstellung von Monats- und Jahresabschlüssen Planungsrechnung Mitwirkung bei der Vertragsprüfung
		Die streng vertrauliche Behandlung
		Ihr Profil
		ein abgeschlossenes BWL-Studium,
		ein mittelständiges, international tätiges Familienunternehmen mit Fertigungsstandorten in Deutschland, __ _ und ___.
		Sie
		mit ca. 320 Mitarbeitern auf den Zukunftsmärkten tätig
		willkommene Herausforderungen.
		eine attraktive leistungsbezogene Vergütung in einem fortschrittlichen Unternehmen mit angenehmem Arbeitsumfeld.
		über ausgeprägte analytische und konzeptionelle Fähigkeiten
		über einen technischen Hintergrund [* ]
		auch selbstständig,
		in Ihren Vorgehensweisen strukturiert und ergebnisorientiert [* ]
		
edfa516b-c5ce-4a8f-8824-7726b3921c88	Erforderlich ist eine abgeschlossene Berufsausbildung als staatl. anerkannte Erzieher_in, kirchlich anerkannnte_r Heimerzieher_in, Heilpädagoge_Heilpädagogin oder Heilerzieher_in.	eine abgeschlossene Berufsausbildung
		
a0bbbf85-2e44-4f9f-928f-4463674bcfb2	Anforderungen: [*] eine abgeschlossene Berufsausbildung zum Kfz-Mechatroniker_in setzen wir voraus [*] gerne auch Berufsanfänger [*] FS-Kl. B ist erforderlich	eine abgeschlossene Berufsausbildung zum Kfz-Mechatroniker_in
		erforderlich
		auch Berufsanfänger FS-Kl.
		
4d0f9e20-90e4-40a4-82ef-9f289897b1a0	Bodenlegebetrieb sucht qual. Maler_in mit Berufserfahrung für [*] Renovierungsarbeiten im Innenbereich [*] Tapezieren [*] Streichen [*] Lackieren Führerschein mindestens Klasse B erforderlich	Bodenlegebetrieb
		
7cdb57a2-fae7-4d28-af90-1c3eeb6c6091	Ein kleiner Handwerksbetrieb sucht für den Einsatz in ___ und Umgebung 1-2 Parkett- oder Bodenleger. Sie sollten über einen abgeschlossenen Beruf in der Branche und Berufserfahrungen in der Untergrundvorbereitung und Parkett- oder Bodenverlegung verfügen.	über einen abgeschlossenen Beruf in der Branche und Berufserfahrungen in der Untergrundvorbereitung und Parkett- oder Bodenverlegung
		Ein kleiner Handwerksbetrieb
		
ceec7ac4-3b2c-4daf-823f-fd8c3aba37f3	Falls Sie eine abgeschlossene Berufsausbildung als Fleischereifachverkäufer(in) oder einschlägige Berufserfahrung mitbringen und Kenntnisse im Bereich Feinkost-, Imbiss-, Käsetheke haben, freuen wir uns auf Ihre Bewerbung.	Kenntnisse
		Käsetheke
		eine abgeschlossene Berufsausbildung als Fleischereifachverkäufer(in) oder einschlägige Berufserfahrung
		
f50049a6-0d00-4e2d-9985-2136c6946076	Voraussetzungen: [*] Einschlägige Erfahrung in der Gastronomie erforderlich [*] Führungsfähigkeit [*] Gepflegtes Äußeres und Kommunikationsfähigkeit sind sehr wichtig [*] Sehr gutes, fließendes Deutsch in Wort und Schrift zwingend erforderlich [*] Offenheit und Lernbereitschaft	Einschlägige Erfahrung in der Gastronomie erforderlich [ Gepflegtes Äußeres und Kommunikationsfähigkeit
		
4aafbb3e-6983-471f-b9df-2cc40d0d4816	Der Führerschein B (alt Kl. 3) ist erforderlich.	erforderlich.
		
8ab95017-f9c2-4db0-923a-0178ede7a2b2	Eine abgeschlossene Berufsausbildung zur_m Medizinischen Fachangestellten wird vorausgesetzt. Röntgenschein ist zwingend erforderlich. Erfahrung in einer orthopädischen, chirurgischen oder allgemeinärztlichen Praxis sollte vorhanden sein. Gute EDV-Kenntnisse werden erwartet.	zwingend erforderlich.
		Eine abgeschlossene Berufsausbildung zur_m Medizinischen Fachangestellten
		Gute EDV-Kenntnisse
		erwartet.
		vorhanden
		Erfahrung in einer orthopädischen, chirurgischen oder allgemeinärztlichen Praxis
		vorausgesetzt.
		
aa7acc57-4ba3-430c-8196-e00bdb51f143	Anforderungen: [*] Umfassende Kenntnisse und Kompetenzen in Diagnostik, Therapie und Beratung logopädischer Diagnostik [*] selbständiges Arbeiten und fachliche Entscheidungskompetenz sowie ausgeprägte kommunikative Fähigkeiten [*] aufgeschlossenes und sicheres Auftreten [*] wünschenswert sind Erfahrungen in der Arbeit mit jungen Menschen bzw.in der Arbeit mit hör-und_oder sprachbehinderten Menschen [*] Führerschein [*] Kassenzulassung	Anforderungen: ] Umfassende Kenntnisse und Kompetenzen in Diagnostik, Therapie und Beratung
		
7f342858-5dd9-4147-808d-66db4eda10d4	Ihr Profil: [*] Sie haben eine abgeschlossene Ausbildung im Gewerk Lüftung_Heizung [*] Sie verfügen über einschlägige Berufserfahrung im Servicebereich, gerne auch gewerkeübergreifend [*] Sie sind service- und kundenorientiert und haben eine gute Kommunikations - und Teamfähigkeit. [*] Sie sind im Besitz des Führerscheins der Kl. 3 bzw. B [*] gute Kenntnisse in MS-Office Programmen wie Excel, Word und Powerpoint	gerne auch gewerkeübergreifend
		über einschlägige Berufserfahrung im Servicebereich,
		service- und kundenorientiert
		der Kl.
		
