1	Ihr	_	ihr	_	PPOSAT	_	nom|pl|*|2	0	2	_	NK	_	_
2	Profil	_	Profil	_	NN	_	nom|sg|*	0	0	_	--	_	_
3	:	_	--	_	$.	_	_	0	2	_	--	_	_
4	-	_	--	_	$(	_	_	0	3	_	--	_	_
5	Verkaufserfahrung	_	Verkaufserfahrung	_	NN	_	nom|sg|fem	0	6	_	OA	_	_
6	erwünscht	_	erwünscht	_	VVFIN	_	pos	0	2	_	APP	_	_
7	-	_	--	_	$(	_	_	0	6	_	--	_	_
8	Kundenfreundlichkeit	_	Kundenfreundlichkeit	_	NN	_	nom|sg|fem	0	6	_	OA	_	_
9	-	_	--	_	$(	_	_	0	8	_	--	_	_
10	Zuverlässigkeit	_	Zuverlässigkeit	_	NN	_	nom|sg|fem	0	8	_	CJ	_	_
11	-	_	--	_	$(	_	_	0	10	_	--	_	_
12	Flexibilität	_	Flexibilität	_	NN	_	nom|sg|fem	0	10	_	CJ	_	_

1	Wir	_	wir	_	PPER	_	nom|pl|*|1	0	2	_	SB	_	_
2	wünschen	_	wünschen	_	VVFIN	_	pl|1|pres|ind	0	0	_	--	_	_
3	uns	_	uns	_	PPER	_	acc|pl|1	0	2	_	DA	_	_
4	:	_	--	_	$.	_	_	0	3	_	--	_	_
5	*	_	--	_	XY	_	_	0	0	_	--	_	_
6	eine	_	ein	_	ART	_	nom|sg|fem	0	8	_	NK	_	_
7	abgeschlossene	_	abgeschlossen	_	ADJA	_	nom|sg|fem|pos	0	8	_	NK	_	_
8	Ausbildung	_	Ausbildung	_	NN	_	nom|sg|fem	0	2	_	OA	_	_
9	als	_	als	_	APPR	_	_	0	8	_	MNR	_	_
10	Immobilienkaufmann_-frau	_	Immobilienkaufmann_-frau	_	NN	_	nom|sg|fem	0	9	_	NK	_	_
11	*	_	--	_	$(	_	nom|sg|fem|pos	0	10	_	--	_	_
12	Berufserfahrung	_	Berufserfahrung	_	NN	_	nom|sg|fem	0	8	_	APP	_	_
13	in	_	in	_	APPR	_	_	0	12	_	MNR	_	_
14	der	_	der	_	ART	_	dat|sg|fem	0	15	_	NK	_	_
15	Hausverwaltung	_	Hausverwaltung	_	NN	_	dat|sg|fem	0	13	_	NK	_	_
16	von	_	von	_	APPR	_	_	0	15	_	PG	_	_
17	A-Z	_	A-Z	_	NE	_	_	0	18	_	PNC	_	_
18	*	_	--	_	NE	_	_	0	16	_	NK	_	_
19	einen	_	ein	_	ART	_	acc|sg|masc	0	21	_	NK	_	_
20	routinierten	_	routiniert	_	ADJA	_	acc|sg|masc|pos	0	21	_	NK	_	_
21	Umgang	_	Umgang	_	NN	_	acc|sg|masc	0	2	_	OA	_	_
22	mit	_	mit	_	APPR	_	_	0	21	_	OP	_	_
23	MS-Office	_	MS-Office	_	NN	_	_	0	22	_	NK	_	_
24	*	_	--	_	$(	_	_	0	23	_	--	_	_
25	vorzugsweise	_	vorzugsweise	_	ADJA	_	_	0	26	_	NK	_	_
26	Erfahrung	_	Erfahrung	_	NN	_	*|sg|fem	0	21	_	CJ	_	_
27	mit	_	mit	_	APPR	_	_	0	26	_	MNR	_	_
28	der	_	der	_	ART	_	dat|sg|fem	0	29	_	NK	_	_
29	Software	_	Software	_	NN	_	dat|sg|fem	0	27	_	NK	_	_
30	Domus	_	Domus	_	NE	_	gen|sg|masc	0	29	_	AG	_	_
31	und	_	und	_	KON	_	_	0	30	_	CD	_	_
32	*	_	--	_	NE	_	_	0	31	_	CJ	_	_
33	gute	_	gut	_	ADJA	_	nom|pl|fem|pos	0	34	_	NK	_	_
34	Umgangsformen	_	Umgangsform	_	NN	_	nom|pl|fem	0	26	_	CJ	_	_

1	Idealerweise	_	Idealerweise	_	ADV	_	_	0	14	_	MO	_	_
2	haben	_	haben	_	VAFIN	_	pl|3|pres|ind	0	0	_	--	_	_
3	Sie	_	sie	_	PPER	_	nom|pl|*|3	0	2	_	SB	_	_
4	eine	_	ein	_	ART	_	acc|sg|fem	0	5	_	NK	_	_
5	Ausbildung	_	Ausbildung	_	NN	_	acc|sg|fem	0	14	_	OA	_	_
6	als	_	als	_	APPR	_	_	0	5	_	MNR	_	_
7	Metallbauer_in	_	Metallbauer_in	_	NN	_	nom|sg|fem	0	6	_	NK	_	_
8	bzw.	_	bzw.	_	KON	_	_	0	7	_	CD	_	_
9	Konstruktionsmechaniker_in	_	Konstruktionsmechaniker_in	_	NN	_	nom|sg|fem	0	8	_	CJ	_	_
10	oder	_	oder	_	KON	_	_	0	5	_	CD	_	_
11	einem	_	ein	_	ART	_	dat|sg|masc	0	13	_	NK	_	_
12	artverwandten	_	artverwandt	_	ADJA	_	dat|sg|masc|pos	0	13	_	NK	_	_
13	Beruf	_	Beruf	_	NN	_	dat|sg|masc	0	10	_	CJ	_	_
14	abgeschlossen	_	abschließen	_	VVPP	_	_	0	2	_	OC	_	_
15	und	_	und	_	KON	_	_	0	2	_	CD	_	_
16	verfügen	_	verfügen	_	VVFIN	_	pl|3|pres|ind	0	15	_	CJ	_	_
17	bereits	_	bereits	_	ADV	_	_	0	16	_	MO	_	_
18	über	_	über	_	APPR	_	_	0	16	_	OP	_	_
19	eine	_	ein	_	ART	_	acc|sg|fem	0	21	_	NK	_	_
20	gewisse	_	gewiß	_	ADJA	_	acc|sg|fem|pos	0	21	_	NK	_	_
21	Berufserfahrung	_	Berufserfahrung	_	NN	_	acc|sg|fem	0	18	_	NK	_	_
22	.	_	--	_	$.	_	_	0	21	_	--	_	_

1	Anforderungsprofil	_	Anforderungsprofil	_	NN	_	nom|sg|neut	0	16	_	PAR	_	_
2	:	_	--	_	$.	_	_	0	1	_	--	_	_
3	*	_	--	_	XY	_	_	0	0	_	--	_	_
4	gut	_	gut	_	ADJD	_	pos	0	5	_	MO	_	_
5	abgeschlossene	_	abgeschlossen	_	ADJA	_	acc|sg|fem|pos	0	6	_	NK	_	_
6	Ausbildung	_	Ausbildung	_	NN	_	acc|sg|fem	0	1	_	PAR	_	_
7	als	_	als	_	APPR	_	_	0	6	_	MNR	_	_
8	Fachverkäufer_in	_	Fachverkäufer_in	_	NN	_	nom|sg|neut	0	7	_	NK	_	_
9	im	_	in	_	APPRART	_	dat|sg|neut	0	8	_	MNR	_	_
10	Lebensmittelhandwerk	_	Lebensmittelhandwerk	_	NN	_	dat|sg|neut	0	9	_	NK	_	_
11	(	_	--	_	$(	_	_	0	10	_	--	_	_
12	Fleischerei	_	Fleischerei	_	NN	_	nom|sg|fem	0	10	_	APP	_	_
13	)	_	--	_	$(	_	_	0	12	_	--	_	_
14	*	_	--	_	ART	_	_	0	16	_	NK	_	_
15	erste	_	erster	_	ADJA	_	dat|pl|fem|pos	0	16	_	NK	_	_
16	Berufserfahrungen	_	Berufserfahrung	_	NN	_	dat|pl|fem	0	17	_	SB	_	_
17	sind	_	sein	_	VAFIN	_	pl|3|pres|ind	0	0	_	--	_	_
18	zwingend	_	zwingend	_	ADJD	_	pos	0	19	_	MO	_	_
19	notwendig	_	notwendig	_	ADJD	_	pos	0	17	_	PD	_	_

1	Anforderungen	_	Anforderung	_	NN	_	dat|pl|fem	0	0	_	--	_	_
2	:	_	--	_	$.	_	_	0	1	_	--	_	_
3	1.	_	1.	_	ADV	_	_	0	5	_	MO	_	_
4	abgeschlossene	_	abgeschlossen	_	ADJA	_	acc|sg|fem|pos	0	5	_	NK	_	_
5	Ausbildung	_	Ausbildung	_	NN	_	acc|sg|fem	0	1	_	PAR	_	_
6	zum_r	_	zum_r	_	APPR	_	_	0	5	_	MNR	_	_
7	Hotelfachmann_-frau	_	Hotelfachmann_-frau	_	NN	_	dat|sg|neut	0	6	_	NK	_	_
8	;	_	--	_	$.	_	_	0	7	_	--	_	_
9	Fachkraft	_	Fachkraft	_	NN	_	dat|sg|neut	0	0	_	--	_	_
10	im	_	in	_	APPRART	_	dat|sg|neut	0	9	_	MNR	_	_
11	Gastgewerbe	_	Gastgewerbe	_	NN	_	dat|sg|neut	0	10	_	NK	_	_
12	2.	_	2.	_	ADV	_	_	0	14	_	NK	_	_
13	praktische	_	praktisch	_	ADJA	_	nom|sg|fem|pos	0	14	_	NK	_	_
14	Erfahrung	_	Erfahrung	_	NN	_	nom|sg|fem	0	5	_	CJ	_	_
15	in	_	in	_	APPR	_	_	0	14	_	MNR	_	_
16	den	_	der	_	ART	_	dat|pl|fem	0	18	_	NK	_	_
17	genannten	_	genannt	_	ADJA	_	dat|pl|fem|pos	0	18	_	NK	_	_
18	Aufgabengebieten	_	Aufgabengebiet	_	NN	_	dat|pl|fem	0	15	_	NK	_	_
19	3.	_	3.	_	ADJA	_	*|sg|masc|pos	0	20	_	NK	_	_
20	Führerschein	_	Führerschein	_	NN	_	dat|sg|masc	0	18	_	AG	_	_
21	und	_	und	_	KON	_	_	0	20	_	CD	_	_
22	PKW	_	PKW	_	NN	_	dat|sg|masc	0	21	_	CJ	_	_
23	,	_	--	_	$,	_	_	0	22	_	--	_	_
24	um	_	um	_	KOUI	_	_	0	28	_	CP	_	_
25	den	_	der	_	ART	_	acc|sg|masc	0	26	_	NK	_	_
26	Arbeitsort	_	Arbeitsort	_	NN	_	acc|sg|masc	0	28	_	OA	_	_
27	zu	_	zu	_	PTKZU	_	_	0	28	_	PM	_	_
28	erreichen	_	erreichen	_	VVINF	_	_	0	30	_	NK	_	_
29	4.	_	4.	_	ADJA	_	_	0	28	_	MO	_	_
30	Zuverlässigkeit	_	Zuverlässigkeit	_	NN	_	acc|sg|fem	0	14	_	CJ	_	_
31	,	_	--	_	$,	_	_	0	30	_	--	_	_
32	Kundenorientierung	_	Kundenorientierung	_	NN	_	nom|sg|fem	0	30	_	CJ	_	_
33	,	_	--	_	$,	_	_	0	32	_	--	_	_
34	selbstständige	_	selbstständig	_	ADJA	_	acc|pl|masc|pos	0	35	_	NK	_	_
35	Arbeitsweise	_	Arbeitsweise	_	NN	_	acc|pl|masc	0	32	_	CJ	_	_

1	Voraussetzungen	_	Voraussetzung	_	NN	_	_	0	17	_	PD	_	_
2	:	_	--	_	$.	_	_	0	1	_	--	_	_
3	-	_	--	_	$(	_	_	0	2	_	--	_	_
4	Einschlägige	_	einschlägig	_	ADJA	_	acc|sg|fem|pos	0	5	_	NK	_	_
5	Erfahrung	_	Erfahrung	_	NN	_	acc|sg|fem	0	17	_	SB	_	_
6	in	_	in	_	APPR	_	_	0	5	_	MNR	_	_
7	der	_	der	_	ART	_	dat|sg|fem	0	8	_	NK	_	_
8	Gastronomie	_	Gastronomie	_	NN	_	dat|sg|fem	0	6	_	NK	_	_
9	erforderlich	_	erforderlich	_	ADJD	_	pos	0	17	_	PD	_	_
10	-	_	--	_	$(	_	_	0	9	_	--	_	_
11	Führungsfähigkeit	_	Führungsfähigkeit	_	NN	_	nom|sg|fem	0	17	_	SB	_	_
12	-	_	--	_	$(	_	_	0	11	_	--	_	_
13	Gepflegtes	_	Gepflegt	_	NE	_	gen|sg|neut	0	14	_	AG	_	_
14	Äußeres	_	äußerer	_	NE	_	gen|sg|neut	0	11	_	AG	_	_
15	und	_	und	_	KON	_	_	0	11	_	CD	_	_
16	Kommunikationsfähigkeit	_	Kommunikationsfähigkeit	_	NN	_	dat|sg|fem	0	15	_	CJ	_	_
17	sind	_	sein	_	VAFIN	_	pl|3|pres|ind	0	0	_	--	_	_
18	sehr	_	sehr	_	ADV	_	_	0	19	_	MO	_	_
19	wichtig	_	wichtig	_	ADJD	_	pos	0	17	_	PD	_	_
20	-	_	--	_	$(	_	_	0	19	_	--	_	_
21	Sehr	_	sehr	_	NN	_	_	0	22	_	MO	_	_
22	gutes	_	gut	_	ADJA	_	acc|sg|neut|pos	0	25	_	NK	_	_
23	,	_	--	_	$,	_	_	0	22	_	--	_	_
24	fließendes	_	fließend	_	ADJA	_	nom|sg|neut|pos	0	22	_	CJ	_	_
25	Deutsch	_	Deutsch	_	NN	_	nom|sg|neut	0	17	_	CJ	_	_
26	in	_	in	_	APPR	_	_	0	25	_	MNR	_	_
27	Wort	_	Wort	_	NN	_	dat|sg|neut	0	26	_	NK	_	_
28	und	_	und	_	KON	_	_	0	27	_	CD	_	_
29	Schrift	_	Schrift	_	NN	_	dat|sg|fem	0	28	_	CJ	_	_
30	zwingend	_	zwingend	_	ADJD	_	pos	0	31	_	MO	_	_
31	erforderlich	_	erforderlich	_	ADJD	_	pos	0	17	_	PD	_	_
32	-	_	--	_	$(	_	_	0	31	_	--	_	_
33	Offenheit	_	Offenheit	_	NN	_	pos	0	27	_	CJ	_	_
34	und	_	und	_	KON	_	_	0	33	_	CD	_	_
35	Lernbereitschaft	_	Lernbereitschaft	_	NN	_	pos	0	34	_	CJ	_	_

1	Gesucht	_	suchen	_	VVPP	_	_	0	2	_	OC	_	_
2	wird	_	werden	_	VAFIN	_	sg|3|pres|ind	0	0	_	--	_	_
3	ab	_	ab	_	APPR	_	_	0	16	_	MO	_	_
4	sofort	_	sofort	_	ADV	_	_	0	5	_	MO	_	_
5	ein_e	_	ein_e	_	ADJA	_	_	0	6	_	NK	_	_
6	Stuckateur_in	_	Stuckateur_in	_	NN	_	dat|*|*	0	3	_	NK	_	_
7	mit	_	mit	_	APPR	_	_	0	16	_	MO	_	_
8	folgenden	_	folgend	_	ADJA	_	dat|pl|masc|pos	0	9	_	NK	_	_
9	Schwerpunkten	_	Schwerpunkt	_	NN	_	dat|pl|masc	0	7	_	NK	_	_
10	:	_	--	_	$.	_	_	0	9	_	--	_	_
11	1.	_	1.	_	ADJA	_	dat|sg|masc|pos	0	12	_	NK	_	_
12	Führerschein	_	Führerschein	_	NN	_	dat|sg|masc	0	16	_	DA	_	_
13	wünschenswert	_	wünschenswert	_	ADJD	_	pos	0	16	_	MO	_	_
14	2.	_	2.	_	ADJA	_	_	0	15	_	NK	_	_
15	Berufserfahrung	_	Berufserfahrung	_	NN	_	pos	0	2	_	SB	_	_
16	gewünscht	_	wünschen	_	VVPP	_	_	0	2	_	OC	_	_
17	,	_	--	_	$,	_	_	0	16	_	--	_	_
18	allerdings	_	allerdings	_	ADV	_	_	0	20	_	MO	_	_
19	keine	_	kein	_	PIAT	_	nom|sg|fem	0	20	_	NK	_	_
20	Bedingung	_	Bedingung	_	NN	_	nom|sg|fem	0	15	_	PAR	_	_

1	Bodenlegebetrieb	_	Bodenlegebetrieb	_	NN	_	nom|sg|masc	0	2	_	SB	_	_
2	sucht	_	suchen	_	VVFIN	_	sg|3|pres|ind	0	0	_	--	_	_
3	qual	_	qual	_	ADJD	_	pos	0	2	_	MO	_	_
4	.	_	--	_	$.	_	_	0	3	_	--	_	_

1	Maler_in	_	Maler_in	_	NN	_	gen|sg|fem|3	0	0	_	--	_	_
2	mit	_	mit	_	APPR	_	_	0	1	_	MNR	_	_
3	Berufserfahrung	_	Berufserfahrung	_	NN	_	dat|sg|fem	0	2	_	NK	_	_
4	für	_	für	_	APPR	_	_	0	3	_	MNR	_	_
5	-	_	--	_	$(	_	_	0	4	_	--	_	_
6	Renovierungsarbeiten	_	Renovierungsarbeit	_	NN	_	acc|pl|fem	0	4	_	NK	_	_
7	im	_	in	_	APPRART	_	dat|sg|neut	0	6	_	MNR	_	_
8	Innenbereich	_	Innenbereich	_	NN	_	dat|sg|neut	0	7	_	NK	_	_
9	-	_	--	_	$(	_	_	0	8	_	--	_	_
10	Tapezieren	_	tapezier	_	NN	_	_	0	8	_	NK	_	_
11	-	_	--	_	$(	_	_	0	10	_	--	_	_
12	Streichen	_	streiche	_	NN	_	nom|sg|neut	0	10	_	CJ	_	_
13	-	_	--	_	$(	_	_	0	12	_	--	_	_
14	Lackieren	_	lackier	_	NN	_	nom|sg|neut	0	12	_	CJ	_	_
15	Führerschein	_	Führerschein	_	NN	_	nom|sg|neut	0	14	_	NK	_	_
16	mindestens	_	mindestens	_	ADV	_	_	0	17	_	MO	_	_
17	Klasse	_	Klasse	_	NN	_	_	0	14	_	PAR	_	_
18	B	_	B	_	NN	_	_	0	17	_	NK	_	_
19	erforderlich	_	erforderlich	_	ADJD	_	pos	0	12	_	PD	_	_

1	Staplerschein	_	Staplerschein	_	NN	_	nom|sg|masc	0	8	_	SB	_	_
2	,	_	--	_	$,	_	_	0	1	_	--	_	_
3	Kranerfahrung	_	Kranerfahrung	_	NN	_	nom|sg|masc	0	1	_	CJ	_	_
4	sowie	_	sowie	_	KON	_	_	0	3	_	CD	_	_
5	Erfahrung	_	Erfahrung	_	NN	_	dat|sg|fem	0	4	_	CJ	_	_
6	mit	_	mit	_	APPR	_	_	0	5	_	MNR	_	_
7	Stahl	_	Stahl	_	NN	_	dat|sg|neut	0	6	_	NK	_	_
8	sind	_	sein	_	VAFIN	_	pl|3|pres|ind	0	0	_	--	_	_
9	wünschenswert	_	wünschenswert	_	ADJD	_	pos	0	8	_	PD	_	_
10	.	_	--	_	$.	_	_	0	9	_	--	_	_

1	Ihr	_	ihr	_	PPOSAT	_	nom|sg|neut	0	2	_	NK	_	_
2	Profil	_	Profil	_	NN	_	nom|sg|neut	0	3	_	NK	_	_
3	¿	_	¿	_	APPO	_	sg|3|pres|ind	0	4	_	MO	_	_
4	Diplomingenieur_in	_	Diplomingenieur_in	_	NN	_	acc|sg|masc	0	0	_	--	_	_
5	Maschinenbau	_	Maschinenbau	_	NN	_	acc|sg|masc	0	4	_	NK	_	_
6	¿	_	¿	_	CARD	_	_	0	7	_	NK	_	_
7	Kenntnisse	_	Kenntnis	_	NN	_	acc|pl|neut	0	4	_	CJ	_	_
8	in	_	in	_	APPR	_	_	0	7	_	MNR	_	_
9	der	_	der	_	ART	_	dat|sg|fem	0	10	_	NK	_	_
10	Maschinenkonstruktion	_	Maschinenkonstruktion	_	NN	_	dat|sg|fem	0	8	_	NK	_	_
11	¿	_	¿	_	CARD	_	_	0	10	_	NK	_	_
12	Mehrjährige	_	mehrjährige	_	ADJA	_	nom|sg|fem|pos	0	13	_	NK	_	_
13	Berufserfahrung	_	Berufserfahrung	_	NN	_	nom|sg|fem	0	7	_	CJ	_	_
14	in	_	in	_	APPR	_	_	0	13	_	MNR	_	_
15	der	_	der	_	ART	_	dat|sg|fem	0	16	_	NK	_	_
16	Antriebstechnik	_	Antriebstechnik	_	NN	_	dat|sg|fem	0	14	_	NK	_	_
17	_	_	--	_	XY	_	_	0	0	_	--	_	_
18	Getriebekonstruktion	_	Getriebekonstruktion	_	NN	_	_	0	16	_	NK	_	_
19	¿	_	¿	_	APPR	_	_	0	16	_	MNR	_	_
20	Ausgeprägte	_	ausgeprägter	_	NN	_	*|sg|fem	0	19	_	NK	_	_
21	Erfahrung	_	Erfahrung	_	NN	_	*|sg|fem	0	20	_	NK	_	_
22	mit	_	mit	_	APPR	_	_	0	16	_	MNR	_	_
23	3D	_	3d	_	CARD	_	_	0	25	_	NK	_	_
24	CAD	_	CAD	_	NE	_	dat|pl|neut	0	25	_	PNC	_	_
25	Systemen	_	System	_	NE	_	dat|pl|neut	0	22	_	NK	_	_
26	,	_	--	_	$,	_	_	0	25	_	--	_	_
27	vorzugsweise	_	vorzugsweise	_	ADJA	_	nom|pl|neut	0	28	_	NK	_	_
28	Pro_Engineer	_	Pro_Engineer	_	NN	_	nom|pl|neut	0	13	_	CJ	_	_
29	¿	_	¿	_	ART	_	nom|pl|neut|pos	0	31	_	NK	_	_
30	Gute	_	gut	_	ADJA	_	nom|pl|neut|pos	0	31	_	NK	_	_
31	EDV-Kenntnisse	_	EDV-Kenntnis	_	NN	_	nom|pl|neut	0	28	_	PAR	_	_
32	(	_	--	_	$(	_	_	0	31	_	--	_	_
33	MS	_	MS	_	NE	_	*|*|*	0	34	_	PNC	_	_
34	Office	_	Office	_	NE	_	dat|sg|*	0	31	_	APP	_	_
35	)	_	--	_	$(	_	_	0	34	_	--	_	_
36	¿	_	¿	_	NE	_	*|*|*	0	37	_	PNC	_	_
37	SAP	_	SAP	_	NE	_	dat|sg|*	0	38	_	NK	_	_
38	Kenntnisse	_	Kenntnis	_	NN	_	acc|pl|neut	0	39	_	SB	_	_
39	sind	_	sein	_	VAFIN	_	pl|3|pres|ind	0	31	_	PAR	_	_
40	von	_	von	_	APPR	_	_	0	39	_	MO	_	_
41	Vorteil	_	Vorteil	_	NN	_	_	0	40	_	NK	_	_
42	¿	_	¿	_	APZR	_	_	0	40	_	AC	_	_
43	Englische	_	englisch	_	ADJA	_	_	0	44	_	NK	_	_
44	Sprachkenntnisse	_	Sprachkenntnis	_	NN	_	_	0	39	_	PD	_	_

1	Erfahrung	_	Erfahrung	_	NN	_	nom|sg|fem	0	5	_	SB	_	_
2	in	_	in	_	APPR	_	_	0	1	_	MNR	_	_
3	diesem	_	dieser	_	PDAT	_	dat|sg|neut	0	4	_	NK	_	_
4	Bereich	_	Bereich	_	NN	_	dat|sg|neut	0	2	_	NK	_	_
5	ist	_	sein	_	VAFIN	_	sg|3|pres|ind	0	0	_	--	_	_
6	wünschenswert	_	wünschenswert	_	ADJD	_	pos	0	5	_	PD	_	_
7	.	_	--	_	$.	_	_	0	6	_	--	_	_

1	Eine	_	ein	_	ART	_	nom|sg|fem	0	3	_	NK	_	_
2	abgeschlossene	_	abgeschlossen	_	ADJA	_	nom|sg|fem|pos	0	3	_	NK	_	_
3	Berufsausbildung	_	Berufsausbildung	_	NN	_	nom|sg|fem	0	4	_	SB	_	_
4	ist	_	sein	_	VAFIN	_	sg|3|pres|ind	0	0	_	--	_	_
5	nicht	_	nicht	_	PTKNEG	_	_	0	4	_	NG	_	_
6	erforderlich	_	erforderlich	_	ADJD	_	pos	0	4	_	PD	_	_
7	.	_	--	_	$.	_	_	0	6	_	--	_	_

1	Ihr	_	ihr	_	PPOSAT	_	nom|sg|neut	0	2	_	NK	_	_
2	Profil	_	Profil	_	NN	_	nom|sg|neut	0	13	_	SB	_	_
3	¿	_	¿	_	CARD	_	sg|3|pres|ind	0	4	_	NK	_	_
4	Techniker	_	Techniker	_	NN	_	nom|*|masc	0	13	_	SB	_	_
5	mit	_	mit	_	APPR	_	_	0	4	_	MNR	_	_
6	Vertriebserfahrung	_	Vertriebserfahrung	_	NN	_	dat|sg|fem	0	5	_	NK	_	_
7	,	_	--	_	$,	_	_	0	6	_	--	_	_
8	gerne	_	gerne	_	ADV	_	_	0	13	_	MO	_	_
9	auch	_	auch	_	ADV	_	_	0	10	_	MO	_	_
10	Techniker	_	Techniker	_	NN	_	nom|*|masc	0	13	_	SB	_	_
11	die	_	der	_	ART	_	acc|sg|fem	0	12	_	NK	_	_
12	Vertriebserfahrung	_	Vertriebserfahrung	_	NN	_	acc|sg|fem	0	13	_	OA	_	_
13	suchen	_	suchen	_	VVFIN	_	_	0	74	_	CC	_	_
14	oder	_	oder	_	KON	_	_	0	13	_	CD	_	_
15	¿	_	¿	_	CARD	_	acc|sg|masc|pos	0	16	_	NK	_	_
16	Kaufmann	_	Kaufmann	_	NN	_	acc|sg|masc	0	41	_	SB	_	_
17	_	_	--	_	XY	_	_	0	0	_	--	_	_
18	-frau	_	Frau	_	NN	_	_	0	16	_	NK	_	_
19	mit	_	mit	_	APPR	_	_	0	16	_	MNR	_	_
20	Erfahrungen	_	Erfahrung	_	NN	_	dat|pl|fem	0	19	_	NK	_	_
21	im	_	in	_	APPRART	_	dat|sg|neut	0	20	_	MNR	_	_
22	technischen	_	technisch	_	ADJA	_	dat|sg|masc|pos	0	23	_	NK	_	_
23	Vertrieb	_	Vertrieb	_	NN	_	dat|sg|masc	0	21	_	NK	_	_
24	und	_	und	_	KON	_	_	0	16	_	CD	_	_
25	_	_	--	_	XY	_	_	0	0	_	--	_	_
26	oder	_	oder	_	KON	_	_	0	21	_	CD	_	_
27	in	_	in	_	APPR	_	_	0	26	_	CJ	_	_
28	erklärungsbedürftigen	_	erklärungsbedürftig	_	ADJA	_	_	0	29	_	NK	_	_
29	Investitionsgüter	_	Investitionsgut	_	NN	_	_	0	27	_	NK	_	_
30	_	_	--	_	XY	_	_	0	0	_	--	_	_
31	Anlagenbau	_	Anlagenbau	_	NN	_	nom|sg|masc	0	24	_	CJ	_	_
32	¿	_	¿	_	APPR	_	gen|sg|masc	0	31	_	MNR	_	_
33	Erfahrungen	_	Erfahrung	_	NN	_	nom|pl|fem	0	32	_	NK	_	_
34	in	_	in	_	APPR	_	_	0	33	_	MNR	_	_
35	Exportgeschäften	_	Exportgeschäft	_	NN	_	dat|pl|neut	0	34	_	NK	_	_
36	und	_	und	_	KON	_	_	0	35	_	CD	_	_
37	_	_	--	_	NN	_	_	0	36	_	CJ	_	_
38	oder	_	oder	_	KON	_	_	0	33	_	CD	_	_
39	kaufmännischen	_	kaufmännisch	_	ADJA	_	nom|pl|fem|pos	0	40	_	NK	_	_
40	Vertragsabwicklungen	_	Vertragsabwicklung	_	NN	_	nom|pl|fem	0	38	_	CJ	_	_
41	sind	_	sein	_	VAFIN	_	pl|3|pres|ind	0	14	_	CJ	_	_
42	von	_	von	_	APPR	_	_	0	41	_	MO	_	_
43	Vorteil	_	Vorteil	_	NN	_	dat|sg|masc	0	42	_	NK	_	_
44	¿	_	¿	_	APZR	_	dat|sg|masc	0	42	_	AC	_	_
45	Gute	_	gut	_	ADJA	_	_	0	46	_	NK	_	_
46	IT-Kenntnisse	_	IT-Kenntnis	_	NN	_	sg|3|pres|subj	0	41	_	PD	_	_
47	mit	_	mit	_	APPR	_	_	0	46	_	MNR	_	_
48	verschiedenen	_	verschieden	_	ADJA	_	_	0	50	_	NK	_	_
49	EDV-	_	EDV	_	TRUNC	_	_	0	50	_	NK	_	_
50	Anwendungen	_	Anwendung	_	NN	_	dat|pl|fem	0	47	_	NK	_	_
51	und	_	und	_	KON	_	_	0	50	_	CD	_	_
52	Softwareprogrammen	_	Softwareprogramme	_	NN	_	dat|pl|neut	0	51	_	CJ	_	_
53	insbesondere	_	insbesondere	_	ADV	_	_	0	55	_	MO	_	_
54	MS	_	MS	_	NE	_	*|*|*|*	0	55	_	PNC	_	_
55	Office	_	Office	_	NE	_	_	0	0	_	--	_	_
56	,	_	--	_	$,	_	_	0	55	_	--	_	_
57	SAP	_	SAP	_	NE	_	acc|sg|fem	0	58	_	NK	_	_
58	Erfahrung	_	Erfahrung	_	NN	_	acc|sg|fem	0	59	_	SB	_	_
59	sind	_	sein	_	VAFIN	_	pl|3|pres|ind	0	41	_	CJ	_	_
60	von	_	von	_	APPR	_	_	0	59	_	MO	_	_
61	Vorteil	_	Vorteil	_	NN	_	_	0	60	_	NK	_	_
62	¿	_	¿	_	ART	_	_	0	67	_	NK	_	_
63	Sehr	_	sehr	_	ADV	_	_	0	64	_	MO	_	_
64	gute	_	gut	_	ADJA	_	_	0	67	_	NK	_	_
65	Deutsch-	_	Deutsch	_	TRUNC	_	_	0	66	_	CJ	_	_
66	und	_	und	_	KON	_	_	0	67	_	CD	_	_
67	Englischkenntnisse	_	Englischkenntnis	_	NN	_	acc|pl|neut	0	59	_	SB	_	_
68	in	_	in	_	APPR	_	_	0	59	_	MO	_	_
69	Wort	_	Wort	_	NN	_	dat|sg|neut	0	68	_	NK	_	_
70	und	_	und	_	KON	_	_	0	69	_	CD	_	_
71	Schrift	_	Schrift	_	NN	_	dat|sg|fem	0	70	_	CJ	_	_
72	,	_	--	_	$,	_	_	0	71	_	--	_	_
73	(	_	--	_	$(	_	_	0	72	_	--	_	_
74	koreanisch	_	koreanisch	_	ADJD	_	pos	0	80	_	PD	_	_
75	,	_	--	_	$,	_	_	0	74	_	--	_	_
76	chinesisch	_	chinesisch	_	ADJD	_	pos	0	74	_	CJ	_	_
77	,	_	--	_	$,	_	_	0	76	_	--	_	_
78	indisch	_	indisch	_	ADJD	_	pos	0	76	_	CJ	_	_
79	)	_	--	_	$(	_	_	0	78	_	--	_	_
80	sind	_	sein	_	VAFIN	_	pl|3|pres|ind	0	0	_	--	_	_
81	von	_	von	_	APPR	_	_	0	83	_	SBP	_	_
82	Vorteil	_	Vorteil	_	NN	_	dat|sg|neut	0	81	_	NK	_	_
83	¿	_	¿	_	APZR	_	dat|sg|neut	0	85	_	MNR	_	_
84	Offene	_	offen	_	NN	_	nom|sg|fem|pos	0	85	_	NK	_	_
85	Persönlichkeit	_	Persönlichkeit	_	NN	_	nom|sg|fem	0	80	_	SB	_	_
86	,	_	--	_	$,	_	_	0	85	_	--	_	_
87	gute	_	gut	_	ADJA	_	nom|sg|fem|pos	0	88	_	NK	_	_
88	Kommunikationsfähigkeit	_	Kommunikationsfähigkeit	_	NN	_	nom|sg|fem	0	85	_	CJ	_	_
89	¿	_	¿	_	CARD	_	*|*|*	0	90	_	NK	_	_
90	Schnelle	_	schnell	_	NN	_	nom|sg|*	0	88	_	OA	_	_
91	Auffassungsgabe	_	Auffassungsgabe	_	NN	_	acc|sg|fem	0	90	_	NK	_	_
92	,	_	--	_	$,	_	_	0	91	_	--	_	_
93	selbstständiges	_	selbstständig	_	ADJA	_	nom|sg|neut|pos	0	94	_	NK	_	_
94	Arbeiten	_	Arbeit	_	NN	_	nom|sg|neut	0	90	_	CJ	_	_
95	,	_	--	_	$,	_	_	0	94	_	--	_	_
96	Verständnis	_	Verständnis	_	NN	_	acc|sg|neut	0	94	_	CJ	_	_
97	für	_	für	_	APPR	_	_	0	96	_	MNR	_	_
98	unterschiedliche	_	unterschiedlich	_	ADJA	_	acc|sg|neut|pos	0	99	_	NK	_	_
99	Kulturen	_	Kultur	_	NN	_	acc|sg|neut	0	97	_	NK	_	_
100	¿	_	¿	_	CARD	_	acc|sg|neut	0	101	_	NK	_	_
101	Teamfähigkeit	_	Teamfähigkeit	_	NN	_	nom|sg|fem	0	96	_	CJ	_	_
102	¿	_	¿	_	ART	_	nom|sg|fem	0	103	_	NK	_	_
103	Reisebereitschaft	_	Reisebereitschaft	_	NN	_	nom|sg|fem	0	101	_	OA	_	_

1	Unsere	_	unser	_	PPOSAT	_	nom|pl|fem	0	2	_	NK	_	_
2	Anforderungen	_	Anforderung	_	NN	_	nom|pl|fem	0	5	_	SB	_	_
3	:	_	--	_	$.	_	_	0	2	_	--	_	_
4	Zwingend	_	zwingend	_	ADJD	_	pl|3|pres|ind	0	5	_	MO	_	_
5	erforderlich	_	erforderlich	_	ADJD	_	pos	0	6	_	PD	_	_
6	ist	_	sein	_	VAFIN	_	sg|3|pres|ind	0	0	_	--	_	_
7	eine	_	ein	_	ART	_	nom|sg|fem	0	9	_	NK	_	_
8	abgeschlossene	_	abgeschlossen	_	ADJA	_	nom|sg|fem	0	9	_	NK	_	_
9	Ausbildung	_	Ausbildung	_	NN	_	nom|sg|fem	0	6	_	SB	_	_
10	als	_	als	_	APPR	_	_	0	6	_	MO	_	_
11	Schlosser_in_	_	Schlosser_in_	_	NN	_	nom|sg|neut	0	10	_	NK	_	_
12	(	_	--	_	$(	_	_	0	11	_	--	_	_
13	Anlagenmechaniker_in	_	Anlagenmechaniker_in	_	NN	_	nom|sg|neut	0	11	_	APP	_	_
14	,	_	--	_	$,	_	_	0	13	_	--	_	_
15	betriebsmechaniker_in	_	betriebsmechaniker_in	_	NN	_	_	0	13	_	CJ	_	_
16	)	_	--	_	$(	_	_	0	15	_	--	_	_
17	.	_	--	_	$.	_	_	0	16	_	--	_	_

1	Neben	_	neben	_	APPR	_	_	0	6	_	MO	_	_
2	Engagement	_	Engagement	_	NN	_	pos	0	1	_	NK	_	_
3	bei	_	bei	_	APPR	_	_	0	2	_	MNR	_	_
4	der	_	der	_	ART	_	dat|sg|fem	0	5	_	NK	_	_
5	Arbeit	_	Arbeit	_	NN	_	dat|sg|fem	0	3	_	NK	_	_
6	hoffen	_	hoffen	_	VVFIN	_	pl|1|pres|ind	0	0	_	--	_	_
7	wir	_	wir	_	PPER	_	nom|pl|*|1	0	6	_	SB	_	_
8	auf	_	auf	_	APPR	_	_	0	6	_	OP	_	_
9	gute	_	gut	_	ADJA	_	acc|pl|neut	0	10	_	NK	_	_
10	Deutschkenntnisse	_	Deutschkenntnis	_	NN	_	acc|pl|neut	0	8	_	NK	_	_
11	.	_	--	_	$.	_	_	0	10	_	--	_	_

1	IHR	_	IHR	_	NE	_	_	0	2	_	PNC	_	_
2	PROFIL	_	PROFIL	_	NE	_	_	0	3	_	SB	_	_
3	-Möglichst	_	-Möglichst	_	VVFIN	_	sg|2|pres|ind	0	0	_	--	_	_
4	mit	_	mit	_	APPR	_	_	0	3	_	MO	_	_
5	einschlägiger	_	einschlägig	_	ADJA	_	dat|sg|fem|pos	0	6	_	NK	_	_
6	Berufserfahrung	_	Berufserfahrung	_	NN	_	dat|sg|fem	0	4	_	NK	_	_
7	,	_	--	_	$,	_	_	0	6	_	--	_	_
8	wir	_	wir	_	PPER	_	nom|pl|*|1	0	9	_	SB	_	_
9	geben	_	geben	_	VVFIN	_	pl|1|pres|ind	0	3	_	OC	_	_
10	aber	_	aber	_	ADV	_	_	0	9	_	MO	_	_
11	auch	_	auch	_	ADV	_	_	0	13	_	MO	_	_
12	jungen	_	jung	_	ADJA	_	dat|pl|fem|pos	0	13	_	NK	_	_
13	Fachkräften	_	Fachkraft	_	NN	_	dat|pl|fem	0	9	_	OA	_	_
14	am	_	an	_	APPRART	_	dat|sg|masc	0	9	_	MO	_	_
15	Beginn	_	Beginn	_	NN	_	dat|sg|masc	0	14	_	NK	_	_
16	Ihrer	_	ihr	_	PPOSAT	_	dat|sg|masc	0	17	_	NK	_	_
17	Laufbahn	_	Laufbahn	_	NN	_	dat|sg|*	0	20	_	DA	_	_
18	eine	_	ein	_	ART	_	acc|sg|fem	0	19	_	NK	_	_
19	Chance	_	Chance	_	NN	_	acc|sg|fem	0	20	_	OA	_	_
20	-Fundierte	_	-fundiert	_	ADJA	_	acc|sg|fem|pos	0	21	_	NK	_	_
21	Kenntnisse	_	Kenntnis	_	NN	_	acc|sg|fem	0	27	_	SB	_	_
22	im	_	in	_	APPRART	_	dat|sg|masc	0	21	_	MNR	_	_
23	Bereich	_	Bereich	_	NN	_	dat|sg|masc	0	22	_	NK	_	_
24	der	_	der	_	ART	_	gen|pl|fem	0	25	_	NK	_	_
25	SP-Steueranlagen	_	SP-Steueranlage	_	NN	_	gen|pl|fem	0	23	_	AG	_	_
26	S7	_	S7	_	NE	_	gen|pl|fem	0	25	_	AG	_	_
27	sind	_	sein	_	VAFIN	_	pl|3|pres|ind	0	9	_	CJ	_	_
28	wünschenswert	_	wünschenswert	_	ADJD	_	pos	0	29	_	MO	_	_
29	-Gute	_	-gut	_	ADJA	_	acc|pl|masc|pos	0	30	_	NK	_	_
30	MSR-Kenntnisse	_	MSR-Kenntnis	_	NN	_	nom|pl|neut	0	31	_	SB	_	_
31	sind	_	sein	_	VAFIN	_	pl|3|pres|ind	0	9	_	CJ	_	_
32	von	_	von	_	APPR	_	_	0	34	_	SBP	_	_
33	Vorteil	_	Vorteil	_	NN	_	_	0	32	_	NK	_	_
34	-Sichere	_	-Sicher	_	ADJA	_	acc|sg|fem|pos	0	35	_	NK	_	_
35	Anwendung	_	Anwendung	_	NN	_	acc|sg|fem	0	31	_	SB	_	_
36	der	_	der	_	ART	_	nom|sg|masc	0	37	_	NK	_	_
37	MS-Office-Produkte	_	MS-Office-Produkt	_	NN	_	nom|sg|masc	0	31	_	PD	_	_

1	Ihr	_	ihr	_	PPOSAT	_	nom|pl|*|2	0	2	_	NK	_	_
2	Profil	_	Profil	_	NN	_	nom|sg|*	0	5	_	SB	_	_
3	:	_	--	_	$.	_	_	0	2	_	--	_	_
4	abgeschlossene	_	abgeschlossen	_	ADJA	_	acc|sg|fem|pos	0	5	_	NK	_	_
5	Ausbildung	_	Ausbildung	_	NN	_	acc|sg|fem	0	18	_	SB	_	_
6	Bereitschaft	_	Bereitschaft	_	NN	_	acc|sg|fem	0	5	_	NK	_	_
7	zu	_	zu	_	APPR	_	_	0	6	_	MNR	_	_
8	Schichtarbeit	_	Schichtarbeit	_	NN	_	dat|sg|fem	0	7	_	NK	_	_
9	und	_	und	_	KON	_	_	0	8	_	CD	_	_
10	Montage	_	Montag	_	NN	_	dat|sg|fem	0	9	_	CJ	_	_
11	ZUVERLÄSSIGKEIT	_	ZUVERLÄSSIGKEIT	_	NN	_	dat|sg|fem	0	8	_	NK	_	_
12	selbständiges	_	selbständig	_	ADJA	_	nom|sg|neut|pos	0	13	_	NK	_	_
13	Arbeiten	_	Arbeit	_	NN	_	nom|sg|neut	0	5	_	CJ	_	_
14	Führerschein	_	Führerschein	_	NN	_	acc|sg|masc	0	13	_	NK	_	_
15	gute	_	gut	_	ADJA	_	acc|pl|masc|pos	0	16	_	NK	_	_
16	Deutschkenntnisse	_	Deutschkenntnis	_	NN	_	acc|pl|neut	0	17	_	AMS	_	_
17	wünschenswert	_	wünschenswert	_	ADJD	_	pos	0	18	_	PD	_	_
18	wäre	_	sein	_	VAFIN	_	sg|3|past|subj	0	0	_	--	_	_
19	zudem	_	zudem	_	PROAV	_	_	0	18	_	MO	_	_
20	Berufserfahrung	_	Berufserfahrung	_	NN	_	nom|sg|fem	0	18	_	SB	_	_
21	und	_	und	_	KON	_	_	0	20	_	CD	_	_
22	eine	_	ein	_	ART	_	nom|sg|fem	0	24	_	NK	_	_
23	aktuelle	_	aktuell	_	ADJA	_	nom|sg|fem|pos	0	24	_	NK	_	_
24	Schweißerprüfung	_	Schweißerprüfung	_	NN	_	nom|sg|fem	0	21	_	CJ	_	_
25	DIN	_	DIN	_	NE	_	*|*|fem	0	26	_	PNC	_	_
26	EN287	_	EN287	_	NE	_	dat|sg|neut	0	24	_	NK	_	_

1	Falls	_	falls	_	KOUS	_	_	0	12	_	CP	_	_
2	Sie	_	sie	_	PPER	_	nom|sg|fem|3	0	12	_	SB	_	_
3	eine	_	ein	_	ART	_	acc|sg|fem	0	5	_	NK	_	_
4	abgeschlossene	_	abgeschlossen	_	ADJA	_	acc|sg|fem|pos	0	5	_	NK	_	_
5	Berufsausbildung	_	Berufsausbildung	_	NN	_	acc|sg|fem	0	12	_	OA	_	_
6	als	_	als	_	APPR	_	_	0	5	_	MNR	_	_
7	Fleischereifachverkäufer(in	_	Fleischereifachverkäufer(in	_	NN	_	nom|sg|neut	0	6	_	NK	_	_
8	)	_	--	_	$(	_	_	0	7	_	--	_	_
9	oder	_	oder	_	KON	_	_	0	5	_	CD	_	_
10	einschlägige	_	einschlägig	_	ADJA	_	acc|pl|*	0	11	_	NK	_	_
11	Berufserfahrung	_	Berufserfahrung	_	NN	_	acc|pl|*	0	9	_	CJ	_	_
12	mitbringen	_	mitbringen	_	VVINF	_	_	0	24	_	MO	_	_
13	und	_	und	_	KON	_	_	0	12	_	CD	_	_
14	Kenntnisse	_	Kenntnis	_	NN	_	acc|pl|neut	0	22	_	OA	_	_
15	im	_	in	_	APPRART	_	dat|sg|masc	0	22	_	MO	_	_
16	Bereich	_	Bereich	_	NN	_	dat|sg|masc	0	15	_	NK	_	_
17	Feinkost-	_	Feinkost	_	TRUNC	_	_	0	19	_	CJ	_	_
18	,	_	--	_	$,	_	_	0	17	_	--	_	_
19	Imbiss-	_	Imbis	_	TRUNC	_	_	0	16	_	NK	_	_
20	,	_	--	_	$,	_	_	0	19	_	--	_	_
21	Käsetheke	_	Käsetheke	_	NN	_	_	0	22	_	OA	_	_
22	haben	_	haben	_	VAFIN	_	_	0	13	_	CJ	_	_
23	,	_	--	_	$,	_	_	0	22	_	--	_	_
24	freuen	_	freuen	_	VVFIN	_	pl|1|pres|ind	0	0	_	--	_	_
25	wir	_	wir	_	PPER	_	nom|pl|*|1	0	24	_	SB	_	_
26	uns	_	uns	_	PRF	_	acc|pl|1	0	24	_	OA	_	_
27	auf	_	auf	_	APPR	_	_	0	24	_	MO	_	_
28	Ihre	_	ihr	_	PPOSAT	_	acc|sg|fem	0	29	_	NK	_	_
29	Bewerbung	_	Bewerbung	_	NN	_	acc|sg|fem	0	27	_	NK	_	_
30	.	_	--	_	$.	_	_	0	29	_	--	_	_

1	Ihr	_	ihr	_	PPOSAT	_	nom|pl|*|2	0	2	_	NK	_	_
2	Profil	_	Profil	_	NN	_	nom|sg|*	0	6	_	PD	_	_
3	:	_	--	_	$.	_	_	0	2	_	--	_	_
4	¿	_	¿	_	$.	_	_	0	3	_	--	_	_
5	Sie	_	sie	_	PPER	_	nom|pl|*|3	0	6	_	SB	_	_
6	stehen	_	stehen	_	VVFIN	_	_	0	0	_	--	_	_
7	kurz	_	kurz	_	ADJD	_	pos	0	8	_	MO	_	_
8	vor	_	vor	_	APPR	_	_	0	6	_	MO	_	_
9	(	_	--	_	$(	_	_	0	8	_	--	_	_
10	oder	_	oder	_	KON	_	_	0	8	_	CD	_	_
11	nach	_	nach	_	APPR	_	_	0	10	_	CJ	_	_
12	)	_	--	_	$(	_	_	0	11	_	--	_	_
13	dem	_	der	_	ART	_	dat|sg|masc	0	14	_	NK	_	_
14	Abschluss	_	Abschluss	_	NN	_	dat|sg|masc	0	8	_	NK	_	_
15	Ihres	_	ihr	_	PPOSAT	_	gen|sg|neut	0	16	_	NK	_	_
16	Studiums	_	Studium	_	NN	_	gen|sg|neut	0	14	_	AG	_	_
17	der	_	der	_	ART	_	gen|sg|fem	0	18	_	NK	_	_
18	Informatik	_	Informatik	_	NN	_	gen|sg|fem	0	16	_	AG	_	_
19	,	_	--	_	$,	_	_	0	18	_	--	_	_
20	Elektrotechnik	_	Elektrotechnik	_	NN	_	nom|sg|fem	0	16	_	CJ	_	_
21	oder	_	oder	_	KON	_	_	0	20	_	CD	_	_
22	eines	_	ein	_	ART	_	gen|sg|masc	0	24	_	NK	_	_
23	vergleichbaren	_	vergleichbar	_	ADJA	_	gen|sg|masc|pos	0	24	_	NK	_	_
24	Studienganges	_	Studiengang	_	NN	_	gen|sg|masc	0	21	_	CJ	_	_
25	ODER	_	ODER	_	NE	_	gen|sg|masc	0	26	_	PNC	_	_
26	¿	_	¿	_	NE	_	gen|sg|masc	0	24	_	AG	_	_
27	Sie	_	sie	_	PPER	_	nom|pl|*|3	0	28	_	SB	_	_
28	haben	_	haben	_	VAFIN	_	pl|3|pres|ind	0	24	_	PAR	_	_
29	Ihre	_	ihr	_	PPOSAT	_	acc|sg|fem	0	30	_	NK	_	_
30	Ausbildung	_	Ausbildung	_	NN	_	acc|sg|fem	0	34	_	OA	_	_
31	zum	_	zu	_	APPRART	_	dat|sg|masc	0	30	_	OP	_	_
32	Fachinformatiker	_	Fachinformatiker	_	NN	_	dat|sg|masc	0	31	_	NK	_	_
33	erfolgreich	_	erfolgreich	_	ADJD	_	pos	0	34	_	MO	_	_
34	abgeschlossen	_	abschließen	_	VVPP	_	_	0	28	_	OC	_	_
35	¿	_	¿	_	NN	_	pos	0	36	_	NK	_	_
36	Fulltime-Verfügbarkeit	_	Fulltime-Verfügbarkeit	_	NN	_	pos	0	24	_	APP	_	_
37	und	_	und	_	KON	_	_	0	36	_	CD	_	_
38	idealerweise	_	idealerweise	_	ADV	_	_	0	39	_	MO	_	_
39	hohe	_	hoch	_	ADJA	_	acc|sg|fem	0	40	_	NK	_	_
40	Reisebereitschaft	_	Reisebereitschaft	_	NN	_	acc|sg|fem	0	37	_	CJ	_	_
41	¿	_	¿	_	APPR	_	_	0	40	_	MNR	_	_
42	Idealerweise	_	Idealerweise	_	NN	_	_	0	41	_	NK	_	_
43	erste	_	erster	_	ADJA	_	_	0	45	_	NK	_	_
44	praktische	_	praktisch	_	ADJA	_	nom|pl|fem|pos	0	45	_	NK	_	_
45	Erfahrungen	_	Erfahrung	_	NN	_	nom|pl|fem	0	40	_	CJ	_	_
46	im	_	in	_	APPRART	_	dat|sg|masc	0	45	_	MNR	_	_
47	Bereich	_	Bereich	_	NN	_	dat|sg|masc	0	46	_	NK	_	_
48	Software	_	Software	_	NN	_	nom|sg|fem	0	49	_	PNC	_	_
49	Testing	_	Testing	_	NN	_	nom|sg|fem	0	47	_	NK	_	_
50	,	_	--	_	$,	_	_	0	49	_	--	_	_
51	Qualitätssicherung	_	Qualitätssicherung	_	NN	_	nom|sg|fem	0	49	_	CJ	_	_
52	,	_	--	_	$,	_	_	0	51	_	--	_	_
53	Datenbanken	_	Datenbank	_	NN	_	nom|sg|neut	0	51	_	CJ	_	_
54	und_oder	_	und_oder	_	ADJA	_	gen|sg|fem|pos	0	55	_	NK	_	_
55	Programmierung	_	Programmierung	_	NN	_	gen|sg|fem	0	53	_	AG	_	_
56	¿	_	¿	_	APPR	_	gen|sg|fem|pos	0	55	_	MNR	_	_
57	Verhandlungssichere	_	Verhandlungssicher	_	NN	_	gen|sg|fem	0	56	_	NK	_	_
58	Deutsch-	_	Deutsch	_	TRUNC	_	_	0	59	_	CJ	_	_
59	und	_	und	_	KON	_	_	0	60	_	CD	_	_
60	gute	_	gut	_	ADJA	_	acc|pl|neut|pos	0	61	_	NK	_	_
61	Englischkenntnisse	_	Englischkenntnis	_	NN	_	acc|pl|neut	0	45	_	CJ	_	_
62	¿	_	¿	_	APPR	_	acc|pl|neut	0	61	_	MNR	_	_
63	Eine	_	ein	_	ART	_	acc|sg|fem	0	65	_	NK	_	_
64	hohe	_	hoch	_	ADJA	_	acc|sg|fem|pos	0	65	_	NK	_	_
65	Lernbereitschaft	_	Lernbereitschaft	_	NN	_	acc|sg|fem	0	62	_	NK	_	_
66	sowie	_	sowie	_	KON	_	_	0	61	_	CD	_	_
67	eine	_	ein	_	ART	_	acc|sg|fem	0	69	_	NK	_	_
68	schnelle	_	schnell	_	ADJA	_	acc|sg|fem|pos	0	69	_	NK	_	_
69	Auffassungsgabe	_	Auffassungsgabe	_	NN	_	acc|sg|fem	0	66	_	CJ	_	_

1	Interessierte	_	interessiert	_	ADJA	_	acc|pl|fem|pos	0	2	_	NK	_	_
2	Bewerber_innen	_	Bewerber_in	_	NN	_	acc|pl|fem	0	7	_	SB	_	_
3	(	_	--	_	$(	_	_	0	2	_	--	_	_
4	auch	_	auch	_	ADV	_	_	0	5	_	MO	_	_
5	Berufsanfänger_innen	_	Berufsanfänger_in	_	NN	_	nom|pl|fem	0	2	_	PAR	_	_
6	)	_	--	_	$(	_	_	0	5	_	--	_	_
7	sollten	_	sollen	_	VMFIN	_	pl|3|past|ind	0	0	_	--	_	_
8	folgende	_	folgend	_	ADJA	_	nom|pl|fem|pos	0	9	_	NK	_	_
9	Fähigkeiten	_	Fähigkeit	_	NN	_	nom|pl|fem	0	7	_	SB	_	_
10	und	_	und	_	KON	_	_	0	9	_	CD	_	_
11	Qualifikationen	_	Qualifikation	_	NN	_	nom|pl|fem	0	10	_	CJ	_	_
12	mitbringen	_	mitbringen	_	VVINF	_	pl|3|pres|ind	0	7	_	OC	_	_
13	:	_	--	_	$.	_	_	0	12	_	--	_	_
14	*	_	--	_	XY	_	_	0	0	_	--	_	_
15	Fähigkeit	_	Fähigkeit	_	NN	_	nom|sg|fem	0	0	_	--	_	_
16	,	_	--	_	$,	_	_	0	15	_	--	_	_
17	in	_	in	_	APPR	_	_	0	26	_	MO	_	_
18	einem	_	ein	_	ART	_	dat|sg|neut	0	20	_	NK	_	_
19	großen	_	groß	_	ADJA	_	dat|sg|neut|pos	0	20	_	NK	_	_
20	Mitarbeiterteam	_	Mitarbeiterteam	_	NN	_	dat|sg|neut	0	17	_	NK	_	_
21	und	_	und	_	KON	_	_	0	17	_	CD	_	_
22	mit	_	mit	_	APPR	_	_	0	21	_	CJ	_	_
23	großer	_	groß	_	ADJA	_	dat|sg|fem|pos	0	24	_	NK	_	_
24	Flexibilität	_	Flexibilität	_	NN	_	dat|sg|fem	0	22	_	NK	_	_
25	zu	_	zu	_	APPR	_	_	0	26	_	PM	_	_
26	arbeiten	_	arbeiten	_	ADJA	_	_	0	15	_	OC	_	_
27	*	_	--	_	ADJA	_	_	0	28	_	NK	_	_
28	Durchsetzungsvermögen	_	Durchsetzungsvermögen	_	NN	_	_	0	25	_	NK	_	_
29	u.	_	u.	_	APPR	_	_	0	26	_	MO	_	_
30	selbstständiges	_	selbstständig	_	ADJA	_	acc|sg|neut|pos	0	31	_	NK	_	_
31	Arbeiten	_	Arbeit	_	NN	_	acc|sg|neut	0	29	_	NK	_	_
32	bei	_	bei	_	APPR	_	_	0	26	_	MO	_	_
33	der	_	der	_	ART	_	dat|sg|fem	0	34	_	NK	_	_
34	Hausaufgabenbetreuung	_	Hausaufgabenbetreuung	_	NN	_	dat|sg|fem	0	32	_	NK	_	_
35	,	_	--	_	$,	_	_	0	34	_	--	_	_
36	Lernförderung	_	Lernförderung	_	NN	_	dat|sg|fem	0	34	_	APP	_	_
37	,	_	--	_	$,	_	_	0	36	_	--	_	_
38	bei	_	bei	_	APPR	_	_	0	32	_	CJ	_	_
39	Projekten	_	Projekt	_	NN	_	dat|pl|neut	0	38	_	NK	_	_
40	und	_	und	_	KON	_	_	0	39	_	CD	_	_
41	Neigungsgruppen	_	Neigungsgruppe	_	NN	_	dat|pl|fem	0	40	_	CJ	_	_
42	*	_	--	_	$(	_	_	0	41	_	--	_	_
43	professionelle	_	professionell	_	ADJA	_	_	0	44	_	NK	_	_
44	Arbeit	_	Arbeit	_	NN	_	dat|sg|fem	0	41	_	APP	_	_
45	mit	_	mit	_	APPR	_	_	0	44	_	MNR	_	_
46	Eltern	_	Eltern	_	NN	_	dat|pl|*	0	45	_	NK	_	_
47	,	_	--	_	$,	_	_	0	46	_	--	_	_
48	Lehrern	_	Lehrer	_	NN	_	dat|pl|masc	0	46	_	CJ	_	_
49	und	_	und	_	KON	_	_	0	48	_	CD	_	_
50	anderen	_	anderer	_	ADJA	_	dat|pl|masc	0	51	_	NK	_	_
51	Kooperationspartnern	_	Kooperationspartner	_	NN	_	dat|pl|masc	0	49	_	CJ	_	_
52	*	_	--	_	$(	_	_	0	51	_	--	_	_
53	sehr	_	sehr	_	ADV	_	_	0	56	_	MO	_	_
54	gute	_	gut	_	ADJA	_	_	0	56	_	NK	_	_
55	pädagogische	_	pädagogisch	_	ADJA	_	nom|pl|neut|pos	0	56	_	NK	_	_
56	Kenntnisse	_	Kenntnis	_	NN	_	nom|pl|neut	0	51	_	APP	_	_
57	und	_	und	_	KON	_	_	0	56	_	CD	_	_
58	Einfühlungsvermögen	_	Einfühlungsvermögen	_	NN	_	nom|pl|neut	0	57	_	CJ	_	_
59	,	_	--	_	$,	_	_	0	58	_	--	_	_
60	Interesse	_	Interesse	_	NN	_	acc|sg|neut	0	58	_	CJ	_	_
61	an	_	an	_	APPR	_	_	0	60	_	MNR	_	_
62	Fortbildungen	_	Fortbildung	_	NN	_	acc|pl|fem	0	61	_	NK	_	_

1	Voraussetzungen	_	Voraussetzung	_	NN	_	_	0	0	_	--	_	_
2	:	_	--	_	$.	_	_	0	1	_	--	_	_
3	¿	_	_	_	XY	_	_	0	0	_	--	_	_
4	Ausgezeichnete	_	ausgezeichneter	_	ADJA	_	_	0	6	_	NK	_	_
5	kundenorientierte	_	kundenorientiert	_	ADJA	_	acc|pl|fem|pos	0	6	_	NK	_	_
6	Umgangsformen	_	Umgangsform	_	NN	_	acc|pl|fem	0	1	_	PAR	_	_
7	¿	_	¿	_	XY	_	_	0	0	_	--	_	_
8	teamfähig	_	teamfähig	_	ADJD	_	pos	0	10	_	MO	_	_
9	¿	_	¿	_	XY	_	pos	0	0	_	--	_	_
10	Erfahrung	_	Erfahrung	_	NN	_	nom|sg|fem	0	6	_	PAR	_	_
11	in	_	in	_	APPR	_	_	0	10	_	MNR	_	_
12	einem	_	ein	_	ART	_	dat|sg|neut	0	13	_	NK	_	_
13	Kundenorientierten	_	Kundenorientierte	_	NN	_	dat|sg|neut	0	11	_	NK	_	_
14	Unternehmen	_	Unternehmen	_	NN	_	dat|pl|neut	0	13	_	NK	_	_
15	¿	_	¿	_	$.	_	_	0	14	_	--	_	_
16	eine	_	ein	_	ART	_	acc|sg|fem	0	18	_	NK	_	_
17	extrovertierte	_	extrovertiert	_	ADJA	_	acc|sg|fem|pos	0	18	_	NK	_	_
18	Persönlichkeit	_	Persönlichkeit	_	NN	_	acc|sg|fem	0	14	_	APP	_	_
19	und	_	und	_	KON	_	_	0	18	_	CD	_	_
20	kann	_	können	_	VMFIN	_	sg|3|pres|ind	0	0	_	--	_	_
21	auf	_	auf	_	APPR	_	_	0	23	_	MO	_	_
22	Menschen	_	Mensch	_	NN	_	dat|pl|masc	0	21	_	NK	_	_
23	zugehen	_	zugehen	_	VVINF	_	_	0	20	_	OC	_	_
24	¿	_	¿	_	VAFIN	_	_	0	20	_	CJ	_	_
25	schon	_	schon	_	ADV	_	_	0	26	_	MO	_	_
26	in	_	in	_	APPR	_	_	0	31	_	MO	_	_
27	der	_	der	_	ART	_	dat|sg|fem	0	28	_	NK	_	_
28	Vergangenheit	_	Vergangenheit	_	NN	_	dat|sg|fem	0	26	_	NK	_	_
29	nach	_	nach	_	APPR	_	_	0	31	_	MO	_	_
30	Zielvorgaben	_	Zielvorgabe	_	NN	_	dat|pl|fem	0	29	_	NK	_	_
31	gearbeitet	_	arbeiten	_	VVPP	_	_	0	24	_	OC	_	_
32	¿	_	¿	_	$.	_	*|*|*	0	31	_	--	_	_
33	Visual	_	Visual	_	NE	_	dat|sg|neut	0	19	_	CJ	_	_
34	flair	_	flair	_	TRUNC	_	dat|sg|neut	0	35	_	CJ	_	_
35	und	_	und	_	KON	_	_	0	36	_	CD	_	_
36	Kreativität	_	Kreativität	_	NN	_	dat|sg|neut	0	14	_	NK	_	_
37	.	_	--	_	$.	_	_	0	36	_	--	_	_
38	Berufserfahrung	_	Berufserfahrung	_	NN	_	nom|sg|fem	0	10	_	CJ	_	_
39	in	_	in	_	APPR	_	_	0	38	_	MNR	_	_
40	ähnlicher	_	ähnlich	_	ADJA	_	dat|sg|fem|pos	0	41	_	NK	_	_
41	Position	_	Position	_	NN	_	dat|sg|fem	0	39	_	NK	_	_

1	ERWÜNSCHT	_	ERWÜNSCHT	_	NE	_	nom|sg|neut	0	0	_	--	_	_
2	:	_	--	_	$.	_	_	0	1	_	--	_	_
3	-Grundlegende	_	-grundlegend	_	ADJA	_	acc|pl|neut|pos	0	4	_	NK	_	_
4	Kenntnisse	_	Kenntnis	_	NN	_	acc|pl|neut	0	1	_	RS	_	_
5	psychiatrischer	_	psychiatrisch	_	ADJA	_	gen|pl|masc|pos	0	6	_	NK	_	_
6	Störungsbilder	_	Störungsbild	_	NN	_	acc|pl|neut	0	4	_	CJ	_	_
7	des	_	der	_	ART	_	gen|sg|masc	0	10	_	NK	_	_
8	Kindes-	_	Kind	_	TRUNC	_	_	0	9	_	CJ	_	_
9	und	_	und	_	KON	_	_	0	10	_	CD	_	_
10	Jugendalters	_	Jugendalter	_	NN	_	gen|sg|masc	0	6	_	AG	_	_
11	,	_	--	_	$,	_	_	0	10	_	--	_	_
12	-Teamfähigkeit	_	-Teamfähigkeit	_	NN	_	nom|sg|fem	0	13	_	NK	_	_
13	-Flexibilität	_	-Flexibilität	_	NN	_	nom|sg|fem	0	6	_	CJ	_	_
14	-Belastbarkeit	_	-Belastbarkeit	_	NN	_	nom|sg|fem	0	13	_	NK	_	_
15	-Einsatzbereitschaft	_	-Einsatzbereitschaft	_	NN	_	nom|sg|fem	0	13	_	CJ	_	_
16	-Verantwortungsbewusstsein	_	-Verantwortungsbewusstsein	_	NN	_	gen|pl|*	0	15	_	NK	_	_
17	-soziale	_	-sozial	_	ADJA	_	sg|3|pres|subj	0	18	_	NK	_	_
18	Kompetenz	_	Kompetenz	_	NN	_	gen|sg|fem	0	15	_	CJ	_	_
19	und	_	und	_	KON	_	_	0	18	_	CD	_	_
20	Einfühlungsvermögen	_	Einfühlungsvermögen	_	NN	_	acc|sg|neut	0	19	_	CJ	_	_
21	-Bereitschaft	_	-Bereitschaft	_	NN	_	acc|sg|neut	0	15	_	MNR	_	_
22	zur	_	zu	_	APPRART	_	dat|sg|fem	0	21	_	MNR	_	_
23	Übernahme	_	Übernahme	_	NN	_	dat|sg|fem	0	22	_	NK	_	_
24	von	_	von	_	APPR	_	_	0	23	_	PG	_	_
25	Nachtdiensten	_	Nachtdienst	_	NN	_	dat|pl|masc	0	24	_	NK	_	_
26	.	_	--	_	$.	_	_	0	25	_	--	_	_

1	Wie	_	wie	_	PWAV	_	_	0	2	_	MO	_	_
2	suchen	_	suchen	_	VVFIN	_	_	0	8	_	OC	_	_
3	zur	_	zu	_	APPRART	_	dat|sg|fem	0	2	_	MO	_	_
4	sofortigen	_	sofortig	_	ADJA	_	dat|sg|fem|pos	0	5	_	NK	_	_
5	Einstellung	_	Einstellung	_	NN	_	dat|sg|fem	0	3	_	NK	_	_
6	:	_	--	_	$.	_	_	0	5	_	--	_	_
7	eine_n	_	eine_n	_	ART	_	_	0	8	_	NK	_	_
8	Monteur_in	_	Monteur_in	_	NN	_	pos	0	0	_	--	_	_
9	in	_	in	_	APPR	_	_	0	8	_	MNR	_	_
10	Vollzeit	_	Vollzeit	_	NN	_	dat|sg|fem	0	9	_	NK	_	_
11	für	_	für	_	APPR	_	_	0	10	_	MNR	_	_
12	die	_	der	_	ART	_	acc|sg|fem	0	13	_	NK	_	_
13	Montage	_	Montage	_	NN	_	acc|sg|fem	0	11	_	NK	_	_
14	von	_	von	_	APPR	_	_	0	13	_	PG	_	_
15	Fenstern	_	Fenster	_	NN	_	dat|pl|neut	0	14	_	NK	_	_
16	&	_	&	_	KON	_	_	0	15	_	CD	_	_
17	Türen	_	Tür	_	NN	_	dat|pl|fem	0	16	_	CJ	_	_
18	in	_	in	_	APPR	_	_	0	13	_	MNR	_	_
19	Dauerstellung	_	Dauerstellung	_	NN	_	dat|sg|fem	0	18	_	NK	_	_
20	.	_	--	_	$.	_	_	0	19	_	--	_	_

1	Ideal	_	Ideal	_	ADJD	_	nom|sg|neut	0	2	_	PD	_	_
2	wäre	_	sein	_	VAFIN	_	sg|3|past|subj	0	0	_	--	_	_
3	eine	_	ein	_	ART	_	nom|sg|fem	0	5	_	NK	_	_
4	abgeschlossene	_	abgeschlossen	_	ADJA	_	nom|sg|fem|pos	0	5	_	NK	_	_
5	Berufsausbildung	_	Berufsausbildung	_	NN	_	nom|sg|fem	0	2	_	SB	_	_
6	als	_	als	_	APPR	_	_	0	5	_	MNR	_	_
7	Tischler	_	Tischler	_	NN	_	nom|sg|fem	0	6	_	NK	_	_
8	oder	_	oder	_	KON	_	_	0	7	_	CD	_	_
9	Schreiner	_	Schreiner	_	NN	_	nom|sg|masc	0	8	_	CJ	_	_
10	.	_	--	_	$.	_	_	0	9	_	--	_	_

1	Berufserfahrung	_	Berufserfahrung	_	NN	_	nom|sg|fem	0	8	_	SB	_	_
2	im	_	in	_	APPRART	_	dat|sg|neut	0	1	_	MNR	_	_
3	Montieren	_	montier	_	NN	_	dat|sg|neut	0	2	_	NK	_	_
4	von	_	von	_	APPR	_	_	0	3	_	PG	_	_
5	Fenstern	_	Fenster	_	NN	_	dat|pl|neut	0	4	_	NK	_	_
6	und	_	und	_	KON	_	_	0	5	_	CD	_	_
7	Türen	_	Tür	_	NN	_	dat|pl|masc	0	6	_	CJ	_	_
8	ist	_	sein	_	VAFIN	_	sg|3|pres|ind	0	0	_	--	_	_
9	erforderlich	_	erforderlich	_	ADJD	_	pos	0	8	_	PD	_	_
10	.	_	--	_	$.	_	_	0	9	_	--	_	_

1	Voraussetzungen	_	Voraussetzung	_	NN	_	_	0	8	_	MO	_	_
2	¿	_	¿	_	APPR	_	_	0	1	_	MNR	_	_
3	Abgeschlossene	_	abgeschlossen	_	ADJA	_	nom|sg|fem	0	5	_	NK	_	_
4	pädagogische	_	pädagogisch	_	ADJA	_	nom|sg|fem|pos	0	5	_	NK	_	_
5	Grundbildung	_	Grundbildung	_	NN	_	nom|sg|fem	0	2	_	NK	_	_
6	(	_	--	_	$(	_	_	0	5	_	--	_	_
7	staatlich	_	staatlich	_	ADJD	_	pos	0	8	_	MO	_	_
8	anerkannte_r	_	anerkannte_r	_	ADJA	_	pos	0	0	_	--	_	_
9	ErzieherIn	_	ErzieherIn	_	NN	_	_	0	8	_	OA	_	_
10	.	_	--	_	$.	_	_	0	9	_	--	_	_

1	Kinderpflegerin	_	Kinderpflegerin	_	NN	_	nom|sg|fem	0	0	_	--	_	_
2	mit	_	mit	_	APPR	_	_	0	1	_	MNR	_	_
3	mind	_	mind	_	ADJD	_	sg|3|past|ind	0	2	_	NK	_	_
4	.	_	--	_	$.	_	_	0	3	_	--	_	_

1	einem	_	ein	_	ART	_	dat|sg|masc	0	2	_	NK	_	_
2	Jahr	_	Jahr	_	NN	_	dat|sg|masc	0	9	_	MO	_	_
3	Berufserfahrung	_	Berufserfahrung	_	NN	_	nom|sg|fem	0	2	_	NK	_	_
4	in	_	in	_	APPR	_	_	0	3	_	MNR	_	_
5	einer	_	ein	_	ART	_	dat|sg|fem	0	6	_	NK	_	_
6	Einrichtung	_	Einrichtung	_	NN	_	dat|sg|fem	0	4	_	NK	_	_
7	)	_	--	_	$(	_	_	0	6	_	--	_	_
8	¿	_	¿	_	$.	_	_	0	7	_	--	_	_
9	Darf	_	dürfen	_	VMFIN	_	pos	0	0	_	--	_	_
10	ErzieherIn	_	ErzieherIn	_	NN	_	_	0	15	_	PD	_	_
11	direkt	_	direkt	_	ADJD	_	pos	0	12	_	MO	_	_
12	nach	_	nach	_	APPR	_	_	0	10	_	MNR	_	_
13	der	_	der	_	ART	_	dat|sg|fem	0	14	_	NK	_	_
14	Ausbildung	_	Ausbildung	_	NN	_	dat|sg|fem	0	12	_	NK	_	_
15	sein	_	sein	_	VAINF	_	_	0	9	_	OC	_	_
16	¿	_	¿	_	CARD	_	_	0	17	_	NK	_	_
17	Teamplayer	_	Teamplayer	_	NN	_	_	0	15	_	MO	_	_
18	¿	_	¿	_	XY	_	_	0	0	_	--	_	_
19	Eigeninitiative	_	Eigeninitiative	_	NN	_	_	0	17	_	NK	_	_
20	¿	_	¿	_	XY	_	_	0	0	_	--	_	_
21	Offene	_	offener	_	NN	_	nom|pl|*|pos	0	17	_	PAR	_	_
22	,	_	--	_	$,	_	_	0	21	_	--	_	_
23	kommunikative	_	kommunikativ	_	ADJA	_	_	0	24	_	NK	_	_
24	Wesensart	_	Wesensart	_	NN	_	pl|2|imp	0	21	_	CJ	_	_
25	¿	_	¿	_	APPR	_	acc|pl|1	0	24	_	MNR	_	_
26	Bereitschaft	_	Bereitschaft	_	NN	_	nom|sg|fem	0	25	_	NK	_	_
27	,	_	--	_	$,	_	_	0	26	_	--	_	_
28	sich	_	sich	_	PRF	_	acc|sg|3	0	35	_	OA	_	_
29	in	_	in	_	APPR	_	_	0	35	_	MO	_	_
30	die	_	der	_	ART	_	acc|sg|fem	0	31	_	NK	_	_
31	Pädagogik	_	Pädagogik	_	NN	_	acc|sg|fem	0	29	_	NK	_	_
32	vom	_	von	_	APPRART	_	dat|sg|masc	0	31	_	MNR	_	_
33	__	_	__	_	NN	_	dat|sg|masc	0	32	_	NK	_	_
34	_	_	--	_	XY	_	_	0	0	_	--	_	_
35	einzuarbeiten	_	einarbeiten	_	VVIZU	_	_	0	26	_	OC	_	_
36	¿	_	¿	_	XY	_	nom|sg|fem|pos	0	0	_	--	_	_
37	Bereitschaft	_	Bereitschaft	_	NN	_	nom|sg|fem	0	33	_	NK	_	_
38	,	_	--	_	$,	_	_	0	37	_	--	_	_
39	sich	_	sich	_	PRF	_	acc|sg|3	0	49	_	OA	_	_
40	in	_	in	_	APPR	_	_	0	49	_	MO	_	_
41	das	_	der	_	ART	_	nom|sg|neut	0	42	_	NK	_	_
42	Ausbildungssystem	_	Ausbildungssystem	_	NN	_	nom|sg|neut	0	40	_	NK	_	_
43	der	_	der	_	ART	_	nom|sg|masc	0	44	_	NK	_	_
44	__	_	__	_	NN	_	nom|sg|masc	0	42	_	AG	_	_
45	_	_	--	_	XY	_	_	0	0	_	--	_	_
46	(	_	--	_	$(	_	_	0	45	_	--	_	_
47	___	_	___	_	XY	_	_	0	0	_	--	_	_
48	)	_	--	_	$(	_	_	0	47	_	--	_	_
49	einzuarbeiten	_	einarbeiten	_	VVIZU	_	_	0	37	_	OC	_	_
50	¿	_	¿	_	XY	_	dat|sg|fem|pos	0	0	_	--	_	_
51	Erfahrung	_	Erfahrung	_	NN	_	dat|sg|fem	0	0	_	--	_	_
52	im	_	in	_	APPRART	_	dat|sg|masc	0	51	_	MNR	_	_
53	Kleinkindbereich	_	Kleinkindbereich	_	NN	_	dat|sg|masc	0	52	_	NK	_	_

1	Kundenorientierung	_	Kundenorientierung	_	NN	_	nom|sg|fem	0	15	_	SB	_	_
2	,	_	--	_	$,	_	_	0	1	_	--	_	_
3	Teamfähigkeit	_	Teamfähigkeit	_	NN	_	nom|sg|fem	0	1	_	CJ	_	_
4	sowie	_	sowie	_	KON	_	_	0	3	_	CD	_	_
5	Flexibilität	_	Flexibilität	_	NN	_	nom|sg|fem	0	4	_	CJ	_	_
6	und	_	und	_	KON	_	_	0	5	_	CD	_	_
7	ein	_	ein	_	ART	_	nom|sg|neut	0	9	_	NK	_	_
8	hohes	_	hoch	_	ADJA	_	nom|sg|neut	0	9	_	NK	_	_
9	Maß	_	Maß	_	NN	_	sg|3|past|ind	0	6	_	CJ	_	_
10	an	_	an	_	APPR	_	_	0	9	_	MNR	_	_
11	Freundlichkeit	_	Freundlichkeit	_	NN	_	dat|sg|fem	0	10	_	NK	_	_
12	gegenüber	_	gegenüber	_	APPR	_	_	0	11	_	MNR	_	_
13	unseren	_	unser	_	PPOSAT	_	dat|pl|masc	0	14	_	NK	_	_
14	Kunden	_	Kunde	_	NN	_	dat|pl|masc	0	12	_	NK	_	_
15	runden	_	rund	_	VVFIN	_	pl|3|pres|ind	0	0	_	--	_	_
16	Ihr	_	ihr	_	PPOSAT	_	acc|sg|neut	0	18	_	NK	_	_
17	ansprechendes	_	ansprechend	_	ADJA	_	acc|sg|neut|pos	0	18	_	NK	_	_
18	Profil	_	Profil	_	NN	_	acc|sg|neut	0	15	_	OA	_	_
19	ab	_	ab	_	PTKVZ	_	_	0	15	_	SVP	_	_
20	.	_	--	_	$.	_	_	0	19	_	--	_	_

1	Wir	_	wir	_	PPER	_	nom|pl|*|1	0	2	_	SB	_	_
2	suchen	_	suchen	_	VVFIN	_	pl|1|pres|ind	0	0	_	--	_	_
3	umgehend	_	umgehend	_	ADJD	_	pos	0	2	_	MO	_	_
4	flexible	_	flexibel	_	ADJA	_	acc|pl|masc	0	5	_	NK	_	_
5	Berufskraftfahrer	_	Berufskraftfahrer	_	NN	_	acc|pl|masc	0	2	_	OA	_	_
6	(	_	--	_	$(	_	_	0	5	_	--	_	_
7	m_w	_	m_w	_	NE	_	_	0	5	_	APP	_	_
8	)	_	--	_	$(	_	_	0	7	_	--	_	_
9	,	_	--	_	$,	_	_	0	8	_	--	_	_
10	welche	_	welcher	_	PRELS	_	nom|sg|fem	0	18	_	SB	_	_
11	im	_	in	_	APPRART	_	dat|sg|neut	0	18	_	MO	_	_
12	Fernverkehr	_	Fernverkehr	_	NN	_	dat|sg|neut	0	11	_	NK	_	_
13	mit	_	mit	_	APPR	_	_	0	18	_	MO	_	_
14	unseren	_	unser	_	PPOSAT	_	dat|pl|masc	0	16	_	NK	_	_
15	Schubboden-	_	Schubbode	_	TRUNC	_	_	0	16	_	PNC	_	_
16	LKW	_	LKW	_	NN	_	sg|3|past|ind	0	13	_	NK	_	_
17	unterwegs	_	unterwegs	_	ADV	_	_	0	18	_	MO	_	_
18	sind	_	sein	_	VAFIN	_	pl|3|pres|ind	0	5	_	RC	_	_
19	.	_	--	_	$.	_	_	0	18	_	--	_	_

1	Berufserfahrung	_	Berufserfahrung	_	NN	_	nom|sg|fem	0	7	_	SB	_	_
2	und	_	und	_	KON	_	_	0	1	_	CD	_	_
3	berufstypische	_	berufstypisch	_	ADJA	_	nom|pl|neut|pos	0	4	_	NK	_	_
4	Kenntnisse	_	Kenntnis	_	NN	_	nom|pl|neut	0	2	_	CJ	_	_
5	und	_	und	_	KON	_	_	0	4	_	CD	_	_
6	Fähigkeiten	_	Fähigkeit	_	NN	_	nom|pl|fem	0	5	_	CJ	_	_
7	sind	_	sein	_	VAFIN	_	pl|3|pres|ind	0	0	_	--	_	_
8	erwünscht	_	erwünscht	_	VVPP	_	pos	0	7	_	PD	_	_
9	.	_	--	_	$.	_	_	0	8	_	--	_	_

1	Sie	_	sie	_	PPER	_	nom|pl|*|3	0	2	_	SB	_	_
2	sollten	_	sollen	_	VMFIN	_	pl|3|past|ind	0	0	_	--	_	_
3	Erfahrung	_	Erfahrung	_	NN	_	acc|sg|fem	0	14	_	OA	_	_
4	in	_	in	_	APPR	_	_	0	3	_	MNR	_	_
5	den	_	der	_	ART	_	dat|pl|masc	0	6	_	NK	_	_
6	Bereichen	_	Bereich	_	NN	_	dat|pl|masc	0	4	_	NK	_	_
7	-	_	--	_	$(	_	_	0	6	_	--	_	_
8	Wärmedämmung	_	Wärmedämmung	_	NN	_	dat|sg|fem	0	6	_	APP	_	_
9	-	_	--	_	$(	_	_	0	8	_	--	_	_
10	Außenarbeiten	_	Außenarbeit	_	NN	_	nom|pl|fem	0	8	_	CJ	_	_
11	-	_	--	_	$(	_	_	0	10	_	--	_	_
12	und	_	und	_	KON	_	_	0	10	_	CD	_	_
13	Verputzen	_	verputzen	_	NN	_	_	0	12	_	CJ	_	_
14	haben	_	haben	_	VAINF	_	pl|3|pres|ind	0	2	_	OC	_	_
15	.	_	--	_	$.	_	_	0	14	_	--	_	_

1	Ihr	_	ihr	_	PPOSAT	_	nom|pl|*|2	0	2	_	NK	_	_
2	Profil	_	Profil	_	NN	_	nom|sg|*	0	0	_	--	_	_
3	:	_	--	_	$.	_	_	0	2	_	--	_	_
4	·	_	·	_	ART	_	_	0	7	_	NK	_	_
5	Erfolgreich	_	Erfolgreich	_	ADJD	_	pos	0	6	_	MO	_	_
6	abgeschlossenes	_	abgeschlossen	_	ADJA	_	nom|sg|neut|pos	0	7	_	NK	_	_
7	Studium	_	Studium	_	NN	_	nom|sg|neut	0	2	_	APP	_	_
8	der	_	der	_	ART	_	dat|sg|fem	0	9	_	NK	_	_
9	Fachrichtung	_	Fachrichtung	_	NN	_	dat|sg|fem	0	7	_	AG	_	_
10	Elektrotechnik	_	Elektrotechnik	_	NN	_	acc|sg|fem	0	9	_	NK	_	_
11	oder	_	oder	_	KON	_	_	0	10	_	CD	_	_
12	Wirtschaftsingenieurwesen	_	Wirtschaftsingenieurwesen	_	NN	_	dat|sg|neut	0	11	_	CJ	_	_
13	mit	_	mit	_	APPR	_	_	0	10	_	MNR	_	_
14	Schwerpunkt	_	Schwerpunkt	_	NN	_	nom|sg|masc	0	13	_	NK	_	_
15	Elektrotechnik	_	Elektrotechnik	_	NN	_	dat|sg|masc	0	14	_	NK	_	_
16	·	_	·	_	APPR	_	dat|sg|masc	0	10	_	MNR	_	_
17	Bereitschaft	_	Bereitschaft	_	NN	_	acc|sg|fem	0	16	_	NK	_	_
18	zu	_	zu	_	APPR	_	_	0	17	_	MNR	_	_
19	Dienstreisen	_	Dienstreise	_	NN	_	dat|pl|masc	0	18	_	NK	_	_
20	weltweit	_	weltweit	_	ADJD	_	pos	0	21	_	MO	_	_
21	·	_	·	_	CARD	_	acc|pl|*|comp	0	22	_	NK	_	_
22	Verhandlungssichere	_	Verhandlungssicher	_	NN	_	acc|pl|*	0	7	_	PAR	_	_
23	Deutsch-	_	Deutsch	_	TRUNC	_	_	0	24	_	CJ	_	_
24	und	_	und	_	KON	_	_	0	25	_	CD	_	_
25	Englischkenntnisse	_	Englischkenntnis	_	NN	_	acc|pl|neut	0	22	_	NK	_	_
26	in	_	in	_	APPR	_	_	0	22	_	MNR	_	_
27	Wort	_	Wort	_	NN	_	dat|sg|neut	0	26	_	NK	_	_
28	und	_	und	_	KON	_	_	0	27	_	CD	_	_
29	Schrift	_	Schrift	_	NN	_	dat|sg|fem	0	28	_	CJ	_	_
30	·	_	·	_	APPR	_	dat|sg|fem|comp	0	27	_	MNR	_	_
31	Belastbarkeit	_	Belastbarkeit	_	NN	_	dat|sg|fem	0	30	_	NK	_	_
32	,	_	--	_	$,	_	_	0	31	_	--	_	_
33	Teamfähigkeit	_	Teamfähigkeit	_	NN	_	dat|sg|fem	0	31	_	CJ	_	_

1	Idealer	_	Ideal	_	ADJA	_	nom|sg|*	0	2	_	NK	_	_
2	Weise	_	Weise	_	NN	_	nom|pl|*	0	3	_	SB	_	_
3	besitzen	_	besitzen	_	VVFIN	_	pl|3|pres|ind	0	0	_	--	_	_
4	Sie	_	sie	_	PPER	_	nom|pl|*|3	0	3	_	SB	_	_
5	einen	_	ein	_	ART	_	acc|sg|masc	0	6	_	NK	_	_
6	Führerschein	_	Führerschein	_	NN	_	acc|sg|masc	0	3	_	OA	_	_
7	der	_	der	_	ART	_	nom|sg|masc	0	8	_	NK	_	_
8	Klasse	_	Klasse	_	NN	_	nom|sg|masc	0	6	_	AG	_	_
9	T	_	T	_	NE	_	acc|sg|neut|3	0	8	_	NK	_	_
10	und	_	und	_	KON	_	_	0	3	_	CD	_	_
11	haben	_	haben	_	VAFIN	_	pl|3|pres|ind	0	10	_	CJ	_	_
12	erste	_	erster	_	ADJA	_	nom|pl|fem|pos	0	13	_	NK	_	_
13	Kenntnisse	_	Kenntnis	_	NN	_	nom|pl|fem	0	11	_	SB	_	_
14	im	_	in	_	APPRART	_	dat|sg|masc	0	13	_	MNR	_	_
15	Bereich	_	Bereich	_	NN	_	dat|sg|masc	0	14	_	NK	_	_
16	Garten-	_	Garte	_	TRUNC	_	_	0	17	_	CJ	_	_
17	und	_	und	_	KON	_	_	0	18	_	CD	_	_
18	Landschaftsbau	_	Landschaftsbau	_	NN	_	dat|sg|masc	0	15	_	NK	_	_
19	und_oder	_	und_oder	_	ADJA	_	gen|sg|fem	0	20	_	NK	_	_
20	Baumaschinenführung	_	Baumaschinenführung	_	NN	_	gen|sg|fem	0	15	_	AG	_	_
21	.	_	--	_	$.	_	_	0	20	_	--	_	_

1	Ideal	_	Ideal	_	ADJD	_	_	0	2	_	PD	_	_
2	ist	_	sein	_	VAFIN	_	sg|3|pres|ind	0	0	_	--	_	_
3	,	_	--	_	$,	_	_	0	2	_	--	_	_
4	wenn	_	wenn	_	KOUS	_	_	0	9	_	CP	_	_
5	Sie	_	sie	_	PPER	_	nom|sg|fem|3	0	9	_	SB	_	_
6	viel	_	viel	_	PIAT	_	*|*|*	0	8	_	NK	_	_
7	positive	_	positiv	_	ADJA	_	acc|pl|masc|pos	0	8	_	NK	_	_
8	Energie	_	Energie	_	NN	_	acc|pl|masc	0	9	_	OA	_	_
9	haben	_	haben	_	VAFIN	_	pl|3|pres|ind	0	2	_	MO	_	_
10	,	_	--	_	$,	_	_	0	9	_	--	_	_
11	gerne	_	gern	_	ADV	_	_	0	13	_	MO	_	_
12	Verantwortung	_	Verantwortung	_	NN	_	acc|sg|fem	0	13	_	OA	_	_
13	übernehmen	_	übernehmen	_	VVINF	_	_	0	1	_	OC	_	_
14	und	_	und	_	KON	_	_	0	13	_	CD	_	_
15	gerne	_	gerne	_	ADV	_	_	0	17	_	MO	_	_
16	Mitarbeiter	_	Mitarbeiter	_	NN	_	acc|pl|masc	0	17	_	OA	_	_
17	führen	_	führen	_	VVINF	_	_	0	14	_	CJ	_	_
18	.	_	--	_	$.	_	_	0	17	_	--	_	_

1	Gebraucht	_	brauchen	_	VVPP	_	_	0	2	_	OC	_	_
2	werden	_	werden	_	VAFIN	_	pl|3|pres|ind	0	0	_	--	_	_
3	auch	_	auch	_	ADV	_	_	0	5	_	MO	_	_
4	gute	_	gut	_	ADJA	_	nom|pl|neut|pos	0	5	_	NK	_	_
5	Englischkenntnisse	_	Englischkenntnis	_	NN	_	nom|pl|neut	0	2	_	SB	_	_
6	und	_	und	_	KON	_	_	0	5	_	CD	_	_
7	Führerschein	_	Führerschein	_	NN	_	acc|sg|masc	0	6	_	CJ	_	_
8	Klasse	_	Klasse	_	NN	_	acc|sg|masc|comp	0	14	_	OA	_	_
9	B.	_	B.	_	NN	_	acc|sg|masc	0	8	_	NK	_	_
10	Außerdem	_	außerdem	_	PROAV	_	_	0	11	_	MO	_	_
11	sollten	_	sollen	_	VMFIN	_	pl|3|past|subj	0	2	_	OC	_	_
12	Sie	_	sie	_	PPER	_	nom|pl|*|3	0	11	_	SB	_	_
13	idealerweise	_	idealerweise	_	ADV	_	_	0	14	_	MO	_	_
14	ausgelernt	_	auslernen	_	VVPP	_	_	0	15	_	OC	_	_
15	haben	_	haben	_	VAFIN	_	pl|3|pres|ind	0	11	_	OC	_	_
16	und	_	und	_	KON	_	_	0	15	_	CD	_	_
17	mindestens	_	mindestens	_	ADV	_	_	0	23	_	MO	_	_
18	schon	_	schon	_	ADV	_	_	0	19	_	MO	_	_
19	einmal	_	einmal	_	ADV	_	_	0	23	_	MO	_	_
20	in	_	in	_	APPR	_	_	0	23	_	MO	_	_
21	einer	_	ein	_	ART	_	dat|sg|fem	0	22	_	NK	_	_
22	Klinik	_	Klinik	_	NN	_	dat|sg|fem	0	20	_	NK	_	_
23	gearbeitet	_	arbeiten	_	VVPP	_	_	0	24	_	OC	_	_
24	haben	_	haben	_	VAFIN	_	pl|3|pres|ind	0	16	_	CJ	_	_
25	und	_	und	_	KON	_	_	0	24	_	CD	_	_
26	die	_	der	_	ART	_	acc|pl|masc	0	27	_	NK	_	_
27	Abläufe	_	Ablauf	_	NN	_	acc|pl|masc	0	28	_	OA	_	_
28	kennen	_	kennen	_	VVFIN	_	pl|3|pres|ind	0	25	_	CJ	_	_
29	.	_	--	_	$.	_	_	0	28	_	--	_	_

1	Kenntnisse	_	Kenntnis	_	NN	_	acc|pl|fem	0	4	_	OA	_	_
2	über	_	über	_	APPR	_	_	0	1	_	MNR	_	_
3	PV-Anlagen	_	PV-Anlage	_	NN	_	acc|pl|fem	0	2	_	NK	_	_
4	gewünscht	_	wünschen	_	VVPP	_	_	0	0	_	--	_	_
5	,	_	--	_	$,	_	_	0	4	_	--	_	_
6	aber	_	aber	_	KON	_	_	0	4	_	CD	_	_
7	nicht	_	nicht	_	PTKNEG	_	_	0	8	_	NG	_	_
8	Voraussetzung	_	Voraussetzung	_	NN	_	dat|sg|fem	0	6	_	CJ	_	_
9	.	_	--	_	$.	_	_	0	8	_	--	_	_

1	Ihre	_	ihr	_	PPOSAT	_	nom|sg|fem	0	2	_	NK	_	_
2	Qualifikation	_	Qualifikation	_	NN	_	nom|sg|fem	0	8	_	PD	_	_
3	:	_	--	_	$.	_	_	0	2	_	--	_	_
4	-	_	--	_	$(	_	_	0	3	_	--	_	_
5	Ausbildung	_	Ausbildung	_	NN	_	nom|sg|fem	0	8	_	OA	_	_
6	zum	_	zu	_	APPRART	_	dat|sg|neut	0	5	_	OP	_	_
7	Techniker	_	Techniker	_	NN	_	dat|sg|neut	0	6	_	NK	_	_
8	und_oder	_	und_oder	_	ADJA	_	_	0	0	_	--	_	_
9	mehrjährige	_	mehrjährig	_	ADJA	_	acc|sg|fem|pos	0	10	_	NK	_	_
10	Praxiserfahrung	_	Praxiserfahrung	_	NN	_	acc|sg|fem	0	8	_	OA	_	_
11	in	_	in	_	APPR	_	_	0	10	_	MNR	_	_
12	der	_	der	_	ART	_	dat|sg|fem	0	13	_	NK	_	_
13	Automobilindustrie	_	Automobilindustrie	_	NN	_	dat|sg|fem	0	11	_	NK	_	_
14	-	_	--	_	$(	_	_	0	13	_	--	_	_
15	Einschlägige	_	einschlägig	_	ADJA	_	acc|pl|neut|pos	0	16	_	NK	_	_
16	Kenntnisse	_	Kenntnis	_	NN	_	acc|pl|neut	0	10	_	CJ	_	_
17	im	_	in	_	APPRART	_	dat|sg|masc	0	16	_	MNR	_	_
18	Bereich	_	Bereich	_	NN	_	dat|sg|masc	0	17	_	NK	_	_
19	Q-Management	_	Q-Management	_	NN	_	_	0	18	_	NK	_	_
20	-	_	--	_	$(	_	_	0	19	_	--	_	_
21	Englisch	_	Englisch	_	NN	_	nom|sg|neut	0	16	_	PAR	_	_
22	in	_	in	_	APPR	_	_	0	21	_	MNR	_	_
23	Wort	_	Wort	_	NN	_	dat|sg|neut	0	22	_	NK	_	_
24	und	_	und	_	KON	_	_	0	23	_	CD	_	_
25	Schrift	_	Schrift	_	NN	_	dat|sg|fem	0	24	_	CJ	_	_

1	Voraussetzungen	_	Voraussetzung	_	NN	_	_	0	0	_	--	_	_
2	:	_	--	_	$.	_	_	0	1	_	--	_	_
3	-	_	--	_	$(	_	_	0	2	_	--	_	_
4	Freundlichkeit	_	Freundlichkeit	_	NN	_	pos	0	1	_	SB	_	_
5	,	_	--	_	$,	_	_	0	4	_	--	_	_
6	Offenheit	_	Offenheit	_	NN	_	nom|sg|fem	0	4	_	CJ	_	_
7	,	_	--	_	$,	_	_	0	6	_	--	_	_
8	Pünktlichkeit	_	Pünktlichkeit	_	NN	_	nom|sg|fem	0	6	_	CJ	_	_
9	,	_	--	_	$,	_	_	0	8	_	--	_	_
10	Flexibilität	_	Flexibilität	_	NN	_	nom|sg|fem	0	8	_	CJ	_	_
11	,	_	--	_	$,	_	_	0	10	_	--	_	_
12	Zuverlässigkeit	_	Zuverlässigkeit	_	NN	_	nom|sg|fem	0	10	_	CJ	_	_
13	,	_	--	_	$,	_	_	0	12	_	--	_	_
14	Kommunikationsfähigkeit_Freude	_	Kommunikationsfähigkeit_Freude	_	NN	_	nom|sg|masc	0	12	_	CJ	_	_
15	am	_	an	_	APPRART	_	dat|sg|masc	0	14	_	MNR	_	_
16	Umgang	_	Umgang	_	NN	_	dat|sg|masc	0	15	_	NK	_	_
17	mit	_	mit	_	APPR	_	_	0	16	_	OP	_	_
18	Menschen	_	Mensch	_	NN	_	dat|pl|masc	0	17	_	NK	_	_
19	,	_	--	_	$,	_	_	0	18	_	--	_	_
20	Belastbarkeit	_	Belastbarkeit	_	NN	_	dat|sg|fem	0	14	_	CJ	_	_
21	,	_	--	_	$,	_	_	0	20	_	--	_	_
22	Spaß	_	Spaß	_	NN	_	acc|sg|masc	0	20	_	CJ	_	_
23	am	_	an	_	APPRART	_	dat|sg|masc	0	22	_	MNR	_	_
24	Verkauf	_	Verkauf	_	NN	_	dat|sg|masc	0	23	_	NK	_	_
25	und	_	und	_	KON	_	_	0	22	_	CD	_	_
26	die	_	der	_	ART	_	nom|sg|fem	0	27	_	NK	_	_
27	Beratung	_	Beratung	_	NN	_	nom|sg|fem	0	25	_	CJ	_	_
28	von	_	von	_	APPR	_	_	0	27	_	PG	_	_
29	Kunden	_	Kunde	_	NN	_	dat|pl|masc	0	28	_	NK	_	_
30	ist	_	sein	_	VAFIN	_	sg|3|pres|ind	0	40	_	RS	_	_
31	uns	_	uns	_	PPER	_	dat|pl|*|1	0	32	_	DA	_	_
32	wichtig	_	wichtig	_	ADJD	_	pos	0	30	_	PD	_	_
33	-	_	--	_	$(	_	_	0	32	_	--	_	_
34	ein	_	ein	_	ART	_	nom|sg|neut	0	36	_	NK	_	_
35	gepflegtes	_	gepflegt	_	ADJA	_	nom|sg|neut|pos	0	36	_	NK	_	_
36	Erscheinungsbild	_	Erscheinungsbild	_	NN	_	nom|sg|neut	0	37	_	SB	_	_
37	wird	_	werden	_	VAFIN	_	sg|3|pres|ind	0	30	_	CJ	_	_
38	vorausgesetzt	_	voraussetzen	_	VVPP	_	_	0	37	_	OC	_	_
39	-	_	--	_	$(	_	_	0	38	_	--	_	_
40	Verkaufserfahrung	_	Verkaufserfahrung	_	NN	_	nom|sg|fem	0	27	_	CJ	_	_
41	von	_	von	_	APPR	_	_	0	40	_	PG	_	_
42	Vorteil	_	Vorteil	_	NN	_	dat|sg|masc	0	41	_	NK	_	_
43	-	_	--	_	$(	_	_	0	42	_	--	_	_
44	Fremdsprachenkenntnisse	_	Fremdsprachenkenntnis	_	NN	_	nom|pl|fem	0	40	_	CJ	_	_
45	von	_	von	_	APPR	_	_	0	44	_	PG	_	_
46	Vorteil	_	Vorteil	_	NN	_	nom|sg|masc	0	45	_	NK	_	_

1	Erfahrung	_	Erfahrung	_	NN	_	nom|sg|fem	0	9	_	SB	_	_
2	im	_	in	_	APPRART	_	dat|sg|masc	0	1	_	MNR	_	_
3	Bereich	_	Bereich	_	NN	_	dat|sg|masc	0	2	_	NK	_	_
4	Wechselbrücken	_	Wechselbrück	_	NN	_	_	0	3	_	NK	_	_
5	,	_	--	_	$,	_	_	0	4	_	--	_	_
6	Hängerzüge	_	Hängerzug	_	NN	_	sg|2|imp	0	1	_	CJ	_	_
7	und	_	und	_	KON	_	_	0	6	_	CD	_	_
8	Sattelschlepper	_	Sattelschlepper	_	NN	_	nom|sg|masc|3	0	7	_	CJ	_	_
9	ist	_	sein	_	VAFIN	_	sg|3|pres|ind	0	0	_	--	_	_
10	erwünscht	_	erwünscht	_	VVPP	_	pos	0	9	_	PD	_	_
11	.	_	--	_	$.	_	_	0	10	_	--	_	_

1	Ein	_	ein	_	ART	_	nom|sg|neut	0	2	_	NK	_	_
2	ADR-Schein	_	ADR-Schein	_	NN	_	nom|sg|neut	0	3	_	SB	_	_
3	wäre	_	sein	_	VAFIN	_	sg|3|past|subj	0	0	_	--	_	_
4	von	_	von	_	APPR	_	_	0	3	_	MO	_	_
5	Vorteil	_	Vorteil	_	NN	_	_	0	4	_	NK	_	_
6	.	_	--	_	$.	_	_	0	5	_	--	_	_

1	Anforderungen	_	Anforderung	_	NN	_	dat|pl|fem	0	24	_	DA	_	_
2	:	_	--	_	$.	_	_	0	1	_	--	_	_
3	-	_	--	_	$(	_	_	0	2	_	--	_	_
4	eine	_	ein	_	ART	_	nom|sg|fem	0	7	_	NK	_	_
5	abgeschlossene	_	abgeschlossen	_	ADJA	_	nom|sg|fem|pos	0	7	_	NK	_	_
6	kaufmännische	_	kaufmännisch	_	ADJA	_	nom|sg|fem|pos	0	7	_	NK	_	_
7	Ausbildung	_	Ausbildung	_	NN	_	nom|sg|fem	0	8	_	SB	_	_
8	ist	_	sein	_	VAFIN	_	sg|3|pres|ind	0	0	_	--	_	_
9	von	_	von	_	APPR	_	_	0	8	_	MO	_	_
10	Vorteil	_	Vorteil	_	NN	_	dat|sg|neut	0	9	_	NK	_	_
11	,	_	--	_	$,	_	_	0	10	_	--	_	_
12	jedoch	_	jedoch	_	ADV	_	_	0	13	_	MO	_	_
13	nicht	_	nicht	_	PTKNEG	_	_	0	8	_	NG	_	_
14	zwingend	_	zwingend	_	ADJD	_	pos	0	15	_	MO	_	_
15	erforderlich	_	erforderlich	_	ADJD	_	pos	0	8	_	PD	_	_
16	-	_	--	_	$(	_	_	0	15	_	--	_	_
17	Berufserfahrung	_	Berufserfahrung	_	NN	_	nom|sg|fem	0	23	_	SB	_	_
18	im	_	in	_	APPRART	_	dat|sg|masc	0	17	_	MNR	_	_
19	Verkauf	_	Verkauf	_	NN	_	dat|sg|masc	0	18	_	NK	_	_
20	sowie	_	sowie	_	KON	_	_	0	17	_	CD	_	_
21	botanische	_	botanisch	_	ADJA	_	nom|pl|masc|pos	0	22	_	NK	_	_
22	Kenntnisse	_	Kenntnis	_	NN	_	nom|pl|masc	0	20	_	CJ	_	_
23	werden	_	werden	_	VAFIN	_	pl|3|pres|ind	0	8	_	CJ	_	_
24	vorausgesetzt	_	voraussetzen	_	VVPP	_	_	0	23	_	OC	_	_
25	-	_	--	_	$(	_	_	0	24	_	--	_	_
26	ein	_	ein	_	ART	_	nom|sg|masc	0	28	_	NK	_	_
27	freundlicher	_	freundlich	_	ADJA	_	nom|sg|masc|pos	0	28	_	NK	_	_
28	Umgang	_	Umgang	_	NN	_	nom|sg|masc	0	34	_	PD	_	_
29	mit	_	mit	_	APPR	_	_	0	28	_	OP	_	_
30	unseren	_	unser	_	PPOSAT	_	dat|pl|masc	0	31	_	NK	_	_
31	Kunden	_	Kunde	_	NN	_	dat|pl|masc	0	29	_	NK	_	_
32	sowie	_	sowie	_	KON	_	_	0	31	_	CD	_	_
33	Teamfähigkeit	_	Teamfähigkeit	_	NN	_	dat|sg|fem	0	32	_	CJ	_	_
34	sind	_	sein	_	VAFIN	_	pl|3|pres|ind	0	23	_	CJ	_	_
35	uns	_	uns	_	PPER	_	dat|pl|*|1	0	36	_	DA	_	_
36	wichtig	_	wichtig	_	ADJD	_	pos	0	34	_	PD	_	_
37	.	_	--	_	$.	_	_	0	36	_	--	_	_

1	Ihr	_	ihr	_	PPOSAT	_	nom|sg|neut	0	2	_	NK	_	_
2	Profil	_	Profil	_	NN	_	nom|sg|neut	0	3	_	SB	_	_
3	¿	_	¿	_	VVFIN	_	sg|3|pres|ind	0	0	_	--	_	_
4	Abgeschlossene	_	abgeschlossen	_	NN	_	acc|sg|fem	0	3	_	OA	_	_
5	Berufsausbildung	_	Berufsausbildung	_	NN	_	acc|sg|fem	0	4	_	NK	_	_
6	als	_	als	_	APPR	_	_	0	3	_	MO	_	_
7	Modellbauer	_	Modellbauer	_	NN	_	acc|sg|fem	0	6	_	NK	_	_
8	(	_	--	_	$(	_	_	0	7	_	--	_	_
9	Fachrichtung	_	Fachrichtung	_	NN	_	nom|sg|fem	0	7	_	PAR	_	_
10	Karosserie	_	Karosserie	_	NE	_	nom|sg|fem	0	9	_	NK	_	_
11	)	_	--	_	$(	_	_	0	10	_	--	_	_
12	oder	_	oder	_	KON	_	_	0	7	_	CD	_	_
13	eine	_	ein	_	ART	_	acc|sg|fem	0	15	_	NK	_	_
14	vergleichbare	_	vergleichbar	_	ADJA	_	acc|sg|fem|pos	0	15	_	NK	_	_
15	Ausbildung	_	Ausbildung	_	NN	_	acc|sg|fem	0	12	_	CJ	_	_
16	¿	_	¿	_	CARD	_	_	0	17	_	NK	_	_
17	Idealerweise	_	Idealerweis	_	NN	_	acc|sg|fem|pos	0	3	_	OA	_	_
18	Berufserfahrung	_	Berufserfahrung	_	NN	_	acc|sg|fem	0	17	_	NK	_	_
19	im	_	in	_	APPRART	_	dat|sg|masc	0	17	_	MNR	_	_
20	Modellbau_Lehrenbau	_	Modellbau_Lehrenbau	_	NN	_	dat|sg|masc	0	19	_	NK	_	_
21	¿	_	¿	_	CARD	_	_	0	23	_	NK	_	_
22	sichere	_	sicher	_	ADJA	_	acc|pl|neut|pos	0	23	_	NK	_	_
23	PC-Kenntnisse	_	PC-Kenntnis	_	NN	_	acc|pl|neut	0	17	_	CJ	_	_
24	¿	_	¿	_	APPR	_	acc|pl|neut	0	23	_	MNR	_	_
25	Flexibilität	_	Flexibilität	_	NN	_	acc|sg|fem	0	24	_	NK	_	_
26	,	_	--	_	$,	_	_	0	25	_	--	_	_
27	Belastbarkeit	_	Belastbarkeit	_	NN	_	nom|sg|fem	0	25	_	CJ	_	_
28	,	_	--	_	$,	_	_	0	27	_	--	_	_
29	Teamfähigkeit	_	Teamfähigkeit	_	NN	_	nom|sg|fem	0	27	_	CJ	_	_
30	¿	_	¿	_	APPR	_	nom|sg|fem|pos	0	29	_	MNR	_	_
31	Eigenverantwortliche	_	eigenverantwortlich	_	NN	_	nom|sg|fem	0	30	_	NK	_	_
32	und	_	und	_	KON	_	_	0	31	_	CD	_	_
33	selbständige	_	selbständig	_	ADJA	_	nom|sg|fem|pos	0	34	_	NK	_	_
34	Arbeitsweise	_	Arbeitsweise	_	NN	_	nom|sg|fem	0	32	_	CJ	_	_

1	Ihr	_	ihr	_	PPOSAT	_	nom|pl|*|2	0	2	_	NK	_	_
2	Profil	_	Profil	_	NN	_	nom|sg|*	0	0	_	--	_	_
3	:	_	--	_	$.	_	_	0	2	_	--	_	_
4	¿	_	¿	_	ADJD	_	_	0	5	_	MO	_	_
5	abgeschlossene	_	abgeschlossen	_	ADJA	_	acc|sg|fem|pos	0	6	_	NK	_	_
6	Ausbildung	_	Ausbildung	_	NN	_	acc|sg|fem	0	2	_	PD	_	_
7	im	_	in	_	APPRART	_	dat|sg|neut	0	6	_	MNR	_	_
8	Elektrohandwerk	_	Elektrohandwerk	_	NN	_	dat|sg|neut	0	7	_	NK	_	_
9	idelalerweise	_	idelalerweise	_	ADV	_	_	0	8	_	MNR	_	_
10	als	_	als	_	APPR	_	_	0	23	_	MO	_	_
11	Elektroniker	_	Elektroniker	_	NN	_	nom|sg|masc	0	10	_	NK	_	_
12	für	_	für	_	APPR	_	_	0	11	_	MNR	_	_
13	Betriebs-	_	Betrieb	_	TRUNC	_	_	0	14	_	CJ	_	_
14	oder	_	oder	_	KON	_	_	0	15	_	CD	_	_
15	Automatisierungstechnik	_	Automatisierungstechnik	_	NN	_	dat|sg|fem	0	12	_	NK	_	_
16	¿	_	¿	_	APPR	_	dat|sg|fem	0	15	_	MNR	_	_
17	einschlägige	_	einschlägig	_	ADJA	_	acc|sg|fem|pos	0	18	_	NK	_	_
18	Berufserfahrung	_	Berufserfahrung	_	NN	_	acc|sg|fem	0	16	_	NK	_	_
19	im	_	in	_	APPRART	_	dat|sg|masc	0	18	_	MNR	_	_
20	industriellen	_	industriell	_	ADJA	_	dat|sg|masc|pos	0	21	_	NK	_	_
21	Umfeld	_	Umfeld	_	NN	_	dat|sg|masc	0	19	_	NK	_	_
22	¿	_	¿	_	CARD	_	*|*|*	0	23	_	NK	_	_
23	Kenntnisse	_	Kenntnis	_	NN	_	*|*|*	0	9	_	CC	_	_
24	_	_	--	_	XY	_	*|*|*	0	0	_	--	_	_
25	Erfahrung	_	Erfahrung	_	NN	_	nom|sg|fem	0	23	_	NK	_	_
26	in	_	in	_	APPR	_	_	0	25	_	MNR	_	_
27	Automation	_	Automation	_	NN	_	dat|sg|fem	0	26	_	NK	_	_
28	,	_	--	_	$,	_	_	0	27	_	--	_	_
29	Sensorik	_	Sensorik	_	NN	_	dat|sg|fem	0	27	_	CJ	_	_
30	sowie	_	sowie	_	KON	_	_	0	29	_	CD	_	_
31	Kenntnisse	_	Kenntnis	_	NN	_	dat|sg|fem	0	30	_	CJ	_	_
32	in	_	in	_	APPR	_	_	0	31	_	MNR	_	_
33	Prozesstechnik	_	Prozesstechnik	_	NN	_	dat|sg|fem	0	32	_	NK	_	_
34	,	_	--	_	$,	_	_	0	33	_	--	_	_
35	Mess-	_	Mes	_	TRUNC	_	_	0	36	_	CJ	_	_
36	und	_	und	_	KON	_	_	0	37	_	CD	_	_
37	Regeltechnik	_	Regeltechnik	_	NN	_	_	0	31	_	CJ	_	_
38	¿	_	¿	_	APPR	_	_	0	37	_	MNR	_	_
39	Teamfähigkeit	_	Teamfähigkeit	_	NN	_	_	0	38	_	NK	_	_
40	¿	_	¿	_	APPR	_	_	0	39	_	MNR	_	_
41	Bereitschaft	_	Bereitschaft	_	NN	_	nom|sg|fem	0	40	_	NK	_	_
42	zur	_	zu	_	APPRART	_	dat|sg|fem	0	41	_	MNR	_	_
43	3-	_	3	_	CARD	_	dat|sg|fem	0	44	_	NK	_	_
44	Schichtarbeit	_	Schichtarbeit	_	NN	_	nom|sg|fem	0	42	_	NK	_	_
45	und	_	und	_	KON	_	_	0	44	_	CD	_	_
46	Rufbereitschaft	_	Rufbereitschaft	_	NN	_	nom|sg|fem	0	45	_	CJ	_	_

1	Medizinische_n	_	Medizinische_n	_	NN	_	nom|sg|neut	0	0	_	--	_	_
2	Fachangestellte_n	_	Fachangestellte_n	_	NN	_	nom|sg|neut	0	1	_	NK	_	_
3	für	_	für	_	APPR	_	_	0	1	_	MNR	_	_
4	20	_	20	_	CARD	_	_	0	5	_	NK	_	_
5	Std	_	Std	_	NN	_	_	0	3	_	NK	_	_
6	.	_	--	_	$.	_	_	0	5	_	--	_	_

1	wöchentlich	_	wöchentlich	_	ADJD	_	pos	0	0	_	--	_	_
2	.	_	--	_	$.	_	_	0	1	_	--	_	_

1	Die	_	der	_	ART	_	nom|sg|fem	0	2	_	NK	_	_
2	Arbeitszeiteinteilung	_	Arbeitszeiteinteilung	_	NN	_	nom|sg|fem	0	3	_	SB	_	_
3	erfolgt	_	erfolgen	_	VVFIN	_	sg|3|pres|ind	0	0	_	--	_	_
4	nach	_	nach	_	APPR	_	_	0	3	_	MO	_	_
5	Absprache	_	Absprache	_	NN	_	dat|sg|fem	0	4	_	NK	_	_
6	,	_	--	_	$,	_	_	0	5	_	--	_	_
7	wünschenswert	_	wünschenswert	_	ADJD	_	pos	0	8	_	PD	_	_
8	ist	_	sein	_	VAFIN	_	sg|3|pres|ind	0	3	_	CJ	_	_
9	Flexibilität	_	Flexibilität	_	NN	_	dat|sg|fem	0	8	_	SB	_	_
10	.	_	--	_	$.	_	_	0	9	_	--	_	_

1	Auf	_	auf	_	APPR	_	_	0	3	_	MO	_	_
2	Wunsch	_	Wunsch	_	NN	_	acc|sg|masc	0	1	_	NK	_	_
3	kann	_	können	_	VMFIN	_	sg|3|pres|ind	0	0	_	--	_	_
4	auch	_	auch	_	ADV	_	_	0	7	_	MO	_	_
5	eine	_	ein	_	ART	_	nom|sg|fem	0	7	_	NK	_	_
6	geringfügige	_	geringfügig	_	ADJA	_	nom|sg|fem|pos	0	7	_	NK	_	_
7	Beschäftigung	_	Beschäftigung	_	NN	_	nom|sg|fem	0	3	_	SB	_	_
8	angeboten	_	anbieten	_	VVPP	_	_	0	9	_	OC	_	_
9	werden	_	werden	_	VAINF	_	_	0	3	_	OC	_	_
10	.	_	--	_	$.	_	_	0	9	_	--	_	_

1	Anforderungen	_	Anforderung	_	NN	_	dat|pl|fem	0	33	_	SB	_	_
2	:	_	--	_	$.	_	_	0	1	_	--	_	_
3	-	_	--	_	$(	_	_	0	2	_	--	_	_
4	Umfassende	_	umfassend	_	ADJA	_	*|*|*	0	5	_	NK	_	_
5	Kenntnisse	_	Kenntnis	_	NN	_	acc|pl|neut	0	1	_	APP	_	_
6	und	_	und	_	KON	_	_	0	5	_	CD	_	_
7	Kompetenzen	_	Kompetenz	_	NN	_	acc|pl|fem	0	6	_	CJ	_	_
8	in	_	in	_	APPR	_	_	0	5	_	MNR	_	_
9	Diagnostik	_	Diagnostik	_	NN	_	dat|sg|fem	0	8	_	NK	_	_
10	,	_	--	_	$,	_	_	0	9	_	--	_	_
11	Therapie	_	Therapie	_	NN	_	dat|sg|fem	0	9	_	CJ	_	_
12	und	_	und	_	KON	_	_	0	11	_	CD	_	_
13	Beratung	_	Beratung	_	NN	_	dat|sg|fem	0	12	_	CJ	_	_
14	logopädischer	_	logopädisch	_	ADJA	_	dat|sg|fem|pos	0	15	_	NK	_	_
15	Diagnostik	_	Diagnostik	_	NN	_	dat|sg|fem	0	5	_	CJ	_	_
16	-	_	--	_	$(	_	_	0	15	_	--	_	_
17	selbständiges	_	selbständig	_	ADJA	_	nom|sg|neut|pos	0	18	_	NK	_	_
18	Arbeiten	_	Arbeit	_	NN	_	nom|sg|neut	0	15	_	APP	_	_
19	und	_	und	_	KON	_	_	0	18	_	CD	_	_
20	fachliche	_	fachlich	_	ADJA	_	nom|sg|neut|pos	0	21	_	NK	_	_
21	Entscheidungskompetenz	_	Entscheidungskompetenz	_	NN	_	nom|sg|neut	0	19	_	CJ	_	_
22	sowie	_	sowie	_	KON	_	_	0	15	_	CD	_	_
23	ausgeprägte	_	ausgeprägt	_	ADJA	_	_	0	25	_	NK	_	_
24	kommunikative	_	kommunikativ	_	ADJA	_	nom|pl|fem|pos	0	25	_	NK	_	_
25	Fähigkeiten	_	Fähigkeit	_	NN	_	nom|pl|fem	0	22	_	CJ	_	_
26	-	_	--	_	$(	_	_	0	25	_	--	_	_
27	aufgeschlossenes	_	aufgeschlossen	_	ADJA	_	acc|sg|neut|pos	0	30	_	NK	_	_
28	und	_	und	_	KON	_	_	0	27	_	CD	_	_
29	sicheres	_	sicher	_	ADJA	_	acc|sg|neut|pos	0	28	_	CJ	_	_
30	Auftreten	_	auftreten	_	NN	_	acc|sg|neut	0	25	_	APP	_	_
31	-	_	--	_	$(	_	_	0	30	_	--	_	_
32	wünschenswert	_	wünschenswert	_	ADJD	_	pos	0	33	_	PD	_	_
33	sind	_	sein	_	VAFIN	_	pl|3|pres|ind	0	0	_	--	_	_
34	Erfahrungen	_	Erfahrung	_	NN	_	nom|pl|fem	0	33	_	SB	_	_
35	in	_	in	_	APPR	_	_	0	34	_	MNR	_	_
36	der	_	der	_	ART	_	dat|sg|fem	0	37	_	NK	_	_
37	Arbeit	_	Arbeit	_	NN	_	dat|sg|fem	0	35	_	NK	_	_
38	mit	_	mit	_	APPR	_	_	0	34	_	MNR	_	_
39	jungen	_	jung	_	ADJA	_	dat|pl|masc|pos	0	40	_	NK	_	_
40	Menschen	_	Mensch	_	NN	_	dat|pl|masc	0	38	_	NK	_	_
41	bzw.in	_	bzw.in	_	VVFIN	_	_	0	33	_	PD	_	_
42	der	_	der	_	ART	_	dat|sg|fem	0	43	_	NK	_	_
43	Arbeit	_	Arbeit	_	NN	_	dat|sg|fem	0	41	_	DA	_	_
44	mit	_	mit	_	APPR	_	_	0	43	_	MNR	_	_
45	hör-und_oder	_	hör-und_oder	_	ADJA	_	dat|sg|fem	0	47	_	NK	_	_
46	sprachbehinderten	_	sprachbehindert	_	ADJA	_	pl|3|past|ind	0	47	_	NK	_	_
47	Menschen	_	Mensch	_	NN	_	nom|pl|masc	0	44	_	NK	_	_
48	-	_	--	_	$(	_	_	0	47	_	--	_	_
49	Führerschein	_	Führerschein	_	NN	_	_	0	41	_	OA	_	_
50	-	_	--	_	$(	_	_	0	49	_	--	_	_
51	Kassenzulassung	_	Kassenzulassung	_	NN	_	nom|sg|fem	0	49	_	CJ	_	_

1	Kenntnisse	_	Kenntnis	_	NN	_	_	0	0	_	--	_	_
2	-	_	--	_	$(	_	_	0	1	_	--	_	_
3	berufliche	_	beruflich	_	ADJA	_	acc|pl|neut|pos	0	4	_	NK	_	_
4	Erfahrung	_	Erfahrung	_	NN	_	acc|pl|neut	0	1	_	PAR	_	_
5	auf	_	auf	_	APPR	_	_	0	4	_	MNR	_	_
6	dem	_	der	_	ART	_	dat|sg|masc	0	7	_	NK	_	_
7	Fachgebiet	_	Fachgebiet	_	NN	_	dat|sg|masc	0	5	_	NK	_	_
8	:	_	--	_	$.	_	_	0	7	_	--	_	_
9	Flurneuordnung	_	Flurneuordnung	_	NN	_	nom|sg|fem	0	4	_	CJ	_	_
10	-	_	--	_	$(	_	_	0	9	_	--	_	_
11	Flurbereinigungsgesetz	_	Flurbereinigungsgesetz	_	NN	_	nom|sg|neut	0	9	_	CJ	_	_
12	und	_	und	_	KON	_	_	0	11	_	CD	_	_
13	Landwirtschaftsanpassungsgesetz	_	Landwirtschaftsanpassungsgesetz	_	NN	_	nom|sg|neut	0	12	_	CJ	_	_
14	___	_	___	_	NE	_	nom|sg|neut|pos	0	13	_	NK	_	_
15	,	_	--	_	$,	_	_	0	14	_	--	_	_
16	___	_	___	_	NE	_	_	0	14	_	CJ	_	_
17	,	_	--	_	$,	_	_	0	16	_	--	_	_
18	__	_	__	_	NE	_	_	0	19	_	PNC	_	_
19	_	_	--	_	NE	_	_	0	16	_	CJ	_	_
20	und	_	und	_	KON	_	_	0	19	_	CD	_	_
21	__	_	__	_	NE	_	_	0	20	_	CJ	_	_
22	_	_	--	_	XY	_	_	0	13	_	NK	_	_
23	-	_	--	_	$(	_	_	0	22	_	--	_	_
24	Bodenrecht	_	Bodenrecht	_	NN	_	nom|sg|neut	0	11	_	CJ	_	_
25	-	_	--	_	$(	_	_	0	24	_	--	_	_
26	Liegenschaftskartendigitalisierung	_	Liegenschaftskartendigitalisierung	_	NN	_	nom|sg|fem	0	24	_	CJ	_	_
27	(	_	--	_	$(	_	_	0	26	_	--	_	_
28	ALK	_	ALK	_	NE	_	nom|sg|fem	0	26	_	APP	_	_
29	)	_	--	_	$(	_	_	0	28	_	--	_	_
30	-	_	--	_	$(	_	_	0	29	_	--	_	_
31	Digitale	_	digital	_	ADJA	_	nom|pl|fem|pos	0	32	_	NK	_	_
32	Stadtgrundkarten	_	Stadtgrundkart	_	NN	_	nom|pl|fem	0	26	_	CJ	_	_
33	(	_	--	_	$(	_	_	0	32	_	--	_	_
34	DSK	_	DSK	_	NE	_	nom|pl|fem	0	32	_	APP	_	_
35	)	_	--	_	$(	_	_	0	34	_	--	_	_
36	-	_	--	_	$(	_	_	0	35	_	--	_	_
37	Kenntnisse	_	Kenntnis	_	NN	_	acc|pl|neut	0	32	_	CJ	_	_
38	im	_	in	_	APPRART	_	dat|sg|masc	0	37	_	MNR	_	_
39	Umgang	_	Umgang	_	NN	_	dat|sg|masc	0	38	_	NK	_	_
40	mit	_	mit	_	APPR	_	_	0	39	_	OP	_	_
41	dem	_	der	_	ART	_	dat|sg|neut	0	42	_	NK	_	_
42	Geoinformationssystem	_	Geoinformationssystem	_	NN	_	dat|sg|neut	0	40	_	NK	_	_
43	DAVID	_	DAVID	_	NE	_	_	0	42	_	NK	_	_
44	-	_	--	_	$(	_	_	0	43	_	--	_	_
45	Kenntnisse	_	Kenntnis	_	NN	_	acc|pl|neut	0	37	_	CJ	_	_
46	im	_	in	_	APPRART	_	dat|sg|masc	0	45	_	MNR	_	_
47	Umgang	_	Umgang	_	NN	_	dat|sg|masc	0	46	_	NK	_	_
48	mit	_	mit	_	APPR	_	_	0	47	_	OP	_	_
49	dem	_	der	_	ART	_	dat|sg|neut	0	50	_	NK	_	_
50	Datenbanksystem	_	Datenbanksystem	_	NN	_	dat|sg|neut	0	48	_	NK	_	_
51	-ORACLE	_	-ORACLE	_	NE	_	_	0	50	_	NK	_	_

1	Wir	_	wir	_	PPER	_	nom|pl|*|1	0	2	_	SB	_	_
2	suchen	_	suchen	_	VVFIN	_	pl|1|pres|ind	0	0	_	--	_	_
3	für	_	für	_	APPR	_	_	0	2	_	MO	_	_
4	unser	_	unser	_	PPOSAT	_	acc|sg|neut	0	5	_	NK	_	_
5	Restaurant	_	Restaurant	_	NN	_	acc|sg|neut	0	3	_	NK	_	_
6	zum	_	zu	_	APPRART	_	dat|sg|masc	0	5	_	MNR	_	_
7	nächstmöglichen	_	nächstmöglich	_	ADJA	_	dat|sg|masc|pos	0	8	_	NK	_	_
8	Zeitpunkt	_	Zeitpunkt	_	NN	_	dat|sg|masc	0	6	_	NK	_	_
9	eine	_	ein	_	ART	_	nom|sg|fem	0	10	_	NK	_	_
10	Servicekraft	_	Servicekraft	_	NN	_	nom|sg|fem	0	2	_	OA	_	_
11	auf	_	auf	_	APPR	_	_	0	10	_	MNR	_	_
12	geringfügiger	_	geringfügig	_	ADJA	_	dat|sg|fem|pos	0	13	_	NK	_	_
13	Basis	_	Basis	_	NN	_	dat|sg|fem	0	11	_	NK	_	_
14	.	_	--	_	$.	_	_	0	13	_	--	_	_

1	Auf	_	auf	_	APPR	_	_	0	9	_	MO	_	_
2	Dauer	_	Dauer	_	NN	_	dat|sg|fem	0	1	_	NK	_	_
3	ist	_	sein	_	VAFIN	_	sg|3|pres|ind	0	0	_	--	_	_
4	die	_	der	_	ART	_	nom|sg|fem	0	5	_	NK	_	_
5	Übernahme	_	Übernahme	_	NN	_	nom|sg|fem	0	3	_	SB	_	_
6	in	_	in	_	APPR	_	_	0	9	_	MO	_	_
7	Vollzeit	_	Vollzeit	_	NN	_	dat|sg|fem	0	6	_	NK	_	_
8	sozialversicherungspflichtig	_	sozialversicherungspflichtig	_	ADJD	_	pos	0	9	_	MO	_	_
9	geplant	_	planen	_	VVPP	_	_	0	3	_	PD	_	_
10	.	_	--	_	$.	_	_	0	9	_	--	_	_

1	Sie	_	sie	_	PPER	_	nom|pl|*|3	0	2	_	SB	_	_
2	sollten	_	sollen	_	VMFIN	_	pl|3|past|ind	0	0	_	--	_	_
3	Berufserfahrung	_	Berufserfahrung	_	NN	_	acc|sg|fem	0	4	_	OA	_	_
4	mitbringen	_	mitbringen	_	VVINF	_	_	0	2	_	OC	_	_
5	.	_	--	_	$.	_	_	0	4	_	--	_	_

1	Erforderlich	_	erforderlich	_	ADJD	_	pos	0	2	_	PD	_	_
2	ist	_	sein	_	VAFIN	_	sg|3|pres|ind	0	0	_	--	_	_
3	eine	_	ein	_	ART	_	nom|sg|fem	0	5	_	NK	_	_
4	abgeschlossene	_	abgeschlossen	_	ADJA	_	nom|sg|fem|pos	0	5	_	NK	_	_
5	Berufsausbildung	_	Berufsausbildung	_	NN	_	nom|sg|fem	0	2	_	SB	_	_
6	als	_	als	_	APPR	_	_	0	2	_	MO	_	_
7	staatl	_	staatl	_	ADJD	_	nom|sg|*	0	6	_	NK	_	_
8	.	_	--	_	$.	_	_	0	7	_	--	_	_

1	anerkannte	_	anerkannt	_	ADJA	_	nom|sg|masc|pos	0	2	_	NK	_	_
2	Erzieher_in	_	Erzieher_in	_	NN	_	nom|sg|masc	0	0	_	--	_	_
3	,	_	--	_	$,	_	_	0	2	_	--	_	_
4	kirchlich	_	kirchlich	_	ADJD	_	pos	0	5	_	MO	_	_
5	anerkannnte_r	_	anerkannnte_r	_	ADJA	_	pos	0	6	_	NK	_	_
6	Heimerzieher_in	_	Heimerzieher_in	_	NN	_	_	0	2	_	CJ	_	_
7	,	_	--	_	$,	_	_	0	6	_	--	_	_
8	Heilpädagoge_Heilpädagogin	_	Heilpädagoge_Heilpädagogin	_	NN	_	_	0	6	_	CJ	_	_
9	oder	_	oder	_	KON	_	_	0	8	_	CD	_	_
10	Heilerzieher_in	_	Heilerzieher_in	_	NN	_	_	0	9	_	CJ	_	_
11	.	_	--	_	$.	_	_	0	10	_	--	_	_

1	Wir	_	wir	_	PPER	_	nom|pl|*|1	0	2	_	SB	_	_
2	suchen	_	suchen	_	VVFIN	_	pl|1|pres|ind	0	0	_	--	_	_
3	für	_	für	_	APPR	_	_	0	2	_	MO	_	_
4	unser	_	unser	_	PPOSAT	_	acc|sg|neut	0	5	_	NK	_	_
5	Unternehmen	_	Unternehmen	_	NN	_	acc|sg|neut	0	3	_	NK	_	_
6	in	_	in	_	APPR	_	_	0	5	_	MNR	_	_
7	___	_	___	_	NE	_	_	0	6	_	NK	_	_
8	,	_	--	_	$,	_	_	0	7	_	--	_	_
9	zum	_	zu	_	APPRART	_	dat|sg|masc	0	2	_	MO	_	_
10	nächstmöglichen	_	nächstmöglich	_	ADJA	_	dat|sg|masc|pos	0	11	_	NK	_	_
11	Eintritt	_	Eintritt	_	NN	_	dat|sg|masc	0	9	_	NK	_	_
12	,	_	--	_	$,	_	_	0	11	_	--	_	_
13	1	_	1	_	CARD	_	_	0	14	_	NK	_	_
14	Fahrzeuglackierer_in	_	Fahrzeuglackierer_in	_	NN	_	_	0	11	_	CJ	_	_
15	oder	_	oder	_	KON	_	_	0	14	_	CD	_	_
16	Kraftfahrzeugmechatroniker_in	_	Kraftfahrzeugmechatroniker_in	_	NN	_	dat|sg|neut	0	15	_	CJ	_	_
17	mit	_	mit	_	APPR	_	_	0	16	_	MNR	_	_
18	entsprechenden	_	entsprechend	_	ADJA	_	dat|pl|fem|pos	0	19	_	NK	_	_
19	Lackierkenntnissen	_	Lackierkenntnissen	_	NN	_	dat|pl|fem	0	17	_	NK	_	_
20	.	_	--	_	$.	_	_	0	19	_	--	_	_

1	Eine	_	ein	_	ART	_	nom|sg|fem	0	3	_	NK	_	_
2	abgeschlossen	_	abschließen	_	ADJA	_	_	0	3	_	NK	_	_
3	Ausbildung	_	Ausbildung	_	NN	_	nom|sg|fem	0	7	_	SB	_	_
4	in	_	in	_	APPR	_	_	0	3	_	MNR	_	_
5	diesem	_	dieser	_	PDAT	_	dat|sg|masc	0	6	_	NK	_	_
6	Bereich	_	Bereich	_	NN	_	dat|sg|masc	0	4	_	NK	_	_
7	ist	_	sein	_	VAFIN	_	sg|3|pres|ind	0	0	_	--	_	_
8	wünschenswert	_	wünschenswert	_	ADJD	_	pos	0	7	_	PD	_	_
9	,	_	--	_	$,	_	_	0	8	_	--	_	_
10	jedoch	_	jedoch	_	ADV	_	_	0	12	_	MO	_	_
11	nicht	_	nicht	_	PTKNEG	_	_	0	12	_	NG	_	_
12	Bedingung	_	Bedingung	_	NN	_	nom|sg|fem	0	7	_	CJ	_	_
13	.	_	--	_	$.	_	_	0	12	_	--	_	_

1	Einsatz	_	Einsatz	_	NN	_	acc|sg|masc	0	2	_	SB	_	_
2	erfolgt	_	erfolgen	_	VVFIN	_	sg|3|pres|ind	0	0	_	--	_	_
3	in	_	in	_	APPR	_	_	0	2	_	MO	_	_
4	der	_	der	_	ART	_	dat|sg|fem	0	5	_	NK	_	_
5	Fahrzeuglackierung	_	Fahrzeuglackierung	_	NN	_	dat|sg|fem	0	3	_	NK	_	_
6	.	_	--	_	$.	_	_	0	5	_	--	_	_

1	Voraussetzung	_	Voraussetzung	_	NN	_	nom|sg|fem	0	0	_	--	_	_
2	:	_	--	_	$.	_	_	0	1	_	--	_	_
3	-	_	--	_	$(	_	_	0	2	_	--	_	_
4	abgeschlossene	_	abgeschlossen	_	ADJA	_	acc|sg|fem|pos	0	5	_	NK	_	_
5	Ausbildung	_	Ausbildung	_	NN	_	acc|sg|fem	0	9	_	OA	_	_
6	zum_zur	_	zum_zur	_	APPRART	_	_	0	5	_	MNR	_	_
7	Zimmerer_Zimmerin	_	Zimmerer_Zimmerin	_	NN	_	_	0	6	_	NK	_	_
8	-	_	--	_	$(	_	_	0	7	_	--	_	_
9	zuverlässig	_	zuverlässig	_	ADJD	_	pos	0	1	_	PAR	_	_
10	,	_	--	_	$,	_	_	0	9	_	--	_	_
11	flexibel	_	flexibel	_	ADJD	_	pos	0	9	_	CJ	_	_
12	,	_	--	_	$,	_	_	0	11	_	--	_	_
13	motiviert	_	motivieren	_	VVPP	_	_	0	11	_	CJ	_	_
14	-	_	--	_	$(	_	_	0	13	_	--	_	_
15	Führerschein	_	Führerschein	_	NN	_	_	0	13	_	OA	_	_
16	und	_	und	_	KON	_	_	0	15	_	CD	_	_
17	Fahrzeug	_	Fahrzeug	_	NN	_	dat|sg|neut	0	16	_	CJ	_	_
18	zum	_	zu	_	APPRART	_	dat|sg|neut	0	15	_	MNR	_	_
19	Erreichen	_	erreichen	_	NN	_	dat|sg|neut	0	18	_	NK	_	_
20	des	_	der	_	ART	_	gen|sg|neut	0	21	_	NK	_	_
21	Arbeitsortes	_	Arbeitsort	_	NN	_	gen|sg|neut	0	19	_	AG	_	_
22	erforderlich	_	erforderlich	_	ADJD	_	pos	0	1	_	PD	_	_

1	Aufgeschlossenes	_	aufgeschlossen	_	ADJA	_	nom|sg|neut|pos	0	4	_	NK	_	_
2	und	_	und	_	KON	_	_	0	1	_	CD	_	_
3	besucherfreundliches	_	besucherfreundlich	_	ADJA	_	acc|sg|neut|pos	0	2	_	CJ	_	_
4	Auftreten	_	auftreten	_	NN	_	acc|sg|neut	0	5	_	OA	_	_
5	setzen	_	setzen	_	VVFIN	_	pl|1|pres|ind	0	0	_	--	_	_
6	wir	_	wir	_	PPER	_	nom|pl|*|1	0	5	_	SB	_	_
7	voraus	_	voraus	_	PTKVZ	_	_	0	5	_	SVP	_	_
8	.	_	--	_	$.	_	_	0	7	_	--	_	_

1	Sie	_	sie	_	PPER	_	nom|pl|*|3	0	2	_	SB	_	_
2	sollten	_	sollen	_	VMFIN	_	pl|3|past|ind	0	0	_	--	_	_
3	bereits	_	bereits	_	ADV	_	_	0	2	_	MO	_	_
4	über	_	über	_	APPR	_	_	0	10	_	OP	_	_
5	erste	_	erster	_	ADJA	_	_	0	6	_	NK	_	_
6	Berufserfahrung	_	Berufserfahrung	_	NN	_	pos	0	4	_	NK	_	_
7	im	_	in	_	APPRART	_	dat|sg|neut	0	6	_	MNR	_	_
8	gastronomischen	_	gastronomisch	_	ADJA	_	dat|sg|neut|pos	0	9	_	NK	_	_
9	Bereich	_	Bereich	_	NN	_	dat|sg|neut	0	7	_	NK	_	_
10	verfügen	_	verfügen	_	VVFIN	_	_	0	2	_	OC	_	_
11	.	_	--	_	$.	_	_	0	10	_	--	_	_

1	Der	_	der	_	ART	_	nom|sg|masc	0	2	_	NK	_	_
2	Gesundheitspass	_	Gesundheitspass	_	NN	_	nom|sg|masc	0	3	_	SB	_	_
3	ist	_	sein	_	VAFIN	_	sg|3|pres|ind	0	0	_	--	_	_
4	zwingend	_	zwingend	_	ADJD	_	pos	0	5	_	MO	_	_
5	erforderlich	_	erforderlich	_	ADJD	_	pos	0	3	_	PD	_	_
6	.	_	--	_	$.	_	_	0	5	_	--	_	_

1	Eine	_	ein	_	ART	_	nom|sg|fem	0	2	_	NK	_	_
2	Ausbildung	_	Ausbildung	_	NN	_	nom|sg|fem	0	3	_	SB	_	_
3	ist	_	sein	_	VAFIN	_	sg|3|pres|ind	0	0	_	--	_	_
4	nicht	_	nicht	_	PTKNEG	_	_	0	3	_	NG	_	_
5	erforderlich	_	erforderlich	_	ADJD	_	pos	0	3	_	PD	_	_
6	,	_	--	_	$,	_	_	0	5	_	--	_	_
7	alle	_	aller	_	PIAT	_	nom|pl|*	0	8	_	NK	_	_
8	Tätigkeiten	_	Tätigkeit	_	NN	_	dat|pl|fem	0	9	_	SB	_	_
9	unterliegen	_	unterliegen	_	VVFIN	_	pl|3|pres|ind	0	3	_	CJ	_	_
10	Standards	_	Standard	_	NN	_	nom|pl|masc	0	9	_	OA	_	_
11	und	_	und	_	KON	_	_	0	9	_	CD	_	_
12	können	_	können	_	VMFIN	_	pl|3|pres|ind	0	11	_	CJ	_	_
13	leicht	_	leicht	_	ADJD	_	pos	0	14	_	MO	_	_
14	erlernt	_	erlernen	_	VVPP	_	_	0	15	_	OC	_	_
15	werden	_	werden	_	VAINF	_	_	0	12	_	OC	_	_
16	.	_	--	_	$.	_	_	0	15	_	--	_	_

1	Sie	_	sie	_	PPER	_	nom|pl|*|3	0	2	_	SB	_	_
2	werden	_	werden	_	VAFIN	_	pl|3|pres|ind	0	0	_	--	_	_
3	bei	_	bei	_	APPR	_	_	0	6	_	MO	_	_
4	uns	_	uns	_	PPER	_	dat|pl|*|1	0	3	_	NK	_	_
5	Pizza	_	Pizza	_	NE	_	_	0	6	_	OA	_	_
6	belegen	_	belegen	_	VVINF	_	_	0	2	_	OC	_	_
7	,	_	--	_	$,	_	_	0	6	_	--	_	_
8	Salate	_	Salate	_	NN	_	acc|pl|neut	0	9	_	OA	_	_
9	zubereiten	_	zubereiten	_	VVINF	_	_	0	6	_	CJ	_	_
10	,	_	--	_	$,	_	_	0	9	_	--	_	_
11	Reinigen	_	reinige	_	NN	_	acc|pl|fem	0	16	_	OA	_	_
12	und	_	und	_	KON	_	_	0	11	_	CD	_	_
13	gelegntlich	_	gelegntlich	_	ADJD	_	pos	0	16	_	MO	_	_
14	auch	_	auch	_	ADV	_	_	0	15	_	MO	_	_
15	Pizza	_	Pizza	_	NE	_	pos	0	12	_	CJ	_	_
16	ausfahren	_	ausfahren	_	VVINF	_	_	0	9	_	CJ	_	_
17	.	_	--	_	$.	_	_	0	16	_	--	_	_

1	Der	_	der	_	ART	_	nom|sg|masc	0	2	_	NK	_	_
2	Führerschein	_	Führerschein	_	NN	_	nom|sg|masc	0	0	_	--	_	_
3	B	_	B	_	NN	_	_	0	2	_	NK	_	_
4	(	_	--	_	$(	_	_	0	3	_	--	_	_
5	alt	_	alt	_	ADJD	_	pos	0	6	_	MO	_	_
6	Kl	_	Kl	_	NE	_	nom|sg|*	0	2	_	APP	_	_
7	.	_	--	_	$.	_	_	0	6	_	--	_	_

1	3	_	3	_	CARD	_	_	0	3	_	SB	_	_
2	)	_	--	_	$(	_	_	0	1	_	--	_	_
3	ist	_	sein	_	VAFIN	_	sg|3|pres|ind	0	0	_	--	_	_
4	erforderlich	_	erforderlich	_	ADJD	_	pos	0	3	_	PD	_	_
5	.	_	--	_	$.	_	_	0	4	_	--	_	_

1	Wir	_	wir	_	PPER	_	nom|pl|*|1	0	2	_	SB	_	_
2	setzen	_	setzen	_	VVFIN	_	pl|1|pres|ind	0	0	_	--	_	_
3	den	_	der	_	ART	_	acc|sg|masc	0	4	_	NK	_	_
4	Besitz	_	Besitz	_	NN	_	acc|sg|masc	0	2	_	OA	_	_
5	des	_	der	_	ART	_	gen|sg|masc	0	6	_	NK	_	_
6	Führerscheins	_	Führerschein	_	NN	_	gen|sg|masc	0	4	_	AG	_	_
7	der	_	der	_	ART	_	nom|sg|masc	0	8	_	NK	_	_
8	Klasse	_	Klasse	_	NN	_	nom|sg|masc	0	6	_	SB	_	_
9	CE	_	CE	_	NE	_	acc|sg|neut|3	0	8	_	NK	_	_
10	zwingend	_	zwingend	_	ADJD	_	pos	0	2	_	MO	_	_
11	voraus	_	voraus	_	PTKVZ	_	_	0	2	_	SVP	_	_
12	.	_	--	_	$.	_	_	0	11	_	--	_	_

1	Sollten	_	sollen	_	VMFIN	_	pl|3|past|ind	0	6	_	RE	_	_
2	Sie	_	sie	_	PPER	_	nom|pl|*|3	0	1	_	SB	_	_
3	Berufseinsteiger	_	Berufseinsteiger	_	NN	_	nom|pl|masc	0	4	_	PD	_	_
4	sein	_	sein	_	VAINF	_	_	0	1	_	OC	_	_
5	,	_	--	_	$,	_	_	0	4	_	--	_	_
6	so	_	so	_	ADV	_	_	0	7	_	MO	_	_
7	lernen	_	lernen	_	VVFIN	_	pl|1|pres|ind	0	0	_	--	_	_
8	wir	_	wir	_	PPER	_	nom|pl|*|1	0	7	_	SB	_	_
9	Sie	_	sie	_	PPER	_	nom|sg|fem|3	0	7	_	SB	_	_
10	gerne	_	gerne	_	ADV	_	_	0	7	_	MO	_	_
11	an	_	an	_	PTKVZ	_	_	0	7	_	SVP	_	_
12	.	_	--	_	$.	_	_	0	11	_	--	_	_

1	Zuverlässigkeit	_	Zuverlässigkeit	_	NN	_	nom|sg|fem	0	2	_	SB	_	_
2	ist	_	sein	_	VAFIN	_	sg|3|pres|ind	0	0	_	--	_	_
3	zwingend	_	zwingend	_	ADJD	_	pos	0	4	_	MO	_	_
4	erforderlich	_	erforderlich	_	ADJD	_	pos	0	2	_	PD	_	_
5	.	_	--	_	$.	_	_	0	4	_	--	_	_

1	Sie	_	sie	_	PPER	_	nom|pl|*|3	0	2	_	SB	_	_
2	verfügen	_	verfügen	_	VVFIN	_	pl|3|pres|ind	0	0	_	--	_	_
3	über	_	über	_	APPR	_	_	0	2	_	OP	_	_
4	eine	_	ein	_	ART	_	acc|sg|fem	0	6	_	NK	_	_
5	ausgeprägte	_	ausgeprägt	_	ADJA	_	acc|sg|fem|pos	0	6	_	NK	_	_
6	Kundenorientierung	_	Kundenorientierung	_	NN	_	acc|sg|fem	0	3	_	NK	_	_
7	,	_	--	_	$,	_	_	0	6	_	--	_	_
8	sind	_	sein	_	VAFIN	_	pl|3|pres|ind	0	2	_	CJ	_	_
9	flexibel	_	flexibel	_	ADJD	_	pos	0	8	_	PD	_	_
10	und	_	und	_	KON	_	_	0	8	_	CD	_	_
11	bringen	_	bringen	_	VVFIN	_	_	0	10	_	CJ	_	_
12	idealerweise	_	idealerweise	_	ADV	_	sg|3|pres|subj	0	11	_	MO	_	_
13	bereits	_	bereits	_	ADV	_	_	0	11	_	MO	_	_
14	erste	_	erster	_	ADJA	_	acc|pl|fem|pos	0	15	_	NK	_	_
15	Erfahrungen	_	Erfahrung	_	NN	_	acc|pl|fem	0	11	_	OA	_	_
16	im	_	in	_	APPRART	_	dat|sg|masc	0	15	_	MNR	_	_
17	Einzelhandel	_	Einzelhandel	_	NN	_	dat|sg|masc	0	16	_	NK	_	_
18	mit	_	mit	_	PTKVZ	_	_	0	11	_	SVP	_	_
19	.	_	--	_	$.	_	_	0	18	_	--	_	_

1	Mit	_	mit	_	APPR	_	_	0	7	_	MO	_	_
2	Ihrem	_	ihr	_	PPOSAT	_	dat|sg|neut	0	6	_	NK	_	_
3	freundlichen	_	freundlich	_	ADJA	_	_	0	6	_	NK	_	_
4	und	_	und	_	KON	_	_	0	3	_	CD	_	_
5	sicheren	_	sicher	_	ADJA	_	dat|pl|masc|comp	0	4	_	CJ	_	_
6	Auftreten	_	auftreten	_	NN	_	dat|pl|fem|pos	0	1	_	NK	_	_
7	überzeugen	_	überzeugen	_	VVFIN	_	pl|3|pres|ind	0	0	_	--	_	_
8	Sie	_	sie	_	PPER	_	nom|pl|*|3	0	7	_	SB	_	_
9	bei	_	bei	_	APPR	_	_	0	7	_	MO	_	_
10	unseren	_	unser	_	PPOSAT	_	_	0	14	_	NK	_	_
11	großen	_	groß	_	ADJA	_	_	0	14	_	NK	_	_
12	und	_	und	_	KON	_	_	0	11	_	CD	_	_
13	kleinen	_	klein	_	ADJA	_	dat|pl|masc|pos	0	12	_	CJ	_	_
14	Kunden	_	Kunde	_	NN	_	dat|pl|masc	0	9	_	NK	_	_
15	.	_	--	_	$.	_	_	0	14	_	--	_	_

1	Zudem	_	zudem	_	PROAV	_	_	0	2	_	MO	_	_
2	sind	_	sein	_	VAFIN	_	pl|3|pres|ind	0	0	_	--	_	_
3	Sie	_	sie	_	PPER	_	nom|pl|*|3	0	2	_	SB	_	_
4	absolut	_	absolut	_	ADJD	_	pos	0	5	_	MO	_	_
5	zuverlässig	_	zuverlässig	_	ADJD	_	pos	0	2	_	PD	_	_
6	,	_	--	_	$,	_	_	0	5	_	--	_	_
7	belastbar	_	belastbar	_	ADJD	_	pos	0	5	_	CJ	_	_
8	,	_	--	_	$,	_	_	0	7	_	--	_	_
9	arbeiten	_	arbeiten	_	VVFIN	_	pl|3|pres|ind	0	7	_	CJ	_	_
10	selbstständig	_	selbstständig	_	ADJD	_	pos	0	7	_	CJ	_	_
11	und	_	und	_	KON	_	_	0	2	_	CD	_	_
12	behalten	_	behalten	_	VVFIN	_	pl|3|pres|ind	0	11	_	CJ	_	_
13	auch	_	auch	_	ADV	_	_	0	14	_	MO	_	_
14	in	_	in	_	APPR	_	_	0	12	_	MO	_	_
15	Stresssituationen	_	Stresssituation	_	NN	_	dat|pl|fem	0	14	_	NK	_	_
16	den	_	der	_	ART	_	dat|pl|fem	0	17	_	NK	_	_
17	Überblick	_	Überblick	_	NN	_	dat|pl|fem|pos	0	12	_	DA	_	_
18	.	_	--	_	$.	_	_	0	17	_	--	_	_

1	Folgende	_	folgend	_	ADJA	_	nom|pl|fem|pos	0	2	_	NK	_	_
2	Voraussetzungen	_	Voraussetzung	_	NN	_	nom|pl|fem	0	5	_	OA	_	_
3	sollten	_	sollen	_	VMFIN	_	pl|3|past|ind	0	0	_	--	_	_
4	Sie	_	sie	_	PPER	_	nom|pl|*|3	0	3	_	SB	_	_
5	mitbringen	_	mitbringen	_	VVINF	_	_	0	3	_	OC	_	_
6	:	_	--	_	$.	_	_	0	5	_	--	_	_
7	-	_	--	_	$(	_	_	0	6	_	--	_	_
8	3-jährige	_	3-jährig	_	ADJA	_	nom|sg|fem|pos	0	9	_	NK	_	_
9	Ausbildung	_	Ausbildung	_	NN	_	nom|sg|fem	0	3	_	PAR	_	_
10	zur_zum	_	zur_zum	_	APPRART	_	_	0	9	_	MNR	_	_
11	Krankenschwester_-pfleger	_	Krankenschwester_-pfleger	_	NN	_	*|*|*|pos	0	10	_	NK	_	_
12	;	_	--	_	$.	_	_	0	11	_	--	_	_
13	Medizinische(r	_	Medizinische(r	_	NN	_	nom|pl|neut	0	9	_	APP	_	_
14	)	_	--	_	$(	_	_	0	13	_	--	_	_
15	m	_	m	_	ADJA	_	_	0	16	_	NK	_	_
16	Fachangestellten	_	Fachangestellt	_	NN	_	dat|pl|*	0	9	_	CJ	_	_
17	(	_	--	_	$(	_	_	0	16	_	--	_	_
18	Arzthelfer_in	_	Arzthelfer_in	_	NN	_	dat|sg|*	0	16	_	PAR	_	_
19	)	_	--	_	$(	_	_	0	18	_	--	_	_
20	oder	_	oder	_	KON	_	_	0	16	_	CD	_	_
21	Altenpfleger_in	_	Altenpfleger_in	_	NN	_	_	0	20	_	CJ	_	_
22	-	_	--	_	$(	_	_	0	21	_	--	_	_
23	eine	_	ein	_	ART	_	acc|sg|fem	0	25	_	NK	_	_
24	positive	_	positiv	_	ADJA	_	acc|sg|fem|pos	0	25	_	NK	_	_
25	Einstellung	_	Einstellung	_	NN	_	acc|sg|fem	0	16	_	PAR	_	_
26	zur	_	zu	_	APPRART	_	dat|sg|fem	0	25	_	MNR	_	_
27	Pflege	_	Pflege	_	NN	_	dat|sg|fem	0	26	_	NK	_	_
28	-	_	--	_	$(	_	_	0	27	_	--	_	_
29	alleinverantwortliches	_	alleinverantwortlich	_	ADJA	_	acc|sg|neut|pos	0	30	_	NK	_	_
30	Arbeiten	_	Arbeit	_	NN	_	acc|sg|neut	0	25	_	CJ	_	_
31	-	_	--	_	$(	_	_	0	30	_	--	_	_
32	Teamarbeit_Teamfähigkeit	_	Teamarbeit_Teamfähigkeit	_	NN	_	_	0	30	_	APP	_	_
33	-	_	--	_	$(	_	_	0	32	_	--	_	_
34	ein	_	ein	_	ART	_	acc|sg|neut	0	38	_	NK	_	_
35	zugewandtes	_	zugewandt	_	ADJA	_	acc|sg|neut|pos	0	38	_	NK	_	_
36	,	_	--	_	$,	_	_	0	35	_	--	_	_
37	freundliches	_	freundlich	_	ADJA	_	acc|sg|neut|pos	0	35	_	CJ	_	_
38	Wesen	_	Wesen	_	NN	_	acc|sg|neut	0	30	_	CJ	_	_
39	-	_	--	_	$(	_	_	0	38	_	--	_	_
40	eine	_	ein	_	ART	_	acc|sg|fem	0	42	_	NK	_	_
41	sympathische	_	sympathisch	_	ADJA	_	acc|sg|fem|pos	0	42	_	NK	_	_
42	Erscheinung	_	Erscheinung	_	NN	_	acc|sg|fem	0	38	_	CJ	_	_

1	Ihr	_	ihr	_	PPOSAT	_	nom|pl|*|2	0	2	_	NK	_	_
2	Profil	_	Profil	_	NN	_	nom|sg|*	0	0	_	--	_	_
3	:	_	--	_	$.	_	_	0	2	_	--	_	_
4	-	_	--	_	$(	_	_	0	3	_	--	_	_
5	Bauingenieur	_	Bauingenieur	_	NN	_	_	0	2	_	APP	_	_
6	_	_	--	_	XY	_	_	0	0	_	--	_	_
7	Architekt	_	Architekt	_	NN	_	_	0	5	_	UC	_	_
8	o	_	o	_	XY	_	_	0	0	_	--	_	_
9	.	_	--	_	$.	_	_	0	8	_	--	_	_
10	glw.	_	glw.	_	XY	_	_	0	0	_	--	_	_

1	Ausbildung	_	Ausbildung	_	NN	_	nom|sg|fem	0	0	_	--	_	_
2	mit	_	mit	_	APPR	_	_	0	1	_	MNR	_	_
3	betriebswirtschaftlichem	_	betriebswirtschaftlich	_	ADJA	_	dat|sg|masc|pos	0	4	_	NK	_	_
4	Hintergrund	_	Hintergrund	_	NN	_	dat|sg|masc	0	2	_	NK	_	_
5	-	_	--	_	$(	_	_	0	4	_	--	_	_
6	Mehrjährige	_	mehrjährige	_	ADJA	_	nom|sg|fem|pos	0	7	_	NK	_	_
7	Berufserfahrung	_	Berufserfahrung	_	NN	_	nom|sg|fem	0	1	_	PAR	_	_
8	in	_	in	_	APPR	_	_	0	7	_	MNR	_	_
9	der	_	der	_	ART	_	dat|sg|fem	0	10	_	NK	_	_
10	Führung	_	Führung	_	NN	_	dat|sg|fem	0	8	_	NK	_	_
11	anspruchsvoller	_	anspruchsvoll	_	ADJA	_	gen|pl|masc|pos	0	13	_	NK	_	_
12	schlüsselfertiger	_	schlüsselfertig	_	ADJA	_	gen|pl|fem|pos	0	13	_	NK	_	_
13	Großbauvorhaben	_	Großbauvorhaben	_	NN	_	gen|pl|fem	0	10	_	AG	_	_
14	bei	_	bei	_	APPR	_	_	0	13	_	MNR	_	_
15	einer	_	ein	_	ART	_	dat|sg|fem	0	16	_	NK	_	_
16	Bauunternehmung	_	Bauunternehmung	_	NN	_	dat|sg|fem	0	14	_	NK	_	_
17	oder	_	oder	_	KON	_	_	0	16	_	CD	_	_
18	einem	_	ein	_	ART	_	dat|sg|neut	0	19	_	NK	_	_
19	Bauträger	_	Bauträger	_	NN	_	dat|sg|neut	0	17	_	CJ	_	_
20	-	_	--	_	$(	_	_	0	19	_	--	_	_
21	Ausgeprägtes	_	ausgeprägt	_	ADJA	_	gen|sg|neut	0	24	_	NK	_	_
22	Kosten-	_	Koste	_	TRUNC	_	_	0	23	_	CJ	_	_
23	und	_	und	_	KON	_	_	0	24	_	CD	_	_
24	Qualitätsbewusstsein	_	Qualitätsbewusstsein	_	NN	_	nom|sg|neut	0	16	_	AG	_	_
25	-	_	--	_	$(	_	_	0	24	_	--	_	_
26	Fundierte	_	fundiert	_	NN	_	nom|sg|neut	0	24	_	CJ	_	_
27	,	_	--	_	$,	_	_	0	26	_	--	_	_
28	praxisgestützte	_	praxisgestützt	_	ADJA	_	nom|sg|fem|pos	0	29	_	NK	_	_
29	Projektmanagementerfahrung	_	Projektmanagementerfahrung	_	NN	_	nom|sg|fem	0	26	_	CJ	_	_
30	-	_	--	_	$(	_	_	0	29	_	--	_	_
31	Analytische	_	analytisch	_	ADJA	_	nom|pl|fem|pos	0	34	_	NK	_	_
32	und	_	und	_	KON	_	_	0	31	_	CD	_	_
33	konzeptionelle	_	konzeptionell	_	ADJA	_	nom|pl|fem|pos	0	32	_	CJ	_	_
34	Fähigkeiten	_	Fähigkeit	_	NN	_	nom|pl|fem	0	29	_	CJ	_	_
35	-	_	--	_	$(	_	_	0	34	_	--	_	_
36	Überzeugungsstark	_	Überzeugungsstark	_	NN	_	nom|sg|masc	0	34	_	CJ	_	_
37	und	_	und	_	KON	_	_	0	36	_	CD	_	_
38	teamorientiert	_	teamorientieren	_	VVPP	_	_	0	37	_	CJ	_	_
39	-	_	--	_	$(	_	_	0	38	_	--	_	_
40	Durchsetzungsvermögen	_	Durchsetzungsvermögen	_	NN	_	dat|pl|neut	0	36	_	CJ	_	_
41	und	_	und	_	KON	_	_	0	40	_	CD	_	_
42	Organisationstalent	_	Organisationstalent	_	NN	_	pos	0	41	_	CJ	_	_
43	-	_	--	_	$(	_	_	0	42	_	--	_	_
44	Selbständiges	_	Selbständig	_	NN	_	acc|sg|neut|pos	0	36	_	CJ	_	_
45	und	_	und	_	KON	_	_	0	44	_	CD	_	_
46	zielstrebiges	_	zielstrebig	_	ADJA	_	acc|sg|neut|pos	0	47	_	NK	_	_
47	Arbeiten	_	Arbeit	_	NN	_	acc|sg|neut	0	45	_	CJ	_	_
48	unter	_	unter	_	APPR	_	_	0	47	_	MNR	_	_
49	hoher	_	hoch	_	ADJA	_	dat|sg|fem|pos	0	50	_	NK	_	_
50	Belastung	_	Belastung	_	NN	_	dat|sg|fem	0	48	_	NK	_	_
51	-	_	--	_	$(	_	_	0	50	_	--	_	_
52	Fundierte	_	fundiert	_	ADJA	_	acc|pl|neut|pos	0	53	_	NK	_	_
53	Kenntnisse	_	Kenntnis	_	NN	_	acc|pl|neut	0	56	_	OA	_	_
54	in	_	in	_	APPR	_	_	0	53	_	MNR	_	_
55	MS-Office-Anwendungen	_	MS-Office-Anwendung	_	NN	_	acc|pl|fem	0	54	_	NK	_	_
56	inkl	_	inkl	_	PTKVZ	_	_	0	47	_	RC	_	_
57	.	_	--	_	$.	_	_	0	56	_	--	_	_

1	MS	_	MS	_	APPR	_	*|*|*	0	0	_	--	_	_
2	Projekt	_	Projekt	_	NN	_	nom|sg|neut	0	1	_	NK	_	_
3	,	_	--	_	$,	_	_	0	2	_	--	_	_
4	sowie	_	sowie	_	KON	_	_	0	2	_	CD	_	_
5	rechtssicheres	_	rechtssicher	_	ADJA	_	acc|sg|neut	0	6	_	NK	_	_
6	Handeln	_	handeln	_	NN	_	acc|sg|neut	0	4	_	CJ	_	_
7	nach	_	nach	_	APPR	_	_	0	6	_	MNR	_	_
8	VOB	_	VOB	_	NE	_	dat|sg|neut	0	7	_	NK	_	_
9	,	_	--	_	$,	_	_	0	8	_	--	_	_
10	BGB	_	BGB	_	NE	_	dat|sg|neut	0	8	_	CJ	_	_
11	und	_	und	_	KON	_	_	0	10	_	CD	_	_
12	MaBV.	_	MaBV.	_	NE	_	dat|sg|neut	0	11	_	CJ	_	_

1	Ihr	_	ihr	_	PPOSAT	_	nom|pl|*|2	0	2	_	NK	_	_
2	Profil	_	Profil	_	NN	_	nom|sg|*	0	27	_	PD	_	_
3	:	_	--	_	$.	_	_	0	2	_	--	_	_
4	-	_	--	_	$(	_	_	0	3	_	--	_	_
5	Abgeschlossene	_	abgeschlossen	_	ADJA	_	nom|sg|fem	0	6	_	NK	_	_
6	Ausbildung	_	Ausbildung	_	NN	_	nom|sg|fem	0	27	_	SB	_	_
7	-	_	--	_	$(	_	_	0	6	_	--	_	_
8	Gute	_	gute	_	ADJA	_	nom|sg|fem	0	10	_	NK	_	_
9	allgemeine	_	allgemein	_	ADJA	_	nom|sg|fem|pos	0	10	_	NK	_	_
10	EDV-Kenntnisse	_	EDV-Kenntnis	_	NN	_	nom|sg|fem	0	6	_	CJ	_	_
11	-	_	--	_	$(	_	_	0	10	_	--	_	_
12	Eine	_	ein	_	ART	_	nom|sg|fem	0	14	_	NK	_	_
13	schnelle	_	schnell	_	ADJA	_	nom|sg|fem|pos	0	14	_	NK	_	_
14	Auffassungsgabe	_	Auffassungsgabe	_	NN	_	nom|sg|fem	0	10	_	APP	_	_
15	,	_	--	_	$,	_	_	0	14	_	--	_	_
16	Teamfähigkeit	_	Teamfähigkeit	_	NN	_	nom|sg|fem	0	14	_	CJ	_	_
17	,	_	--	_	$,	_	_	0	16	_	--	_	_
18	Freude	_	Freude	_	NN	_	nom|sg|fem	0	16	_	CJ	_	_
19	am	_	an	_	APPRART	_	dat|sg|masc	0	18	_	MNR	_	_
20	Umgang	_	Umgang	_	NN	_	dat|sg|masc	0	19	_	NK	_	_
21	mit	_	mit	_	APPR	_	_	0	20	_	OP	_	_
22	Menschen	_	Mensch	_	NN	_	dat|pl|masc	0	21	_	NK	_	_
23	,	_	--	_	$,	_	_	0	22	_	--	_	_
24	Freundlichkeit	_	Freundlichkeit	_	NN	_	dat|sg|fem	0	18	_	CJ	_	_
25	und	_	und	_	KON	_	_	0	24	_	CD	_	_
26	Flexibilität	_	Flexibilität	_	NN	_	dat|sg|fem	0	25	_	CJ	_	_
27	runden	_	rund	_	VVFIN	_	pl|3|pres|ind	0	0	_	--	_	_
28	Ihr	_	ihr	_	PPOSAT	_	nom|pl|*|2	0	29	_	NK	_	_
29	Profil	_	Profil	_	NN	_	acc|sg|neut	0	27	_	OA	_	_
30	ab	_	ab	_	PTKVZ	_	_	0	27	_	SVP	_	_

1	Eine	_	ein	_	ART	_	nom|sg|fem	0	3	_	NK	_	_
2	abgeschlossene	_	abgeschlossen	_	ADJA	_	nom|sg|fem|pos	0	3	_	NK	_	_
3	Berufsausbildung	_	Berufsausbildung	_	NN	_	nom|sg|fem	0	7	_	SB	_	_
4	zur_m	_	zur_m	_	APPR	_	_	0	3	_	MNR	_	_
5	Medizinischen	_	medizinisch	_	ADJA	_	dat|pl|*	0	6	_	NK	_	_
6	Fachangestellten	_	Fachangestellt	_	NN	_	dat|pl|*	0	4	_	NK	_	_
7	wird	_	werden	_	VAFIN	_	sg|3|pres|ind	0	0	_	--	_	_
8	vorausgesetzt	_	voraussetzen	_	VVPP	_	_	0	7	_	OC	_	_
9	.	_	--	_	$.	_	_	0	8	_	--	_	_

1	Röntgenschein	_	Röntgenschein	_	NE	_	nom|sg|masc	0	2	_	SB	_	_
2	ist	_	sein	_	VAFIN	_	sg|3|pres|ind	0	0	_	--	_	_
3	zwingend	_	zwingend	_	ADJD	_	pos	0	4	_	MO	_	_
4	erforderlich	_	erforderlich	_	ADJD	_	pos	0	2	_	PD	_	_
5	.	_	--	_	$.	_	_	0	4	_	--	_	_

1	Erfahrung	_	Erfahrung	_	NN	_	nom|sg|fem	0	10	_	SB	_	_
2	in	_	in	_	APPR	_	_	0	1	_	MNR	_	_
3	einer	_	ein	_	ART	_	dat|sg|fem	0	9	_	NK	_	_
4	orthopädischen	_	orthopädisch	_	ADJA	_	dat|sg|fem|pos	0	9	_	NK	_	_
5	,	_	--	_	$,	_	_	0	4	_	--	_	_
6	chirurgischen	_	chirurgisch	_	ADJA	_	dat|sg|fem|pos	0	4	_	CJ	_	_
7	oder	_	oder	_	KON	_	_	0	6	_	CD	_	_
8	allgemeinärztlichen	_	allgemeinärztlich	_	ADJA	_	dat|sg|fem|pos	0	7	_	CJ	_	_
9	Praxis	_	Praxis	_	NN	_	dat|sg|fem	0	2	_	NK	_	_
10	sollte	_	sollen	_	VMFIN	_	sg|3|past|ind	0	0	_	--	_	_
11	vorhanden	_	vorhanden	_	ADJD	_	pos	0	12	_	PD	_	_
12	sein	_	sein	_	VAINF	_	_	0	10	_	OC	_	_
13	.	_	--	_	$.	_	_	0	12	_	--	_	_

1	Gute	_	gut	_	ADJA	_	nom|pl|neut	0	2	_	NK	_	_
2	EDV-Kenntnisse	_	EDV-Kenntnis	_	NN	_	nom|pl|neut	0	3	_	SB	_	_
3	werden	_	werden	_	VAFIN	_	pl|3|pres|ind	0	0	_	--	_	_
4	erwartet	_	erwarten	_	VVPP	_	_	0	3	_	OC	_	_
5	.	_	--	_	$.	_	_	0	4	_	--	_	_

1	Ihr	_	ihr	_	PPOSAT	_	nom|pl|*|2	0	2	_	NK	_	_
2	Profil	_	Profil	_	NN	_	nom|sg|*	0	0	_	--	_	_
3	:	_	--	_	$.	_	_	0	2	_	--	_	_
4	-	_	--	_	$(	_	_	0	3	_	--	_	_
5	Sie	_	sie	_	PPER	_	nom|pl|*|3	0	6	_	SB	_	_
6	haben	_	haben	_	VAFIN	_	pl|3|pres|ind	0	2	_	RS	_	_
7	eine	_	ein	_	ART	_	acc|sg|fem	0	9	_	NK	_	_
8	abgeschlossene	_	abgeschlossen	_	ADJA	_	acc|sg|fem|pos	0	9	_	NK	_	_
9	Ausbildung	_	Ausbildung	_	NN	_	acc|sg|fem	0	15	_	CJ	_	_
10	im	_	in	_	APPRART	_	dat|sg|neut	0	9	_	MNR	_	_
11	Gewerk	_	Gewerk	_	NN	_	dat|sg|neut	0	10	_	NK	_	_
12	Lüftung_Heizung	_	Lüftung_Heizung	_	NN	_	nom|sg|fem	0	11	_	NK	_	_
13	-	_	--	_	$(	_	_	0	12	_	--	_	_
14	Sie	_	sie	_	PPER	_	nom|pl|*|3	0	15	_	SB	_	_
15	verfügen	_	verfügen	_	VVFIN	_	pl|3|pres|ind	0	6	_	OC	_	_
16	über	_	über	_	APPR	_	_	0	15	_	OP	_	_
17	einschlägige	_	einschlägig	_	ADJA	_	nom|sg|fem|pos	0	18	_	NK	_	_
18	Berufserfahrung	_	Berufserfahrung	_	NN	_	nom|sg|fem	0	16	_	NK	_	_
19	im	_	in	_	APPRART	_	dat|sg|masc	0	18	_	MNR	_	_
20	Servicebereich	_	Servicebereich	_	NN	_	dat|sg|masc	0	19	_	NK	_	_
21	,	_	--	_	$,	_	_	0	20	_	--	_	_
22	gerne	_	gerne	_	ADV	_	_	0	27	_	MO	_	_
23	auch	_	auch	_	ADV	_	_	0	24	_	MO	_	_
24	gewerkeübergreifend	_	gewerkeübergreifend	_	ADJD	_	pos	0	27	_	PD	_	_
25	-	_	--	_	$(	_	_	0	24	_	--	_	_
26	Sie	_	sie	_	PPER	_	nom|pl|*|3